candidate,horizon,symbol,cutoff_at,matured_at,call,directional_correct,realised_return
ht2.vwap_reversion,1d,AAOI,2018-09-05 00:00:00+00:00,2018-09-06 00:00:00+00:00,0.0,,-0.058686082380531523
ht2.vwap_reversion,1w,AAOI,2018-09-05 00:00:00+00:00,2018-09-12 00:00:00+00:00,0.0,,-0.017226281827383616
ht2.vwap_reversion,5w,AAOI,2018-09-05 00:00:00+00:00,2018-10-10 00:00:00+00:00,0.0,,-0.3775182570854243
ht2.vwap_reversion,1d,AAOI,2018-10-10 00:00:00+00:00,2018-10-11 00:00:00+00:00,0.0,,0.032833056893025736
ht2.vwap_reversion,1w,AAOI,2018-10-10 00:00:00+00:00,2018-10-17 00:00:00+00:00,0.0,,0.08583489446063752
ht2.vwap_reversion,5w,AAOI,2018-10-10 00:00:00+00:00,2018-11-14 00:00:00+00:00,0.0,,-0.053001837567611565
ht2.vwap_reversion,1d,AAOI,2018-11-14 00:00:00+00:00,2018-11-15 00:00:00+00:00,0.0,,0.05695887013922518
ht2.vwap_reversion,1w,AAOI,2018-11-14 00:00:00+00:00,2018-11-21 00:00:00+00:00,0.0,,0.0034670476955234175
ht2.vwap_reversion,5w,AAOI,2018-11-14 00:00:00+00:00,2018-12-21 00:00:00+00:00,0.0,,-0.2803368326582667
ht2.vwap_reversion,1d,AAOI,2018-12-21 00:00:00+00:00,2018-12-24 00:00:00+00:00,0.0,,-0.047487927946589514
ht2.vwap_reversion,1w,AAOI,2018-12-21 00:00:00+00:00,2018-12-31 00:00:00+00:00,0.0,,0.061940852632111465
ht2.vwap_reversion,5w,AAOI,2018-12-21 00:00:00+00:00,2019-01-30 00:00:00+00:00,0.0,,0.19201651845333578
ht2.vwap_reversion,1d,AAOI,2019-01-30 00:00:00+00:00,2019-01-31 00:00:00+00:00,0.0,,0.0034641724595592116
ht2.vwap_reversion,1w,AAOI,2019-01-30 00:00:00+00:00,2019-02-06 00:00:00+00:00,0.0,,0.004041552890161837
ht2.vwap_reversion,5w,AAOI,2019-01-30 00:00:00+00:00,2019-03-07 00:00:00+00:00,0.0,,-0.24884523913879464
ht2.vwap_reversion,1d,AAOI,2019-03-07 00:00:00+00:00,2019-03-08 00:00:00+00:00,0.0,,-0.009992322225507833
ht2.vwap_reversion,1w,AAOI,2019-03-07 00:00:00+00:00,2019-03-14 00:00:00+00:00,0.0,,0.0637970721832486
ht2.vwap_reversion,5w,AAOI,2019-03-07 00:00:00+00:00,2019-04-11 00:00:00+00:00,0.0,,-0.04919295404022905
ht2.vwap_reversion,1d,AAOI,2019-04-11 00:00:00+00:00,2019-04-12 00:00:00+00:00,0.0,,0.05820535761438017
ht2.vwap_reversion,1w,AAOI,2019-04-11 00:00:00+00:00,2019-04-18 00:00:00+00:00,0.0,,0.01778498537301032
ht2.vwap_reversion,5w,AAOI,2019-04-11 00:00:00+00:00,2019-05-17 00:00:00+00:00,0.0,,-0.25869036692561853
ht2.vwap_reversion,1d,AAOI,2019-05-17 00:00:00+00:00,2019-05-20 00:00:00+00:00,0.0,,0.01090516691796406
ht2.vwap_reversion,1w,AAOI,2019-05-17 00:00:00+00:00,2019-05-24 00:00:00+00:00,0.0,,-0.015267212885273329
ht2.vwap_reversion,5w,AAOI,2019-05-17 00:00:00+00:00,2019-06-24 00:00:00+00:00,0.0,,-0.006543120950654013
ht2.vwap_reversion,1d,AAOI,2019-06-24 00:00:00+00:00,2019-06-25 00:00:00+00:00,0.0,,-0.0010976153221025076
ht2.vwap_reversion,1w,AAOI,2019-06-24 00:00:00+00:00,2019-07-01 00:00:00+00:00,0.0,,0.11745342358100608
ht2.vwap_reversion,5w,AAOI,2019-06-24 00:00:00+00:00,2019-07-30 00:00:00+00:00,0.0,,0.04061469807936691
ht2.vwap_reversion,1d,AAOI,2019-07-30 00:00:00+00:00,2019-07-31 00:00:00+00:00,0.0,,0.05590724812635184
ht2.vwap_reversion,1w,AAOI,2019-07-30 00:00:00+00:00,2019-08-06 00:00:00+00:00,0.0,,0.06751058799859155
ht2.vwap_reversion,5w,AAOI,2019-07-30 00:00:00+00:00,2019-09-04 00:00:00+00:00,0.0,,-0.04008430159448706
ht2.vwap_reversion,1d,AAOI,2019-09-04 00:00:00+00:00,2019-09-05 00:00:00+00:00,0.0,,0.0758241265339219
ht2.vwap_reversion,1w,AAOI,2019-09-04 00:00:00+00:00,2019-09-11 00:00:00+00:00,0.0,,0.26813181078012427
ht2.vwap_reversion,5w,AAOI,2019-09-04 00:00:00+00:00,2019-10-09 00:00:00+00:00,0.0,,0.14175823162379686
ht2.vwap_reversion,1d,AAOI,2019-10-09 00:00:00+00:00,2019-10-10 00:00:00+00:00,0.0,,-0.022136716873013107
ht2.vwap_reversion,1w,AAOI,2019-10-09 00:00:00+00:00,2019-10-16 00:00:00+00:00,0.0,,0.04331085605346807
ht2.vwap_reversion,5w,AAOI,2019-10-09 00:00:00+00:00,2019-11-13 00:00:00+00:00,0.0,,0.09143404984347892
ht2.vwap_reversion,1d,AAOI,2019-11-13 00:00:00+00:00,2019-11-14 00:00:00+00:00,0.0,,-0.038800752040308084
ht2.vwap_reversion,1w,AAOI,2019-11-13 00:00:00+00:00,2019-11-20 00:00:00+00:00,0.0,,-0.09347446255323
ht2.vwap_reversion,5w,AAOI,2019-11-13 00:00:00+00:00,2019-12-19 00:00:00+00:00,0.0,,-0.003527333449276804
ht2.vwap_reversion,1d,AAOI,2019-12-19 00:00:00+00:00,2019-12-20 00:00:00+00:00,0.0,,-0.015929230277656803
ht2.vwap_reversion,1w,AAOI,2019-12-19 00:00:00+00:00,2019-12-27 00:00:00+00:00,0.0,,0.019469049850918685
ht2.vwap_reversion,5w,AAOI,2019-12-19 00:00:00+00:00,2020-01-28 00:00:00+00:00,0.0,,0.14513268689969694
ht2.vwap_reversion,1d,AAOI,2020-01-28 00:00:00+00:00,2020-01-29 00:00:00+00:00,0.0,,-0.07805249675113235
ht2.vwap_reversion,1w,AAOI,2020-01-28 00:00:00+00:00,2020-02-04 00:00:00+00:00,0.0,,-0.041731064865848544
ht2.vwap_reversion,5w,AAOI,2020-01-28 00:00:00+00:00,2020-03-04 00:00:00+00:00,0.0,,-0.2751158872786401
ht2.vwap_reversion,1d,AAOI,2020-03-04 00:00:00+00:00,2020-03-05 00:00:00+00:00,0.0,,-0.03624735057992645
ht2.vwap_reversion,1w,AAOI,2020-03-04 00:00:00+00:00,2020-03-11 00:00:00+00:00,0.0,,-0.24946696418322623
ht2.vwap_reversion,5w,AAOI,2020-03-04 00:00:00+00:00,2020-04-08 00:00:00+00:00,0.0,,-0.14605542311773623
ht2.vwap_reversion,1d,AAOI,2020-04-08 00:00:00+00:00,2020-04-09 00:00:00+00:00,0.0,,-0.031210985375327405
ht2.vwap_reversion,1w,AAOI,2020-04-08 00:00:00+00:00,2020-04-16 00:00:00+00:00,0.0,,0.07240947654592267
ht2.vwap_reversion,5w,AAOI,2020-04-08 00:00:00+00:00,2020-05-14 00:00:00+00:00,0.0,,0.06117350276113109
ht2.vwap_reversion,1d,AAOI,2020-05-14 00:00:00+00:00,2020-05-15 00:00:00+00:00,0.0,,-0.04117651546702661
ht2.vwap_reversion,1w,AAOI,2020-05-14 00:00:00+00:00,2020-05-21 00:00:00+00:00,0.0,,0.018823511460248188
ht2.vwap_reversion,5w,AAOI,2020-05-14 00:00:00+00:00,2020-06-19 00:00:00+00:00,0.0,,0.1529411989099838
ht2.vwap_reversion,1d,AAOI,2020-06-19 00:00:00+00:00,2020-06-22 00:00:00+00:00,0.0,,0.014285651726904769
ht2.vwap_reversion,1w,AAOI,2020-06-19 00:00:00+00:00,2020-06-26 00:00:00+00:00,0.0,,-0.04999997567157399
ht2.vwap_reversion,5w,AAOI,2020-06-19 00:00:00+00:00,2020-07-27 00:00:00+00:00,0.0,,0.42551020358513414
ht2.vwap_reversion,1d,AAOI,2020-07-27 00:00:00+00:00,2020-07-28 00:00:00+00:00,0.0,,-0.05225486628182463
ht2.vwap_reversion,1w,AAOI,2020-07-27 00:00:00+00:00,2020-08-03 00:00:00+00:00,0.0,,0.14960623900962045
ht2.vwap_reversion,5w,AAOI,2020-07-27 00:00:00+00:00,2020-08-31 00:00:00+00:00,0.0,,-0.16750179726987013
ht2.vwap_reversion,1d,AAOI,2020-08-31 00:00:00+00:00,2020-09-01 00:00:00+00:00,0.0,,0.0038693100473894404
ht2.vwap_reversion,1w,AAOI,2020-08-31 00:00:00+00:00,2020-09-08 00:00:00+00:00,0.0,,-0.14531388799894773
ht2.vwap_reversion,5w,AAOI,2020-08-31 00:00:00+00:00,2020-10-06 00:00:00+00:00,0.0,,-0.0369733706745069
ht2.vwap_reversion,1d,AAOI,2020-10-06 00:00:00+00:00,2020-10-07 00:00:00+00:00,0.0,,0.024999976583889083
ht2.vwap_reversion,1w,AAOI,2020-10-06 00:00:00+00:00,2020-10-13 00:00:00+00:00,0.0,,0.026785731771771015
ht2.vwap_reversion,5w,AAOI,2020-10-06 00:00:00+00:00,2020-11-10 00:00:00+00:00,0.0,,-0.3392856945188675
ht2.vwap_reversion,1d,AAOI,2020-11-10 00:00:00+00:00,2020-11-11 00:00:00+00:00,0.0,,0.0337837833483956
ht2.vwap_reversion,1w,AAOI,2020-11-10 00:00:00+00:00,2020-11-17 00:00:00+00:00,0.0,,0.010810800361494177
ht2.vwap_reversion,5w,AAOI,2020-11-10 00:00:00+00:00,2020-12-16 00:00:00+00:00,0.0,,0.1243242685946353
ht2.vwap_reversion,1d,AAOI,2020-12-16 00:00:00+00:00,2020-12-17 00:00:00+00:00,0.0,,0.021634652857951187
ht2.vwap_reversion,1w,AAOI,2020-12-16 00:00:00+00:00,2020-12-23 00:00:00+00:00,0.0,,0.08173080890841877
ht2.vwap_reversion,5w,AAOI,2020-12-16 00:00:00+00:00,2021-01-25 00:00:00+00:00,0.0,,0.3161057945803787
ht2.vwap_reversion,1d,AAOI,2021-01-25 00:00:00+00:00,2021-01-26 00:00:00+00:00,0.0,,0.01735164724814431
ht2.vwap_reversion,1w,AAOI,2021-01-25 00:00:00+00:00,2021-02-01 00:00:00+00:00,0.0,,0.004566227543908896
ht2.vwap_reversion,5w,AAOI,2021-01-25 00:00:00+00:00,2021-03-02 00:00:00+00:00,0.0,,-0.21232875340307145
ht2.vwap_reversion,1d,AAOI,2021-03-02 00:00:00+00:00,2021-03-03 00:00:00+00:00,0.0,,-0.03072467748669605
ht2.vwap_reversion,1w,AAOI,2021-03-02 00:00:00+00:00,2021-03-09 00:00:00+00:00,0.0,,-0.020289877186650762
ht2.vwap_reversion,5w,AAOI,2021-03-02 00:00:00+00:00,2021-04-07 00:00:00+00:00,0.0,,-0.016811647276947506
ht2.vwap_reversion,1d,AAOI,2021-04-07 00:00:00+00:00,2021-04-08 00:00:00+00:00,0.0,,-0.008254681439022638
ht2.vwap_reversion,1w,AAOI,2021-04-07 00:00:00+00:00,2021-04-14 00:00:00+00:00,0.0,,-0.02240561210374714
ht2.vwap_reversion,5w,AAOI,2021-04-07 00:00:00+00:00,2021-05-12 00:00:00+00:00,0.0,,-0.15919805432435097
ht2.vwap_reversion,1d,AAOI,2021-05-12 00:00:00+00:00,2021-05-13 00:00:00+00:00,0.0,,0.005610092736466177
ht2.vwap_reversion,1w,AAOI,2021-05-12 00:00:00+00:00,2021-05-19 00:00:00+00:00,0.0,,0.09116410728394486
ht2.vwap_reversion,5w,AAOI,2021-05-12 00:00:00+00:00,2021-06-17 00:00:00+00:00,0.0,,0.20897612162731338
ht2.vwap_reversion,1d,AAOI,2021-06-17 00:00:00+00:00,2021-06-18 00:00:00+00:00,0.0,,-0.044083540543605415
ht2.vwap_reversion,1w,AAOI,2021-06-17 00:00:00+00:00,2021-06-24 00:00:00+00:00,0.0,,-0.02552207307999743
ht2.vwap_reversion,5w,AAOI,2021-06-17 00:00:00+00:00,2021-07-23 00:00:00+00:00,0.0,,-0.1496519697191805
ht2.vwap_reversion,1d,AAOI,2021-07-23 00:00:00+00:00,2021-07-26 00:00:00+00:00,0.0,,0.002728510386723393
ht2.vwap_reversion,1w,AAOI,2021-07-23 00:00:00+00:00,2021-07-30 00:00:00+00:00,0.0,,0.05457027278728699
ht2.vwap_reversion,5w,AAOI,2021-07-23 00:00:00+00:00,2021-08-27 00:00:00+00:00,0.0,,-0.0040927330536756346
ht2.vwap_reversion,1d,AAOI,2021-08-27 00:00:00+00:00,2021-08-30 00:00:00+00:00,-1.0,1.0,-0.0027397233430072054
ht2.vwap_reversion,1w,AAOI,2021-08-27 00:00:00+00:00,2021-09-03 00:00:00+00:00,-1.0,0.0,0.05753419020315231
ht2.vwap_reversion,5w,AAOI,2021-08-27 00:00:00+00:00,2021-10-04 00:00:00+00:00,-1.0,1.0,-0.06712331988391307
ht2.vwap_reversion,1d,AAOI,2021-10-04 00:00:00+00:00,2021-10-05 00:00:00+00:00,0.0,,0.008810564358837869
ht2.vwap_reversion,1w,AAOI,2021-10-04 00:00:00+00:00,2021-10-11 00:00:00+00:00,0.0,,0.0
ht2.vwap_reversion,5w,AAOI,2021-10-04 00:00:00+00:00,2021-11-08 00:00:00+00:00,0.0,,-0.14096916978168772
ht2.vwap_reversion,1d,AAOI,2021-11-08 00:00:00+00:00,2021-11-09 00:00:00+00:00,0.0,,-0.017094001070560583
ht2.vwap_reversion,1w,AAOI,2021-11-08 00:00:00+00:00,2021-11-15 00:00:00+00:00,0.0,,0.0324786427893784
ht2.vwap_reversion,5w,AAOI,2021-11-08 00:00:00+00:00,2021-12-14 00:00:00+00:00,0.0,,-0.0410256025693454
ht2.vwap_reversion,1d,AAOI,2021-12-14 00:00:00+00:00,2021-12-15 00:00:00+00:00,0.0,,0.023172840376087578
ht2.vwap_reversion,1w,AAOI,2021-12-14 00:00:00+00:00,2021-12-21 00:00:00+00:00,0.0,,-0.024955497324569587
ht2.vwap_reversion,5w,AAOI,2021-12-14 00:00:00+00:00,2022-01-20 00:00:00+00:00,0.0,,-0.2905525981547168
ht2.vwap_reversion,1d,AAOI,2022-01-20 00:00:00+00:00,2022-01-21 00:00:00+00:00,0.0,,-0.030150784774517714
ht2.vwap_reversion,1w,AAOI,2022-01-20 00:00:00+00:00,2022-01-27 00:00:00+00:00,0.0,,-0.052763828427282
ht2.vwap_reversion,5w,AAOI,2022-01-20 00:00:00+00:00,2022-02-25 00:00:00+00:00,0.0,,-0.13316582131905375
ht2.vwap_reversion,1d,AAOI,2022-02-25 00:00:00+00:00,2022-02-28 00:00:00+00:00,0.0,,0.05217393167227691
ht2.vwap_reversion,1w,AAOI,2022-02-25 00:00:00+00:00,2022-03-04 00:00:00+00:00,0.0,,-0.011594191681209676
ht2.vwap_reversion,5w,AAOI,2022-02-25 00:00:00+00:00,2022-04-01 00:00:00+00:00,0.0,,-0.04057973999106723
ht2.vwap_reversion,1d,AAOI,2022-04-01 00:00:00+00:00,2022-04-04 00:00:00+00:00,0.0,,0.030211524102678133
ht2.vwap_reversion,1w,AAOI,2022-04-01 00:00:00+00:00,2022-04-08 00:00:00+00:00,0.0,,-0.06344412138286237
ht2.vwap_reversion,5w,AAOI,2022-04-01 00:00:00+00:00,2022-05-09 00:00:00+00:00,0.0,,-0.3323262609209757
ht2.vwap_reversion,1d,AAOI,2022-05-09 00:00:00+00:00,2022-05-10 00:00:00+00:00,1.0,1.0,0.031674177391187275
ht2.vwap_reversion,1w,AAOI,2022-05-09 00:00:00+00:00,2022-05-16 00:00:00+00:00,1.0,1.0,0.054298589813463805
ht2.vwap_reversion,5w,AAOI,2022-05-09 00:00:00+00:00,2022-06-14 00:00:00+00:00,1.0,0.0,-0.12217193496200196
ht2.vwap_reversion,1d,AAOI,2022-06-14 00:00:00+00:00,2022-06-15 00:00:00+00:00,0.0,,0.020618536429497514
ht2.vwap_reversion,1w,AAOI,2022-06-14 00:00:00+00:00,2022-06-22 00:00:00+00:00,0.0,,0.020618536429497514
ht2.vwap_reversion,5w,AAOI,2022-06-14 00:00:00+00:00,2022-07-21 00:00:00+00:00,0.0,,-0.06185567073657783
ht2.vwap_reversion,1d,AAOI,2022-07-21 00:00:00+00:00,2022-07-22 00:00:00+00:00,0.0,,-0.07692313234582226
ht2.vwap_reversion,1w,AAOI,2022-07-21 00:00:00+00:00,2022-07-28 00:00:00+00:00,0.0,,-0.06043956655765592
ht2.vwap_reversion,5w,AAOI,2022-07-21 00:00:00+00:00,2022-08-25 00:00:00+00:00,0.0,,0.5164834675387542
ht2.vwap_reversion,1d,AAOI,2022-08-25 00:00:00+00:00,2022-08-26 00:00:00+00:00,0.0,,-0.07246378564303779
ht2.vwap_reversion,1w,AAOI,2022-08-25 00:00:00+00:00,2022-09-01 00:00:00+00:00,0.0,,-0.21014490061962054
ht2.vwap_reversion,5w,AAOI,2022-08-25 00:00:00+00:00,2022-09-30 00:00:00+00:00,0.0,,-0.014492739851899028
ht2.vwap_reversion,1d,AAOI,2022-09-30 00:00:00+00:00,2022-10-03 00:00:00+00:00,1.0,1.0,0.01102940113022699
ht2.vwap_reversion,1w,AAOI,2022-09-30 00:00:00+00:00,2022-10-07 00:00:00+00:00,1.0,1.0,0.022058802260453758
ht2.vwap_reversion,5w,AAOI,2022-09-30 00:00:00+00:00,2022-11-04 00:00:00+00:00,1.0,0.0,-0.2352941537398363
ht2.vwap_reversion,1d,AAOI,2022-11-04 00:00:00+00:00,2022-11-07 00:00:00+00:00,1.0,1.0,0.03846161781683777
ht2.vwap_reversion,1w,AAOI,2022-11-04 00:00:00+00:00,2022-11-11 00:00:00+00:00,1.0,1.0,0.1201923121009354
ht2.vwap_reversion,5w,AAOI,2022-11-04 00:00:00+00:00,2022-12-12 00:00:00+00:00,1.0,1.0,0.033653929917773384
ht2.vwap_reversion,1d,AAOI,2022-12-12 00:00:00+00:00,2022-12-13 00:00:00+00:00,0.0,,-0.004651158148692214
ht2.vwap_reversion,1w,AAOI,2022-12-12 00:00:00+00:00,2022-12-19 00:00:00+00:00,0.0,,-0.009302316297384206
ht2.vwap_reversion,5w,AAOI,2022-12-12 00:00:00+00:00,2023-01-19 00:00:00+00:00,0.0,,0.0651162140816881
ht2.vwap_reversion,1d,AAOI,2023-01-19 00:00:00+00:00,2023-01-20 00:00:00+00:00,0.0,,-0.03493446508240139
ht2.vwap_reversion,1w,AAOI,2023-01-19 00:00:00+00:00,2023-01-26 00:00:00+00:00,0.0,,-0.03930127321770149
ht2.vwap_reversion,5w,AAOI,2023-01-19 00:00:00+00:00,2023-02-24 00:00:00+00:00,0.0,,0.13973796444252296
ht2.vwap_reversion,1d,AAOI,2023-02-24 00:00:00+00:00,2023-02-27 00:00:00+00:00,0.0,,-0.007662828249186293
ht2.vwap_reversion,1w,AAOI,2023-02-24 00:00:00+00:00,2023-03-03 00:00:00+00:00,0.0,,0.045977060843236384
ht2.vwap_reversion,5w,AAOI,2023-02-24 00:00:00+00:00,2023-03-31 00:00:00+00:00,0.0,,-0.15325665633184504
ht2.vwap_reversion,1d,AAOI,2023-03-31 00:00:00+00:00,2023-04-03 00:00:00+00:00,0.0,,0.03619905987564276
ht2.vwap_reversion,1w,AAOI,2023-03-31 00:00:00+00:00,2023-04-10 00:00:00+00:00,0.0,,0.0045248824844550395
ht2.vwap_reversion,5w,AAOI,2023-03-31 00:00:00+00:00,2023-05-08 00:00:00+00:00,0.0,,-0.19909504507945053
ht2.vwap_reversion,1d,AAOI,2023-05-08 00:00:00+00:00,2023-05-09 00:00:00+00:00,0.0,,0.01694913656104502
ht2.vwap_reversion,1w,AAOI,2023-05-08 00:00:00+00:00,2023-05-15 00:00:00+00:00,0.0,,-0.0734463257810768
ht2.vwap_reversion,5w,AAOI,2023-05-08 00:00:00+00:00,2023-06-13 00:00:00+00:00,0.0,,1.0564972565699136
ht2.vwap_reversion,1d,AAOI,2023-06-13 00:00:00+00:00,2023-06-14 00:00:00+00:00,0.0,,0.03296700057711699
ht2.vwap_reversion,1w,AAOI,2023-06-13 00:00:00+00:00,2023-06-21 00:00:00+00:00,0.0,,0.14423072577429874
ht2.vwap_reversion,5w,AAOI,2023-06-13 00:00:00+00:00,2023-07-20 00:00:00+00:00,0.0,,1.2307691350390346
ht2.vwap_reversion,1d,AAOI,2023-07-20 00:00:00+00:00,2023-07-21 00:00:00+00:00,0.0,,-0.02586207402791285
ht2.vwap_reversion,1w,AAOI,2023-07-20 00:00:00+00:00,2023-07-27 00:00:00+00:00,0.0,,-0.2376847112733349
ht2.vwap_reversion,5w,AAOI,2023-07-20 00:00:00+00:00,2023-08-24 00:00:00+00:00,0.0,,0.7352217181241696
ht2.vwap_reversion,1d,AAOI,2023-08-24 00:00:00+00:00,2023-08-25 00:00:00+00:00,0.0,,-0.07806957910271495
ht2.vwap_reversion,1w,AAOI,2023-08-24 00:00:00+00:00,2023-08-31 00:00:00+00:00,0.0,,-0.022711120749380864
ht2.vwap_reversion,5w,AAOI,2023-08-24 00:00:00+00:00,2023-09-29 00:00:00+00:00,0.0,,-0.22143363035990005
ht2.vwap_reversion,1d,AAOI,2023-09-29 00:00:00+00:00,2023-10-02 00:00:00+00:00,0.0,,0.02734732756903724
ht2.vwap_reversion,1w,AAOI,2023-09-29 00:00:00+00:00,2023-10-06 00:00:00+00:00,0.0,,-0.1722880854436527
ht2.vwap_reversion,5w,AAOI,2023-09-29 00:00:00+00:00,2023-11-03 00:00:00+00:00,0.0,,-0.13673655091042858
ht2.vwap_reversion,1d,AAOI,2023-11-03 00:00:00+00:00,2023-11-06 00:00:00+00:00,-1.0,0.0,0.023231183437285807
ht2.vwap_reversion,1w,AAOI,2023-11-03 00:00:00+00:00,2023-11-10 00:00:00+00:00,-1.0,1.0,-0.011087697249198558
ht2.vwap_reversion,5w,AAOI,2023-11-03 00:00:00+00:00,2023-12-11 00:00:00+00:00,-1.0,0.0,0.9598731723970206
ht2.vwap_reversion,1d,AAOI,2023-12-11 00:00:00+00:00,2023-12-12 00:00:00+00:00,0.0,,0.0010776109018952873
ht2.vwap_reversion,1w,AAOI,2023-12-11 00:00:00+00:00,2023-12-18 00:00:00+00:00,0.0,,0.21228451764169076
ht2.vwap_reversion,5w,AAOI,2023-12-11 00:00:00+00:00,2024-01-18 00:00:00+00:00,0.0,,-0.1045257910846864
ht2.vwap_reversion,1d,AAOI,2024-01-18 00:00:00+00:00,2024-01-19 00:00:00+00:00,0.0,,-0.04873648488059046
ht2.vwap_reversion,1w,AAOI,2024-01-18 00:00:00+00:00,2024-01-25 00:00:00+00:00,0.0,,-0.01684721254553334
ht2.vwap_reversion,5w,AAOI,2024-01-18 00:00:00+00:00,2024-02-23 00:00:00+00:00,0.0,,-0.14861619109383006
ht2.vwap_reversion,1d,AAOI,2024-02-23 00:00:00+00:00,2024-02-26 00:00:00+00:00,0.0,,0.04098939500652077
ht2.vwap_reversion,1w,AAOI,2024-02-23 00:00:00+00:00,2024-03-01 00:00:00+00:00,0.0,,0.08904595497174372
ht2.vwap_reversion,5w,AAOI,2024-02-23 00:00:00+00:00,2024-04-01 00:00:00+00:00,0.0,,-0.01625438504854304
ht2.vwap_reversion,1d,AAOI,2024-04-01 00:00:00+00:00,2024-04-02 00:00:00+00:00,0.0,,-0.038074693251890834
ht2.vwap_reversion,1w,AAOI,2024-04-01 00:00:00+00:00,2024-04-08 00:00:00+00:00,0.0,,-0.11135058780456075
ht2.vwap_reversion,5w,AAOI,2024-04-01 00:00:00+00:00,2024-05-06 00:00:00+00:00,0.0,,-0.14152300691317954
ht2.vwap_reversion,1d,AAOI,2024-05-06 00:00:00+00:00,2024-05-07 00:00:00+00:00,0.0,,-0.024267779621902852
ht2.vwap_reversion,1w,AAOI,2024-05-06 00:00:00+00:00,2024-05-13 00:00:00+00:00,0.0,,-0.16317990296144214
ht2.vwap_reversion,5w,AAOI,2024-05-06 00:00:00+00:00,2024-06-11 00:00:00+00:00,0.0,,-0.14895395492735608
ht2.vwap_reversion,1d,AAOI,2024-06-11 00:00:00+00:00,2024-06-12 00:00:00+00:00,0.0,,0.02654862360509913
ht2.vwap_reversion,1w,AAOI,2024-06-11 00:00:00+00:00,2024-06-18 00:00:00+00:00,0.0,,-0.012782705355523394
ht2.vwap_reversion,5w,AAOI,2024-06-11 00:00:00+00:00,2024-07-18 00:00:00+00:00,0.0,,0.02261549070903679
ht2.vwap_reversion,1d,AAOI,2024-07-18 00:00:00+00:00,2024-07-19 00:00:00+00:00,0.0,,-0.06971148599886823
ht2.vwap_reversion,1w,AAOI,2024-07-18 00:00:00+00:00,2024-07-25 00:00:00+00:00,0.0,,-0.17211538726056108
ht2.vwap_reversion,5w,AAOI,2024-07-18 00:00:00+00:00,2024-08-22 00:00:00+00:00,0.0,,-0.13173076305869025
ht2.vwap_reversion,1d,AAOI,2024-08-22 00:00:00+00:00,2024-08-23 00:00:00+00:00,0.0,,0.07530457644344102
ht2.vwap_reversion,1w,AAOI,2024-08-22 00:00:00+00:00,2024-08-29 00:00:00+00:00,0.0,,0.14064235828562932
ht2.vwap_reversion,5w,AAOI,2024-08-22 00:00:00+00:00,2024-09-27 00:00:00+00:00,0.0,,0.5210409814882622
ht2.vwap_reversion,1d,AAOI,2024-09-27 00:00:00+00:00,2024-09-30 00:00:00+00:00,0.0,,0.041863908067876654
ht2.vwap_reversion,1w,AAOI,2024-09-27 00:00:00+00:00,2024-10-04 00:00:00+00:00,0.0,,0.11831088755870556
ht2.vwap_reversion,5w,AAOI,2024-09-27 00:00:00+00:00,2024-11-01 00:00:00+00:00,0.0,,0.22606483971779023
ht2.vwap_reversion,1d,AAOI,2024-11-01 00:00:00+00:00,2024-11-04 00:00:00+00:00,0.0,,-0.026128297510139897
ht2.vwap_reversion,1w,AAOI,2024-11-01 00:00:00+00:00,2024-11-08 00:00:00+00:00,0.0,,0.6484560556619601
ht2.vwap_reversion,5w,AAOI,2024-11-01 00:00:00+00:00,2024-12-09 00:00:00+00:00,0.0,,1.1472683800335486
ht2.vwap_reversion,1d,AAOI,2024-12-09 00:00:00+00:00,2024-12-10 00:00:00+00:00,0.0,,-0.08490043439654305
ht2.vwap_reversion,1w,AAOI,2024-12-09 00:00:00+00:00,2024-12-16 00:00:00+00:00,0.0,,-0.02959069964987282
ht2.vwap_reversion,5w,AAOI,2024-12-09 00:00:00+00:00,2025-01-16 00:00:00+00:00,0.0,,-0.1460177187202999
ht2.vwap_reversion,1d,AAOI,2025-01-16 00:00:00+00:00,2025-01-17 00:00:00+00:00,0.0,,0.004857562498560064
ht2.vwap_reversion,1w,AAOI,2025-01-16 00:00:00+00:00,2025-01-24 00:00:00+00:00,0.0,,-0.006152805436289599
ht2.vwap_reversion,5w,AAOI,2025-01-16 00:00:00+00:00,2025-02-24 00:00:00+00:00,0.0,,-0.11528495993178012
ht2.vwap_reversion,1d,AAOI,2025-02-24 00:00:00+00:00,2025-02-25 00:00:00+00:00,0.0,,-0.1456808047838427
ht2.vwap_reversion,1w,AAOI,2025-02-24 00:00:00+00:00,2025-03-03 00:00:00+00:00,0.0,,-0.35139094028937523
ht2.vwap_reversion,5w,AAOI,2025-02-24 00:00:00+00:00,2025-03-31 00:00:00+00:00,0.0,,-0.43814053612973536
ht2.vwap_reversion,1d,AAOI,2025-03-31 00:00:00+00:00,2025-04-01 00:00:00+00:00,1.0,0.0,-0.01693812523911764
ht2.vwap_reversion,1w,AAOI,2025-03-31 00:00:00+00:00,2025-04-07 00:00:00+00:00,1.0,0.0,-0.268403956797747
ht2.vwap_reversion,5w,AAOI,2025-03-31 00:00:00+00:00,2025-05-06 00:00:00+00:00,1.0,0.0,-0.09185672742969819
ht2.vwap_reversion,1d,AAOI,2025-05-06 00:00:00+00:00,2025-05-07 00:00:00+00:00,0.0,,0.0028694378089735295
ht2.vwap_reversion,1w,AAOI,2025-05-06 00:00:00+00:00,2025-05-13 00:00:00+00:00,0.0,,0.4555237823737037
ht2.vwap_reversion,5w,AAOI,2025-05-06 00:00:00+00:00,2025-06-11 00:00:00+00:00,0.0,,0.1707317206659109
ht2.vwap_reversion,1d,AAOI,2025-06-11 00:00:00+00:00,2025-06-12 00:00:00+00:00,0.0,,0.03676472994420532
ht2.vwap_reversion,1w,AAOI,2025-06-11 00:00:00+00:00,2025-06-18 00:00:00+00:00,0.0,,0.21139710952529
ht2.vwap_reversion,5w,AAOI,2025-06-11 00:00:00+00:00,2025-07-18 00:00:00+00:00,0.0,,0.7542891970669838
ht2.vwap_reversion,1d,AAOI,2025-07-18 00:00:00+00:00,2025-07-21 00:00:00+00:00,0.0,,-0.013971345800052215
ht2.vwap_reversion,1w,AAOI,2025-07-18 00:00:00+00:00,2025-07-25 00:00:00+00:00,0.0,,-0.052392596715669426
ht2.vwap_reversion,5w,AAOI,2025-07-18 00:00:00+00:00,2025-08-22 00:00:00+00:00,0.0,,-0.13412498630113256
ht2.vwap_reversion,1d,AAOI,2025-08-22 00:00:00+00:00,2025-08-25 00:00:00+00:00,0.0,,-0.018152510944749234
ht2.vwap_reversion,1w,AAOI,2025-08-22 00:00:00+00:00,2025-08-29 00:00:00+00:00,0.0,,-0.02379992459856428
ht2.vwap_reversion,5w,AAOI,2025-08-22 00:00:00+00:00,2025-09-29 00:00:00+00:00,0.0,,0.046389656154065095
ht2.vwap_reversion,1d,AAOI,2025-09-29 00:00:00+00:00,2025-09-30 00:00:00+00:00,0.0,,-0.00038551382713758464
ht2.vwap_reversion,1w,AAOI,2025-09-29 00:00:00+00:00,2025-10-06 00:00:00+00:00,0.0,,0.30262144255406476
ht2.vwap_reversion,5w,AAOI,2025-09-29 00:00:00+00:00,2025-11-03 00:00:00+00:00,0.0,,0.27370856728194215
ht2.vwap_reversion,1d,AAOI,2025-11-03 00:00:00+00:00,2025-11-04 00:00:00+00:00,0.0,,-0.10714288188362908
ht2.vwap_reversion,1w,AAOI,2025-11-03 00:00:00+00:00,2025-11-10 00:00:00+00:00,0.0,,-0.23062955896143256
ht2.vwap_reversion,5w,AAOI,2025-11-03 00:00:00+00:00,2025-12-09 00:00:00+00:00,0.0,,-0.08050852545559883
ht2.vwap_reversion,1d,AAOI,2025-12-09 00:00:00+00:00,2025-12-10 00:00:00+00:00,-1.0,0.0,0.15141542161101396
ht2.vwap_reversion,1w,AAOI,2025-12-09 00:00:00+00:00,2025-12-16 00:00:00+00:00,-1.0,1.0,-0.046741280958551346
ht2.vwap_reversion,5w,AAOI,2025-12-09 00:00:00+00:00,2026-01-15 00:00:00+00:00,-1.0,0.0,0.21790655108979107
ht2.vwap_reversion,1d,AAOI,2026-01-15 00:00:00+00:00,2026-01-16 00:00:00+00:00,0.0,,0.0010811058250632666
ht2.vwap_reversion,1w,AAOI,2026-01-15 00:00:00+00:00,2026-01-23 00:00:00+00:00,0.0,,-0.0345945616026182
ht2.vwap_reversion,5w,AAOI,2026-01-15 00:00:00+00:00,2026-02-23 00:00:00+00:00,0.0,,0.45837835363439616
ht2.vwap_reversion,1d,AAOI,2026-02-23 00:00:00+00:00,2026-02-24 00:00:00+00:00,0.0,,0.04280951468651395
ht2.vwap_reversion,1w,AAOI,2026-02-23 00:00:00+00:00,2026-03-02 00:00:00+00:00,0.0,,0.8997406203761114
ht2.vwap_reversion,5w,AAOI,2026-02-23 00:00:00+00:00,2026-03-30 00:00:00+00:00,0.0,,0.5787621179912183
ht2.vwap_reversion,1d,AAOI,2026-03-30 00:00:00+00:00,2026-03-31 00:00:00+00:00,0.0,,-0.007043151617800558
ht2.vwap_reversion,1w,AAOI,2026-03-30 00:00:00+00:00,2026-04-07 00:00:00+00:00,0.0,,0.380913205989885
ht2.vwap_reversion,5w,AAOI,2026-03-30 00:00:00+00:00,2026-05-05 00:00:00+00:00,0.0,,1.119615003514232
ht2.vwap_reversion,1d,AAOI,2026-05-05 00:00:00+00:00,2026-05-06 00:00:00+00:00,0.0,,-0.011242254836048127
ht2.vwap_reversion,1w,AAOI,2026-05-05 00:00:00+00:00,2026-05-12 00:00:00+00:00,0.0,,0.04269807355788946
ht2.vwap_reversion,5w,AAOI,2026-05-05 00:00:00+00:00,2026-06-10 00:00:00+00:00,0.0,,-0.03012683292213958
ht2.vwap_reversion,1d,AAOI,2026-06-10 00:00:00+00:00,2026-06-11 00:00:00+00:00,0.0,,-0.013418637800462152
ht2.vwap_reversion,1w,AAOI,2026-06-10 00:00:00+00:00,2026-06-17 00:00:00+00:00,0.0,,-0.04448129005726076
ht2.vwap_reversion,5w,AAOI,2026-06-10 00:00:00+00:00,2026-07-17 00:00:00+00:00,0.0,,-0.41523439269794693
ht2.vwap_reversion,1d,AAOI,2026-07-17 00:00:00+00:00,2026-07-20 00:00:00+00:00,0.0,,0.005956380813827877
ht2.vwap_reversion,1w,AAOI,2026-07-17 00:00:00+00:00,2026-07-24 00:00:00+00:00,0.0,,-0.022068177476949447
ht2.vwap_reversion,5w,AAOI,2026-07-17 00:00:00+00:00,2026-08-21 00:00:00+00:00,0.0,,0.21882623993115136
ht2.vwap_reversion,1d,AAPL,2018-09-05 00:00:00+00:00,2018-09-06 00:00:00+00:00,0.0,,-0.01661742957468304
ht2.vwap_reversion,1w,AAPL,2018-09-05 00:00:00+00:00,2018-09-12 00:00:00+00:00,0.0,,-0.025565374819943032
ht2.vwap_reversion,5w,AAPL,2018-09-05 00:00:00+00:00,2018-10-10 00:00:00+00:00,0.0,,-0.0463260939410407
ht2.vwap_reversion,1d,AAPL,2018-10-10 00:00:00+00:00,2018-10-11 00:00:00+00:00,1.0,0.0,-0.0088279297055458
ht2.vwap_reversion,1w,AAPL,2018-10-10 00:00:00+00:00,2018-10-17 00:00:00+00:00,1.0,1.0,0.022324025411756043
ht2.vwap_reversion,5w,AAPL,2018-10-10 00:00:00+00:00,2018-11-14 00:00:00+00:00,1.0,0.0,-0.1336118102181696
ht2.vwap_reversion,1d,AAPL,2018-11-14 00:00:00+00:00,2018-11-15 00:00:00+00:00,0.0,,0.02467886940667685
ht2.vwap_reversion,1w,AAPL,2018-11-14 00:00:00+00:00,2018-11-21 00:00:00+00:00,0.0,,-0.05364016920221615
ht2.vwap_reversion,5w,AAPL,2018-11-14 00:00:00+00:00,2018-12-21 00:00:00+00:00,0.0,,-0.19309408244494708
ht2.vwap_reversion,1d,AAPL,2018-12-21 00:00:00+00:00,2018-12-24 00:00:00+00:00,1.0,0.0,-0.025874117811339414
ht2.vwap_reversion,1w,AAPL,2018-12-21 00:00:00+00:00,2018-12-31 00:00:00+00:00,1.0,1.0,0.04650709444729828
ht2.vwap_reversion,5w,AAPL,2018-12-21 00:00:00+00:00,2019-01-30 00:00:00+00:00,1.0,1.0,0.0963312438801398
ht2.vwap_reversion,1d,AAPL,2019-01-30 00:00:00+00:00,2019-01-31 00:00:00+00:00,-1.0,0.0,0.007201114224681282
ht2.vwap_reversion,1w,AAPL,2019-01-30 00:00:00+00:00,2019-02-06 00:00:00+00:00,-1.0,0.0,0.05440248941927672
ht2.vwap_reversion,5w,AAPL,2019-01-30 00:00:00+00:00,2019-03-07 00:00:00+00:00,-1.0,0.0,0.04834993494740636
ht2.vwap_reversion,1d,AAPL,2019-03-07 00:00:00+00:00,2019-03-08 00:00:00+00:00,0.0,,0.0023767621251047366
ht2.vwap_reversion,1w,AAPL,2019-03-07 00:00:00+00:00,2019-03-14 00:00:00+00:00,0.0,,0.06510124971356346
ht2.vwap_reversion,5w,AAPL,2019-03-07 00:00:00+00:00,2019-04-11 00:00:00+00:00,0.0,,0.15333310978814874
ht2.vwap_reversion,1d,AAPL,2019-04-11 00:00:00+00:00,2019-04-12 00:00:00+00:00,0.0,,-0.0004020399338727776
ht2.vwap_reversion,1w,AAPL,2019-04-11 00:00:00+00:00,2019-04-18 00:00:00+00:00,0.0,,0.024679630467958624
ht2.vwap_reversion,5w,AAPL,2019-04-11 00:00:00+00:00,2019-05-17 00:00:00+00:00,0.0,,-0.04635427014812421
ht2.vwap_reversion,1d,AAPL,2019-05-17 00:00:00+00:00,2019-05-20 00:00:00+00:00,0.0,,-0.03126944760504313
ht2.vwap_reversion,1w,AAPL,2019-05-17 00:00:00+00:00,2019-05-24 00:00:00+00:00,0.0,,-0.053068500075710845
ht2.vwap_reversion,5w,AAPL,2019-05-17 00:00:00+00:00,2019-06-24 00:00:00+00:00,0.0,,0.05068814911033259
ht2.vwap_reversion,1d,AAPL,2019-06-24 00:00:00+00:00,2019-06-25 00:00:00+00:00,0.0,,-0.015157722475477864
ht2.vwap_reversion,1w,AAPL,2019-06-24 00:00:00+00:00,2019-07-01 00:00:00+00:00,0.0,,0.0149560556902546
ht2.vwap_reversion,5w,AAPL,2019-06-24 00:00:00+00:00,2019-07-30 00:00:00+00:00,0.0,,0.0513647472152261
ht2.vwap_reversion,1d,AAPL,2019-07-30 00:00:00+00:00,2019-07-31 00:00:00+00:00,0.0,,0.020404025577277496
ht2.vwap_reversion,1w,AAPL,2019-07-30 00:00:00+00:00,2019-08-06 00:00:00+00:00,0.0,,-0.05642306480861414
ht2.vwap_reversion,5w,AAPL,2019-07-30 00:00:00+00:00,2019-09-04 00:00:00+00:00,0.0,,0.005770789183172198
ht2.vwap_reversion,1d,AAPL,2019-09-04 00:00:00+00:00,2019-09-05 00:00:00+00:00,0.0,,0.019551539224697434
ht2.vwap_reversion,1w,AAPL,2019-09-04 00:00:00+00:00,2019-09-11 00:00:00+00:00,0.0,,0.06883686063775163
ht2.vwap_reversion,5w,AAPL,2019-09-04 00:00:00+00:00,2019-10-09 00:00:00+00:00,0.0,,0.08528111157292528
ht2.vwap_reversion,1d,AAPL,2019-10-09 00:00:00+00:00,2019-10-10 00:00:00+00:00,0.0,,0.013478417421632916
ht2.vwap_reversion,1w,AAPL,2019-10-09 00:00:00+00:00,2019-10-16 00:00:00+00:00,0.0,,0.03233056602811546
ht2.vwap_reversion,5w,AAPL,2019-10-09 00:00:00+00:00,2019-11-13 00:00:00+00:00,0.0,,0.16840919837098034
ht2.vwap_reversion,1d,AAPL,2019-11-13 00:00:00+00:00,2019-11-14 00:00:00+00:00,0.0,,-0.006919129856194917
ht2.vwap_reversion,1w,AAPL,2019-11-13 00:00:00+00:00,2019-11-20 00:00:00+00:00,0.0,,-0.004839740323576369
ht2.vwap_reversion,5w,AAPL,2019-11-13 00:00:00+00:00,2019-12-19 00:00:00+00:00,0.0,,0.05879668870599386
ht2.vwap_reversion,1d,AAPL,2019-12-19 00:00:00+00:00,2019-12-20 00:00:00+00:00,0.0,,-0.0020710898681572942
ht2.vwap_reversion,1w,AAPL,2019-12-19 00:00:00+00:00,2019-12-27 00:00:00+00:00,0.0,,0.03492635860709892
ht2.vwap_reversion,5w,AAPL,2019-12-19 00:00:00+00:00,2020-01-28 00:00:00+00:00,0.0,,0.13452663407303467
ht2.vwap_reversion,1d,AAPL,2020-01-28 00:00:00+00:00,2020-01-29 00:00:00+00:00,0.0,,0.020932336560154363
ht2.vwap_reversion,1w,AAPL,2020-01-28 00:00:00+00:00,2020-02-04 00:00:00+00:00,0.0,,0.0036513196798495517
ht2.vwap_reversion,5w,AAPL,2020-01-28 00:00:00+00:00,2020-03-04 00:00:00+00:00,0.0,,-0.04479700668635134
ht2.vwap_reversion,1d,AAPL,2020-03-04 00:00:00+00:00,2020-03-05 00:00:00+00:00,0.0,,-0.03243705289853094
ht2.vwap_reversion,1w,AAPL,2020-03-04 00:00:00+00:00,2020-03-11 00:00:00+00:00,0.0,,-0.09020935941289843
ht2.vwap_reversion,5w,AAPL,2020-03-04 00:00:00+00:00,2020-04-08 00:00:00+00:00,0.0,,-0.12112700131880105
ht2.vwap_reversion,1d,AAPL,2020-04-08 00:00:00+00:00,2020-04-09 00:00:00+00:00,0.0,,0.007216166381145861
ht2.vwap_reversion,1w,AAPL,2020-04-08 00:00:00+00:00,2020-04-16 00:00:00+00:00,0.0,,0.07749850502821731
ht2.vwap_reversion,5w,AAPL,2020-04-08 00:00:00+00:00,2020-05-14 00:00:00+00:00,0.0,,0.16652725485137654
ht2.vwap_reversion,1d,AAPL,2020-05-14 00:00:00+00:00,2020-05-15 00:00:00+00:00,0.0,,-0.005911878371986812
ht2.vwap_reversion,1w,AAPL,2020-05-14 00:00:00+00:00,2020-05-21 00:00:00+00:00,0.0,,0.02361581850658756
ht2.vwap_reversion,5w,AAPL,2020-05-14 00:00:00+00:00,2020-06-19 00:00:00+00:00,0.0,,0.12980562415724206
ht2.vwap_reversion,1d,AAPL,2020-06-19 00:00:00+00:00,2020-06-22 00:00:00+00:00,0.0,,0.026163705325507047
ht2.vwap_reversion,1w,AAPL,2020-06-19 00:00:00+00:00,2020-06-26 00:00:00+00:00,0.0,,0.011180349789932542
ht2.vwap_reversion,5w,AAPL,2020-06-19 00:00:00+00:00,2020-07-27 00:00:00+00:00,0.0,,0.0844104006073263
ht2.vwap_reversion,1d,AAPL,2020-07-27 00:00:00+00:00,2020-07-28 00:00:00+00:00,0.0,,-0.016427739780409456
ht2.vwap_reversion,1w,AAPL,2020-07-27 00:00:00+00:00,2020-08-03 00:00:00+00:00,0.0,,0.14900872494403683
ht2.vwap_reversion,5w,AAPL,2020-07-27 00:00:00+00:00,2020-08-31 00:00:00+00:00,0.0,,0.3634916712132912
ht2.vwap_reversion,1d,AAPL,2020-08-31 00:00:00+00:00,2020-09-01 00:00:00+00:00,0.0,,0.03983255753684167
ht2.vwap_reversion,1w,AAPL,2020-08-31 00:00:00+00:00,2020-09-08 00:00:00+00:00,0.0,,-0.12569739477209607
ht2.vwap_reversion,5w,AAPL,2020-08-31 00:00:00+00:00,2020-10-06 00:00:00+00:00,0.0,,-0.1230624991268362
ht2.vwap_reversion,1d,AAPL,2020-10-06 00:00:00+00:00,2020-10-07 00:00:00+00:00,0.0,,0.016967158948396843
ht2.vwap_reversion,1w,AAPL,2020-10-06 00:00:00+00:00,2020-10-13 00:00:00+00:00,0.0,,0.07016592116085607
ht2.vwap_reversion,5w,AAPL,2020-10-06 00:00:00+00:00,2020-11-10 00:00:00+00:00,0.0,,0.026600146357850907
ht2.vwap_reversion,1d,AAPL,2020-11-10 00:00:00+00:00,2020-11-11 00:00:00+00:00,0.0,,0.03035268616996567
ht2.vwap_reversion,1w,AAPL,2020-11-10 00:00:00+00:00,2020-11-17 00:00:00+00:00,0.0,,0.02949029923119073
ht2.vwap_reversion,5w,AAPL,2020-11-10 00:00:00+00:00,2020-12-16 00:00:00+00:00,0.0,,0.10209547286161258
ht2.vwap_reversion,1d,AAPL,2020-12-16 00:00:00+00:00,2020-12-17 00:00:00+00:00,0.0,,0.006963403700513293
ht2.vwap_reversion,1w,AAPL,2020-12-16 00:00:00+00:00,2020-12-23 00:00:00+00:00,0.0,,0.024645780923700178
ht2.vwap_reversion,5w,AAPL,2020-12-16 00:00:00+00:00,2021-01-25 00:00:00+00:00,0.0,,0.11822235951830495
ht2.vwap_reversion,1d,AAPL,2021-01-25 00:00:00+00:00,2021-01-26 00:00:00+00:00,0.0,,0.0016793139425177461
ht2.vwap_reversion,1w,AAPL,2021-01-25 00:00:00+00:00,2021-02-01 00:00:00+00:00,0.0,,-0.06143297717287777
ht2.vwap_reversion,5w,AAPL,2021-01-25 00:00:00+00:00,2021-03-02 00:00:00+00:00,0.0,,-0.12323711901870893
ht2.vwap_reversion,1d,AAPL,2021-03-02 00:00:00+00:00,2021-03-03 00:00:00+00:00,0.0,,-0.02445642493782285
ht2.vwap_reversion,1w,AAPL,2021-03-02 00:00:00+00:00,2021-03-09 00:00:00+00:00,0.0,,-0.03220916802510243
ht2.vwap_reversion,5w,AAPL,2021-03-02 00:00:00+00:00,2021-04-07 00:00:00+00:00,0.0,,0.02221876864243222
ht2.vwap_reversion,1d,AAPL,2021-04-07 00:00:00+00:00,2021-04-08 00:00:00+00:00,0.0,,0.019233721261111336
ht2.vwap_reversion,1w,AAPL,2021-04-07 00:00:00+00:00,2021-04-14 00:00:00+00:00,0.0,,0.032290775640002156
ht2.vwap_reversion,5w,AAPL,2021-04-07 00:00:00+00:00,2021-05-12 00:00:00+00:00,0.0,,-0.038479038267308696
ht2.vwap_reversion,1d,AAPL,2021-05-12 00:00:00+00:00,2021-05-13 00:00:00+00:00,1.0,1.0,0.017919578272181047
ht2.vwap_reversion,1w,AAPL,2021-05-12 00:00:00+00:00,2021-05-19 00:00:00+00:00,1.0,1.0,0.015639000966634065
ht2.vwap_reversion,5w,AAPL,2021-05-12 00:00:00+00:00,2021-06-17 00:00:00+00:00,1.0,1.0,0.07347050062631166
ht2.vwap_reversion,1d,AAPL,2021-06-17 00:00:00+00:00,2021-06-18 00:00:00+00:00,0.0,,-0.010091698838256336
ht2.vwap_reversion,1w,AAPL,2021-06-17 00:00:00+00:00,2021-06-24 00:00:00+00:00,0.0,,0.012292689700232895
ht2.vwap_reversion,5w,AAPL,2021-06-17 00:00:00+00:00,2021-07-23 00:00:00+00:00,0.0,,0.12724827638187253
ht2.vwap_reversion,1d,AAPL,2021-07-23 00:00:00+00:00,2021-07-26 00:00:00+00:00,0.0,,0.0028945260279542584
ht2.vwap_reversion,1w,AAPL,2021-07-23 00:00:00+00:00,2021-07-30 00:00:00+00:00,0.0,,-0.018174683158764582
ht2.vwap_reversion,5w,AAPL,2021-07-23 00:00:00+00:00,2021-08-27 00:00:00+00:00,0.0,,0.0017674474131927909
ht2.vwap_reversion,1d,AAPL,2021-08-27 00:00:00+00:00,2021-08-30 00:00:00+00:00,0.0,,0.030417542435645872
ht2.vwap_reversion,1w,AAPL,2021-08-27 00:00:00+00:00,2021-09-03 00:00:00+00:00,0.0,,0.03835833913670106
ht2.vwap_reversion,5w,AAPL,2021-08-27 00:00:00+00:00,2021-10-04 00:00:00+00:00,0.0,,-0.06366060116046302
ht2.vwap_reversion,1d,AAPL,2021-10-04 00:00:00+00:00,2021-10-05 00:00:00+00:00,0.0,,0.014158381020398236
ht2.vwap_reversion,1w,AAPL,2021-10-04 00:00:00+00:00,2021-10-11 00:00:00+00:00,0.0,,0.026376373720274682
ht2.vwap_reversion,5w,AAPL,2021-10-04 00:00:00+00:00,2021-11-08 00:00:00+00:00,0.0,,0.08279110097304998
ht2.vwap_reversion,1d,AAPL,2021-11-08 00:00:00+00:00,2021-11-09 00:00:00+00:00,0.0,,0.002459594818434274
ht2.vwap_reversion,1w,AAPL,2021-11-08 00:00:00+00:00,2021-11-15 00:00:00+00:00,0.0,,-0.0029246822162375397
ht2.vwap_reversion,5w,AAPL,2021-11-08 00:00:00+00:00,2021-12-14 00:00:00+00:00,0.0,,0.15880112742418628
ht2.vwap_reversion,1d,AAPL,2021-12-14 00:00:00+00:00,2021-12-15 00:00:00+00:00,0.0,,0.028509089879418692
ht2.vwap_reversion,1w,AAPL,2021-12-14 00:00:00+00:00,2021-12-21 00:00:00+00:00,0.0,,-0.007686535587548615
ht2.vwap_reversion,5w,AAPL,2021-12-14 00:00:00+00:00,2022-01-20 00:00:00+00:00,0.0,,-0.0563300833869933
ht2.vwap_reversion,1d,AAPL,2022-01-20 00:00:00+00:00,2022-01-21 00:00:00+00:00,1.0,0.0,-0.012765470946506041
ht2.vwap_reversion,1w,AAPL,2022-01-20 00:00:00+00:00,2022-01-27 00:00:00+00:00,1.0,0.0,-0.03215595875965216
ht2.vwap_reversion,5w,AAPL,2022-01-20 00:00:00+00:00,2022-02-25 00:00:00+00:00,1.0,1.0,0.0033435117156799254
ht2.vwap_reversion,1d,AAPL,2022-02-25 00:00:00+00:00,2022-02-28 00:00:00+00:00,0.0,,0.0016377456216212227
ht2.vwap_reversion,1w,AAPL,2022-02-25 00:00:00+00:00,2022-03-04 00:00:00+00:00,0.0,,-0.010191027103577999
ht2.vwap_reversion,5w,AAPL,2022-02-25 00:00:00+00:00,2022-04-01 00:00:00+00:00,0.0,,0.05738554661333506
ht2.vwap_reversion,1d,AAPL,2022-04-01 00:00:00+00:00,2022-04-04 00:00:00+00:00,0.0,,0.02369326689764617
ht2.vwap_reversion,1w,AAPL,2022-04-01 00:00:00+00:00,2022-04-08 00:00:00+00:00,0.0,,-0.02420988283057557
ht2.vwap_reversion,5w,AAPL,2022-04-01 00:00:00+00:00,2022-05-09 00:00:00+00:00,0.0,,-0.12636459730897875
ht2.vwap_reversion,1d,AAPL,2022-05-09 00:00:00+00:00,2022-05-10 00:00:00+00:00,0.0,,0.016112080115768368
ht2.vwap_reversion,1w,AAPL,2022-05-09 00:00:00+00:00,2022-05-16 00:00:00+00:00,0.0,,-0.0428780206692535
ht2.vwap_reversion,5w,AAPL,2022-05-09 00:00:00+00:00,2022-06-14 00:00:00+00:00,0.0,,-0.12692366206923045
ht2.vwap_reversion,1d,AAPL,2022-06-14 00:00:00+00:00,2022-06-15 00:00:00+00:00,0.0,,0.02011185416925554
ht2.vwap_reversion,1w,AAPL,2022-06-14 00:00:00+00:00,2022-06-22 00:00:00+00:00,0.0,,0.019509177963031865
ht2.vwap_reversion,5w,AAPL,2022-06-14 00:00:00+00:00,2022-07-21 00:00:00+00:00,0.0,,0.17015710768929648
ht2.vwap_reversion,1d,AAPL,2022-07-21 00:00:00+00:00,2022-07-22 00:00:00+00:00,-1.0,1.0,-0.008110756587451418
ht2.vwap_reversion,1w,AAPL,2022-07-21 00:00:00+00:00,2022-07-28 00:00:00+00:00,-1.0,0.0,0.012874062405924702
ht2.vwap_reversion,5w,AAPL,2022-07-21 00:00:00+00:00,2022-08-25 00:00:00+00:00,-1.0,0.0,0.09601641224596791
ht2.vwap_reversion,1d,AAPL,2022-08-25 00:00:00+00:00,2022-08-26 00:00:00+00:00,0.0,,-0.03769908874548156
ht2.vwap_reversion,1w,AAPL,2022-08-25 00:00:00+00:00,2022-09-01 00:00:00+00:00,0.0,,-0.07098747358994173
ht2.vwap_reversion,5w,AAPL,2022-08-25 00:00:00+00:00,2022-09-30 00:00:00+00:00,0.0,,-0.18720234359188503
ht2.vwap_reversion,1d,AAPL,2022-09-30 00:00:00+00:00,2022-10-03 00:00:00+00:00,1.0,1.0,0.030752593203295486
ht2.vwap_reversion,1w,AAPL,2022-09-30 00:00:00+00:00,2022-10-07 00:00:00+00:00,1.0,1.0,0.01367567395368785
ht2.vwap_reversion,5w,AAPL,2022-09-30 00:00:00+00:00,2022-11-04 00:00:00+00:00,1.0,1.0,0.002963467935144015
ht2.vwap_reversion,1d,AAPL,2022-11-04 00:00:00+00:00,2022-11-07 00:00:00+00:00,0.0,,0.0039024282935815613
ht2.vwap_reversion,1w,AAPL,2022-11-04 00:00:00+00:00,2022-11-11 00:00:00+00:00,0.0,,0.08180362895527726
ht2.vwap_reversion,5w,AAPL,2022-11-04 00:00:00+00:00,2022-12-12 00:00:00+00:00,0.0,,0.04415400640887146
ht2.vwap_reversion,1d,AAPL,2022-12-12 00:00:00+00:00,2022-12-13 00:00:00+00:00,0.0,,0.006782366835131226
ht2.vwap_reversion,1w,AAPL,2022-12-12 00:00:00+00:00,2022-12-19 00:00:00+00:00,0.0,,-0.08388151141290312
ht2.vwap_reversion,5w,AAPL,2022-12-12 00:00:00+00:00,2023-01-19 00:00:00+00:00,0.0,,-0.06381076618236958
ht2.vwap_reversion,1d,AAPL,2023-01-19 00:00:00+00:00,2023-01-20 00:00:00+00:00,0.0,,0.01922075595937578
ht2.vwap_reversion,1w,AAPL,2023-01-19 00:00:00+00:00,2023-01-26 00:00:00+00:00,0.0,,0.06424190791879525
ht2.vwap_reversion,5w,AAPL,2023-01-19 00:00:00+00:00,2023-02-24 00:00:00+00:00,0.0,,0.08622754559769996
ht2.vwap_reversion,1d,AAPL,2023-02-24 00:00:00+00:00,2023-02-27 00:00:00+00:00,0.0,,0.008247572406068882
ht2.vwap_reversion,1w,AAPL,2023-02-24 00:00:00+00:00,2023-03-03 00:00:00+00:00,0.0,,0.029445906296449165
ht2.vwap_reversion,5w,AAPL,2023-02-24 00:00:00+00:00,2023-03-31 00:00:00+00:00,0.0,,0.12398597890493646
ht2.vwap_reversion,1d,AAPL,2023-03-31 00:00:00+00:00,2023-04-03 00:00:00+00:00,-1.0,0.0,0.007701636625995434
ht2.vwap_reversion,1w,AAPL,2023-03-31 00:00:00+00:00,2023-04-10 00:00:00+00:00,-1.0,1.0,-0.017404291911363057
ht2.vwap_reversion,5w,AAPL,2023-03-31 00:00:00+00:00,2023-05-08 00:00:00+00:00,-1.0,0.0,0.05215297119014628
ht2.vwap_reversion,1d,AAPL,2023-05-08 00:00:00+00:00,2023-05-09 00:00:00+00:00,0.0,,-0.009971168620533266
ht2.vwap_reversion,1w,AAPL,2023-05-08 00:00:00+00:00,2023-05-15 00:00:00+00:00,0.0,,-0.006870389823811052
ht2.vwap_reversion,5w,AAPL,2023-05-08 00:00:00+00:00,2023-06-13 00:00:00+00:00,0.0,,0.05800302945337643
ht2.vwap_reversion,1d,AAPL,2023-06-13 00:00:00+00:00,2023-06-14 00:00:00+00:00,0.0,,0.0034914789968896187
ht2.vwap_reversion,1w,AAPL,2023-06-13 00:00:00+00:00,2023-06-21 00:00:00+00:00,0.0,,0.0035459686761223352
ht2.vwap_reversion,5w,AAPL,2023-06-13 00:00:00+00:00,2023-07-20 00:00:00+00:00,0.0,,0.0535707044560898
ht2.vwap_reversion,1d,AAPL,2023-07-20 00:00:00+00:00,2023-07-21 00:00:00+00:00,0.0,,-0.006161703749093972
ht2.vwap_reversion,1w,AAPL,2023-07-20 00:00:00+00:00,2023-07-27 00:00:00+00:00,0.0,,0.00046587240099738025
ht2.vwap_reversion,5w,AAPL,2023-07-20 00:00:00+00:00,2023-08-24 00:00:00+00:00,0.0,,-0.08549608514832452
ht2.vwap_reversion,1d,AAPL,2023-08-24 00:00:00+00:00,2023-08-25 00:00:00+00:00,0.0,,0.01264315560257212
ht2.vwap_reversion,1w,AAPL,2023-08-24 00:00:00+00:00,2023-08-31 00:00:00+00:00,0.0,,0.06514370689658944
ht2.vwap_reversion,5w,AAPL,2023-08-24 00:00:00+00:00,2023-09-29 00:00:00+00:00,0.0,,-0.02931165626259047
ht2.vwap_reversion,1d,AAPL,2023-09-29 00:00:00+00:00,2023-10-02 00:00:00+00:00,0.0,,0.014835575681579227
ht2.vwap_reversion,1w,AAPL,2023-09-29 00:00:00+00:00,2023-10-06 00:00:00+00:00,0.0,,0.036680202112136406
ht2.vwap_reversion,5w,AAPL,2023-09-29 00:00:00+00:00,2023-11-03 00:00:00+00:00,0.0,,0.03177391175217137
ht2.vwap_reversion,1d,AAPL,2023-11-03 00:00:00+00:00,2023-11-06 00:00:00+00:00,0.0,,0.014605279342557509
ht2.vwap_reversion,1w,AAPL,2023-11-03 00:00:00+00:00,2023-11-10 00:00:00+00:00,0.0,,0.05658403257796385
ht2.vwap_reversion,5w,AAPL,2023-11-03 00:00:00+00:00,2023-12-11 00:00:00+00:00,0.0,,0.0950154717313152
ht2.vwap_reversion,1d,AAPL,2023-12-11 00:00:00+00:00,2023-12-12 00:00:00+00:00,0.0,,0.007920286887637795
ht2.vwap_reversion,1w,AAPL,2023-12-11 00:00:00+00:00,2023-12-18 00:00:00+00:00,0.0,,0.014028497842218268
ht2.vwap_reversion,5w,AAPL,2023-12-11 00:00:00+00:00,2024-01-18 00:00:00+00:00,0.0,,-0.02355306955989056
ht2.vwap_reversion,1d,AAPL,2024-01-18 00:00:00+00:00,2024-01-19 00:00:00+00:00,-1.0,0.0,0.015532919495514497
ht2.vwap_reversion,1w,AAPL,2024-01-18 00:00:00+00:00,2024-01-25 00:00:00+00:00,-1.0,0.0,0.029369635601209643
ht2.vwap_reversion,5w,AAPL,2024-01-18 00:00:00+00:00,2024-02-23 00:00:00+00:00,-1.0,1.0,-0.03115672457524954
ht2.vwap_reversion,1d,AAPL,2024-02-23 00:00:00+00:00,2024-02-26 00:00:00+00:00,0.0,,-0.0074512560007758966
ht2.vwap_reversion,1w,AAPL,2024-02-23 00:00:00+00:00,2024-03-01 00:00:00+00:00,0.0,,-0.015669543117864504
ht2.vwap_reversion,5w,AAPL,2024-02-23 00:00:00+00:00,2024-04-01 00:00:00+00:00,0.0,,-0.06843107486784827
ht2.vwap_reversion,1d,AAPL,2024-04-01 00:00:00+00:00,2024-04-02 00:00:00+00:00,0.0,,-0.006998783262069708
ht2.vwap_reversion,1w,AAPL,2024-04-01 00:00:00+00:00,2024-04-08 00:00:00+00:00,0.0,,-0.009292278014275013
ht2.vwap_reversion,5w,AAPL,2024-04-01 00:00:00+00:00,2024-05-06 00:00:00+00:00,0.0,,0.0686938918884985
ht2.vwap_reversion,1d,AAPL,2024-05-06 00:00:00+00:00,2024-05-07 00:00:00+00:00,0.0,,0.00379715899401023
ht2.vwap_reversion,1w,AAPL,2024-05-06 00:00:00+00:00,2024-05-13 00:00:00+00:00,0.0,,0.026540469908506115
ht2.vwap_reversion,5w,AAPL,2024-05-06 00:00:00+00:00,2024-06-11 00:00:00+00:00,0.0,,0.1415496255854034
ht2.vwap_reversion,1d,AAPL,2024-06-11 00:00:00+00:00,2024-06-12 00:00:00+00:00,-1.0,0.0,0.028578418668914196
ht2.vwap_reversion,1w,AAPL,2024-06-11 00:00:00+00:00,2024-06-18 00:00:00+00:00,-1.0,0.0,0.034467724526207055
ht2.vwap_reversion,5w,AAPL,2024-06-11 00:00:00+00:00,2024-07-18 00:00:00+00:00,-1.0,0.0,0.08221098270731719
ht2.vwap_reversion,1d,AAPL,2024-07-18 00:00:00+00:00,2024-07-19 00:00:00+00:00,0.0,,0.0005799437715650058
ht2.vwap_reversion,1w,AAPL,2024-07-18 00:00:00+00:00,2024-07-25 00:00:00+00:00,0.0,,-0.029842092442625145
ht2.vwap_reversion,5w,AAPL,2024-07-18 00:00:00+00:00,2024-08-22 00:00:00+00:00,0.0,,0.0027204447701469903
ht2.vwap_reversion,1d,AAPL,2024-08-22 00:00:00+00:00,2024-08-23 00:00:00+00:00,0.0,,0.010288139447009792
ht2.vwap_reversion,1w,AAPL,2024-08-22 00:00:00+00:00,2024-08-29 00:00:00+00:00,0.0,,0.023426671617078565
ht2.vwap_reversion,5w,AAPL,2024-08-22 00:00:00+00:00,2024-09-27 00:00:00+00:00,0.0,,0.014519288582544698
ht2.vwap_reversion,1d,AAPL,2024-09-27 00:00:00+00:00,2024-09-30 00:00:00+00:00,0.0,,0.022871874569812878
ht2.vwap_reversion,1w,AAPL,2024-09-27 00:00:00+00:00,2024-10-04 00:00:00+00:00,0.0,,-0.004346081036153415
ht2.vwap_reversion,5w,AAPL,2024-09-27 00:00:00+00:00,2024-11-01 00:00:00+00:00,0.0,,-0.021423270953180307
ht2.vwap_reversion,1d,AAPL,2024-11-01 00:00:00+00:00,2024-11-04 00:00:00+00:00,0.0,,-0.00403756661201482
ht2.vwap_reversion,1w,AAPL,2024-11-01 00:00:00+00:00,2024-11-08 00:00:00+00:00,0.0,,0.01928905446987539
ht2.vwap_reversion,5w,AAPL,2024-11-01 00:00:00+00:00,2024-12-09 00:00:00+00:00,0.0,,0.10816680574116622
ht2.vwap_reversion,1d,AAPL,2024-12-09 00:00:00+00:00,2024-12-10 00:00:00+00:00,0.0,,0.004133794520775558
ht2.vwap_reversion,1w,AAPL,2024-12-09 00:00:00+00:00,2024-12-16 00:00:00+00:00,0.0,,0.017386092210040394
ht2.vwap_reversion,5w,AAPL,2024-12-09 00:00:00+00:00,2025-01-16 00:00:00+00:00,0.0,,-0.07493419757290465
ht2.vwap_reversion,1d,AAPL,2025-01-16 00:00:00+00:00,2025-01-17 00:00:00+00:00,0.0,,0.007535416700894526
ht2.vwap_reversion,1w,AAPL,2025-01-16 00:00:00+00:00,2025-01-24 00:00:00+00:00,0.0,,-0.024007660387511898
ht2.vwap_reversion,5w,AAPL,2025-01-16 00:00:00+00:00,2025-02-24 00:00:00+00:00,0.0,,0.08372788467779757
ht2.vwap_reversion,1d,AAPL,2025-02-24 00:00:00+00:00,2025-02-25 00:00:00+00:00,0.0,,-0.0002428090798670679
ht2.vwap_reversion,1w,AAPL,2025-02-24 00:00:00+00:00,2025-03-03 00:00:00+00:00,0.0,,-0.036705799023917574
ht2.vwap_reversion,5w,AAPL,2025-02-24 00:00:00+00:00,2025-03-31 00:00:00+00:00,0.0,,-0.10105219338985216
ht2.vwap_reversion,1d,AAPL,2025-03-31 00:00:00+00:00,2025-04-01 00:00:00+00:00,0.0,,0.004771877151221959
ht2.vwap_reversion,1w,AAPL,2025-03-31 00:00:00+00:00,2025-04-07 00:00:00+00:00,0.0,,-0.1830909450310051
ht2.vwap_reversion,5w,AAPL,2025-03-31 00:00:00+00:00,2025-05-06 00:00:00+00:00,0.0,,-0.10633423460035996
ht2.vwap_reversion,1d,AAPL,2025-05-06 00:00:00+00:00,2025-05-07 00:00:00+00:00,0.0,,-0.011384822963551366
ht2.vwap_reversion,1w,AAPL,2025-05-06 00:00:00+00:00,2025-05-13 00:00:00+00:00,0.0,,0.07404775290001453
ht2.vwap_reversion,5w,AAPL,2025-05-06 00:00:00+00:00,2025-06-11 00:00:00+00:00,0.0,,0.0026733908630156566
ht2.vwap_reversion,1d,AAPL,2025-06-11 00:00:00+00:00,2025-06-12 00:00:00+00:00,1.0,1.0,0.0021127551450150772
ht2.vwap_reversion,1w,AAPL,2025-06-11 00:00:00+00:00,2025-06-18 00:00:00+00:00,1.0,0.0,-0.011067609707304249
ht2.vwap_reversion,5w,AAPL,2025-06-11 00:00:00+00:00,2025-07-18 00:00:00+00:00,1.0,1.0,0.06238038570913318
ht2.vwap_reversion,1d,AAPL,2025-07-18 00:00:00+00:00,2025-07-21 00:00:00+00:00,0.0,,0.006155957704908399
ht2.vwap_reversion,1w,AAPL,2025-07-18 00:00:00+00:00,2025-07-25 00:00:00+00:00,0.0,,0.012785366843907742
ht2.vwap_reversion,5w,AAPL,2025-07-18 00:00:00+00:00,2025-08-22 00:00:00+00:00,0.0,,0.07973529120494072
ht2.vwap_reversion,1d,AAPL,2025-08-22 00:00:00+00:00,2025-08-25 00:00:00+00:00,0.0,,-0.0026342927136550065
ht2.vwap_reversion,1w,AAPL,2025-08-22 00:00:00+00:00,2025-08-29 00:00:00+00:00,0.0,,0.01923075371326588
ht2.vwap_reversion,5w,AAPL,2025-08-22 00:00:00+00:00,2025-09-29 00:00:00+00:00,0.0,,0.11709698737400775
ht2.vwap_reversion,1d,AAPL,2025-09-29 00:00:00+00:00,2025-09-30 00:00:00+00:00,0.0,,0.0007861333777001711
ht2.vwap_reversion,1w,AAPL,2025-09-29 00:00:00+00:00,2025-10-06 00:00:00+00:00,0.0,,0.008882645034234526
ht2.vwap_reversion,5w,AAPL,2025-09-29 00:00:00+00:00,2025-11-03 00:00:00+00:00,0.0,,0.057461714973439104
ht2.vwap_reversion,1d,AAPL,2025-11-03 00:00:00+00:00,2025-11-04 00:00:00+00:00,0.0,,0.003679621866796934
ht2.vwap_reversion,1w,AAPL,2025-11-03 00:00:00+00:00,2025-11-10 00:00:00+00:00,0.0,,0.0023830279049470438
ht2.vwap_reversion,5w,AAPL,2025-11-03 00:00:00+00:00,2025-12-09 00:00:00+00:00,0.0,,0.031216162785442148
ht2.vwap_reversion,1d,AAPL,2025-12-09 00:00:00+00:00,2025-12-10 00:00:00+00:00,0.0,,0.005772369311079162
ht2.vwap_reversion,1w,AAPL,2025-12-09 00:00:00+00:00,2025-12-16 00:00:00+00:00,0.0,,-0.009272046225764052
ht2.vwap_reversion,5w,AAPL,2025-12-09 00:00:00+00:00,2026-01-15 00:00:00+00:00,0.0,,-0.068439328463888
ht2.vwap_reversion,1d,AAPL,2026-01-15 00:00:00+00:00,2026-01-16 00:00:00+00:00,0.0,,-0.010379107417738509
ht2.vwap_reversion,1w,AAPL,2026-01-15 00:00:00+00:00,2026-01-23 00:00:00+00:00,0.0,,-0.03938655545939074
ht2.vwap_reversion,5w,AAPL,2026-01-15 00:00:00+00:00,2026-02-23 00:00:00+00:00,0.0,,0.031830906096036005
ht2.vwap_reversion,1d,AAPL,2026-02-23 00:00:00+00:00,2026-02-24 00:00:00+00:00,0.0,,0.02239105106810335
ht2.vwap_reversion,1w,AAPL,2026-02-23 00:00:00+00:00,2026-03-02 00:00:00+00:00,0.0,,-0.005485004102612212
ht2.vwap_reversion,5w,AAPL,2026-02-23 00:00:00+00:00,2026-03-30 00:00:00+00:00,0.0,,-0.073446462978634
ht2.vwap_reversion,1d,AAPL,2026-03-30 00:00:00+00:00,2026-03-31 00:00:00+00:00,0.0,,0.029031288584213666
ht2.vwap_reversion,1w,AAPL,2026-03-30 00:00:00+00:00,2026-04-07 00:00:00+00:00,0.0,,0.027855474323076113
ht2.vwap_reversion,5w,AAPL,2026-03-30 00:00:00+00:00,2026-05-05 00:00:00+00:00,0.0,,0.15225235895760503
ht2.vwap_reversion,1d,AAPL,2026-05-05 00:00:00+00:00,2026-05-06 00:00:00+00:00,-1.0,0.0,0.011717918777652159
ht2.vwap_reversion,1w,AAPL,2026-05-05 00:00:00+00:00,2026-05-12 00:00:00+00:00,-1.0,0.0,0.038326393357934974
ht2.vwap_reversion,5w,AAPL,2026-05-05 00:00:00+00:00,2026-06-10 00:00:00+00:00,-1.0,0.0,0.02698511159579442
ht2.vwap_reversion,1d,AAPL,2026-06-10 00:00:00+00:00,2026-06-11 00:00:00+00:00,0.0,,0.01388983748609407
ht2.vwap_reversion,1w,AAPL,2026-06-10 00:00:00+00:00,2026-06-17 00:00:00+00:00,0.0,,0.014987335354369247
ht2.vwap_reversion,5w,AAPL,2026-06-10 00:00:00+00:00,2026-07-17 00:00:00+00:00,0.0,,0.14459149447008568
ht2.vwap_reversion,1d,AAPL,2026-07-17 00:00:00+00:00,2026-07-20 00:00:00+00:00,0.0,,-0.02142383591993391
ht2.vwap_reversion,1w,AAPL,2026-07-17 00:00:00+00:00,2026-07-24 00:00:00+00:00,0.0,,-0.0021573105114066626
ht2.vwap_reversion,5w,AAPL,2026-07-17 00:00:00+00:00,2026-08-21 00:00:00+00:00,0.0,,-0.07228134213780579
ht2.vwap_reversion,1d,AMD,2018-09-05 00:00:00+00:00,2018-09-06 00:00:00+00:00,0.0,,-0.023500528618558558
ht2.vwap_reversion,1w,AMD,2018-09-05 00:00:00+00:00,2018-09-12 00:00:00+00:00,0.0,,0.12977898372103702
ht2.vwap_reversion,5w,AMD,2018-09-05 00:00:00+00:00,2018-10-10 00:00:00+00:00,0.0,,-0.12311470363742971
ht2.vwap_reversion,1d,AMD,2018-10-10 00:00:00+00:00,2018-10-11 00:00:00+00:00,0.0,,0.011999969482421768
ht2.vwap_reversion,1w,AMD,2018-10-10 00:00:00+00:00,2018-10-17 00:00:00+00:00,0.0,,0.09199996948242184
ht2.vwap_reversion,5w,AMD,2018-10-10 00:00:00+00:00,2018-11-14 00:00:00+00:00,0.0,,-0.16760002136230467
ht2.vwap_reversion,1d,AMD,2018-11-14 00:00:00+00:00,2018-11-15 00:00:00+00:00,0.0,,0.03267661329298299
ht2.vwap_reversion,1w,AMD,2018-11-14 00:00:00+00:00,2018-11-21 00:00:00+00:00,0.0,,-0.09995194507862337
ht2.vwap_reversion,5w,AMD,2018-11-14 00:00:00+00:00,2018-12-21 00:00:00+00:00,0.0,,-0.1864487871379623
ht2.vwap_reversion,1d,AMD,2018-12-21 00:00:00+00:00,2018-12-24 00:00:00+00:00,1.0,0.0,-0.016538728978044204
ht2.vwap_reversion,1w,AMD,2018-12-21 00:00:00+00:00,2018-12-31 00:00:00+00:00,1.0,1.0,0.09037204676417687
ht2.vwap_reversion,5w,AMD,2018-12-21 00:00:00+00:00,2019-01-30 00:00:00+00:00,1.0,1.0,0.36385113622997967
ht2.vwap_reversion,1d,AMD,2019-01-30 00:00:00+00:00,2019-01-31 00:00:00+00:00,-1.0,0.0,0.05716759142923933
ht2.vwap_reversion,1w,AMD,2019-01-30 00:00:00+00:00,2019-02-06 00:00:00+00:00,-1.0,0.0,0.007362497841945537
ht2.vwap_reversion,5w,AMD,2019-01-30 00:00:00+00:00,2019-03-07 00:00:00+00:00,-1.0,1.0,-0.04374188922509126
ht2.vwap_reversion,1d,AMD,2019-03-07 00:00:00+00:00,2019-03-08 00:00:00+00:00,1.0,0.0,-0.0031702760446595812
ht2.vwap_reversion,1w,AMD,2019-03-07 00:00:00+00:00,2019-03-14 00:00:00+00:00,1.0,1.0,0.033514482503402165
ht2.vwap_reversion,5w,AMD,2019-03-07 00:00:00+00:00,2019-04-11 00:00:00+00:00,1.0,1.0,0.2586051182767799
ht2.vwap_reversion,1d,AMD,2019-04-11 00:00:00+00:00,2019-04-12 00:00:00+00:00,0.0,,0.0021590307292453925
ht2.vwap_reversion,1w,AMD,2019-04-11 00:00:00+00:00,2019-04-18 00:00:00+00:00,0.0,,-0.003958280198907871
ht2.vwap_reversion,5w,AMD,2019-04-11 00:00:00+00:00,2019-05-17 00:00:00+00:00,0.0,,-0.010435441020993586
ht2.vwap_reversion,1d,AMD,2019-05-17 00:00:00+00:00,2019-05-20 00:00:00+00:00,0.0,,-0.029818170720880666
ht2.vwap_reversion,1w,AMD,2019-05-17 00:00:00+00:00,2019-05-24 00:00:00+00:00,0.0,,-0.03854543512517761
ht2.vwap_reversion,5w,AMD,2019-05-17 00:00:00+00:00,2019-06-24 00:00:00+00:00,0.0,,0.06400000832297592
ht2.vwap_reversion,1d,AMD,2019-06-24 00:00:00+00:00,2019-06-25 00:00:00+00:00,0.0,,-0.013670526842151198
ht2.vwap_reversion,1w,AMD,2019-06-24 00:00:00+00:00,2019-07-01 00:00:00+00:00,0.0,,0.06630213666719964
ht2.vwap_reversion,5w,AMD,2019-06-24 00:00:00+00:00,2019-07-30 00:00:00+00:00,0.0,,0.1575529277833876
ht2.vwap_reversion,1d,AMD,2019-07-30 00:00:00+00:00,2019-07-31 00:00:00+00:00,0.0,,-0.10097426267485865
ht2.vwap_reversion,1w,AMD,2019-07-30 00:00:00+00:00,2019-08-06 00:00:00+00:00,0.0,,-0.14791846706605183
ht2.vwap_reversion,5w,AMD,2019-07-30 00:00:00+00:00,2019-09-04 00:00:00+00:00,0.0,,-0.08621193566665464
ht2.vwap_reversion,1d,AMD,2019-09-04 00:00:00+00:00,2019-09-05 00:00:00+00:00,0.0,,0.017770572649520977
ht2.vwap_reversion,1w,AMD,2019-09-04 00:00:00+00:00,2019-09-11 00:00:00+00:00,0.0,,-0.038449127777811176
ht2.vwap_reversion,5w,AMD,2019-09-04 00:00:00+00:00,2019-10-09 00:00:00+00:00,0.0,,-0.08045239473623556
ht2.vwap_reversion,1d,AMD,2019-10-09 00:00:00+00:00,2019-10-10 00:00:00+00:00,0.0,,-0.0028109601644260573
ht2.vwap_reversion,1w,AMD,2019-10-09 00:00:00+00:00,2019-10-16 00:00:00+00:00,0.0,,0.08257204698055842
ht2.vwap_reversion,5w,AMD,2019-10-09 00:00:00+00:00,2019-11-13 00:00:00+00:00,0.0,,0.31834159046877897
ht2.vwap_reversion,1d,AMD,2019-11-13 00:00:00+00:00,2019-11-14 00:00:00+00:00,0.0,,0.02212148204240405
ht2.vwap_reversion,1w,AMD,2019-11-13 00:00:00+00:00,2019-11-20 00:00:00+00:00,0.0,,0.09221745848237894
ht2.vwap_reversion,5w,AMD,2019-11-13 00:00:00+00:00,2019-12-19 00:00:00+00:00,0.0,,0.14152455513076267
ht2.vwap_reversion,1d,AMD,2019-12-19 00:00:00+00:00,2019-12-20 00:00:00+00:00,0.0,,0.030819510585851306
ht2.vwap_reversion,1w,AMD,2019-12-19 00:00:00+00:00,2019-12-27 00:00:00+00:00,0.0,,0.0782161646253332
ht2.vwap_reversion,5w,AMD,2019-12-19 00:00:00+00:00,2020-01-28 00:00:00+00:00,0.0,,0.17978044872879662
ht2.vwap_reversion,1d,AMD,2020-01-28 00:00:00+00:00,2020-01-29 00:00:00+00:00,0.0,,-0.05976648586425515
ht2.vwap_reversion,1w,AMD,2020-01-28 00:00:00+00:00,2020-02-04 00:00:00+00:00,0.0,,-0.021373402779497508
ht2.vwap_reversion,5w,AMD,2020-01-28 00:00:00+00:00,2020-03-04 00:00:00+00:00,0.0,,-0.008311857888217533
ht2.vwap_reversion,1d,AMD,2020-03-04 00:00:00+00:00,2020-03-05 00:00:00+00:00,0.0,,-0.03991219268887514
ht2.vwap_reversion,1w,AMD,2020-03-04 00:00:00+00:00,2020-03-11 00:00:00+00:00,0.0,,-0.08800638183391096
ht2.vwap_reversion,5w,AMD,2020-03-04 00:00:00+00:00,2020-04-08 00:00:00+00:00,0.0,,-0.026342041084540302
ht2.vwap_reversion,1d,AMD,2020-04-08 00:00:00+00:00,2020-04-09 00:00:00+00:00,0.0,,-0.008403358059409838
ht2.vwap_reversion,1w,AMD,2020-04-08 00:00:00+00:00,2020-04-16 00:00:00+00:00,0.0,,0.16724738049380128
ht2.vwap_reversion,5w,AMD,2020-04-08 00:00:00+00:00,2020-05-14 00:00:00+00:00,0.0,,0.11723708339151684
ht2.vwap_reversion,1d,AMD,2020-05-14 00:00:00+00:00,2020-05-15 00:00:00+00:00,0.0,,-0.005686985289656277
ht2.vwap_reversion,1w,AMD,2020-05-14 00:00:00+00:00,2020-05-21 00:00:00+00:00,0.0,,0.0025683949487556035
ht2.vwap_reversion,5w,AMD,2020-05-14 00:00:00+00:00,2020-06-19 00:00:00+00:00,0.0,,-0.005136649934297743
ht2.vwap_reversion,1d,AMD,2020-06-19 00:00:00+00:00,2020-06-22 00:00:00+00:00,0.0,,0.009773165844932263
ht2.vwap_reversion,1w,AMD,2020-06-19 00:00:00+00:00,2020-06-26 00:00:00+00:00,0.0,,-0.07615712895034499
ht2.vwap_reversion,5w,AMD,2020-06-19 00:00:00+00:00,2020-07-27 00:00:00+00:00,0.0,,0.27180530707891193
ht2.vwap_reversion,1d,AMD,2020-07-27 00:00:00+00:00,2020-07-28 00:00:00+00:00,0.0,,-0.019718726783831353
ht2.vwap_reversion,1w,AMD,2020-07-27 00:00:00+00:00,2020-08-03 00:00:00+00:00,0.0,,0.12614175430274832
ht2.vwap_reversion,5w,AMD,2020-07-27 00:00:00+00:00,2020-08-31 00:00:00+00:00,0.0,,0.3168043799825575
ht2.vwap_reversion,1d,AMD,2020-08-31 00:00:00+00:00,2020-09-01 00:00:00+00:00,-1.0,0.0,0.014974681952449664
ht2.vwap_reversion,1w,AMD,2020-08-31 00:00:00+00:00,2020-09-08 00:00:00+00:00,-1.0,1.0,-0.13356085987863364
ht2.vwap_reversion,5w,AMD,2020-08-31 00:00:00+00:00,2020-10-06 00:00:00+00:00,-1.0,1.0,-0.06980837215585167
ht2.vwap_reversion,1d,AMD,2020-10-06 00:00:00+00:00,2020-10-07 00:00:00+00:00,0.0,,0.02616002600207379
ht2.vwap_reversion,1w,AMD,2020-10-06 00:00:00+00:00,2020-10-13 00:00:00+00:00,0.0,,0.009469642407366585
ht2.vwap_reversion,5w,AMD,2020-10-06 00:00:00+00:00,2020-11-10 00:00:00+00:00,0.0,,-0.07682297863724463
ht2.vwap_reversion,1d,AMD,2020-11-10 00:00:00+00:00,2020-11-11 00:00:00+00:00,0.0,,0.042184908393948284
ht2.vwap_reversion,1w,AMD,2020-11-10 00:00:00+00:00,2020-11-17 00:00:00+00:00,0.0,,0.0688550185109913
ht2.vwap_reversion,5w,AMD,2020-11-10 00:00:00+00:00,2020-12-16 00:00:00+00:00,0.0,,0.24182588956208995
ht2.vwap_reversion,1d,AMD,2020-12-16 00:00:00+00:00,2020-12-17 00:00:00+00:00,0.0,,-0.00010327451097624785
ht2.vwap_reversion,1w,AMD,2020-12-16 00:00:00+00:00,2020-12-23 00:00:00+00:00,0.0,,-0.05472375328719792
ht2.vwap_reversion,5w,AMD,2020-12-16 00:00:00+00:00,2021-01-25 00:00:00+00:00,0.0,,-0.028084680057376965
ht2.vwap_reversion,1d,AMD,2021-01-25 00:00:00+00:00,2021-01-26 00:00:00+00:00,0.0,,0.006161710910213003
ht2.vwap_reversion,1w,AMD,2021-01-25 00:00:00+00:00,2021-02-01 00:00:00+00:00,0.0,,-0.0687346624890467
ht2.vwap_reversion,5w,AMD,2021-01-25 00:00:00+00:00,2021-03-02 00:00:00+00:00,0.0,,-0.1062360596174019
ht2.vwap_reversion,1d,AMD,2021-03-02 00:00:00+00:00,2021-03-03 00:00:00+00:00,0.0,,-0.03886837929182929
ht2.vwap_reversion,1w,AMD,2021-03-02 00:00:00+00:00,2021-03-09 00:00:00+00:00,0.0,,-0.0665636355276783
ht2.vwap_reversion,5w,AMD,2021-03-02 00:00:00+00:00,2021-04-07 00:00:00+00:00,0.0,,-0.022940691408347424
ht2.vwap_reversion,1d,AMD,2021-04-07 00:00:00+00:00,2021-04-08 00:00:00+00:00,0.0,,0.013990286722309841
ht2.vwap_reversion,1w,AMD,2021-04-07 00:00:00+00:00,2021-04-14 00:00:00+00:00,0.0,,-0.04440382034056056
ht2.vwap_reversion,5w,AMD,2021-04-07 00:00:00+00:00,2021-05-12 00:00:00+00:00,0.0,,-0.0919707766334098
ht2.vwap_reversion,1d,AMD,2021-05-12 00:00:00+00:00,2021-05-13 00:00:00+00:00,0.0,,-0.020766386179429386
ht2.vwap_reversion,1w,AMD,2021-05-12 00:00:00+00:00,2021-05-19 00:00:00+00:00,0.0,,0.021302304130319527
ht2.vwap_reversion,5w,AMD,2021-05-12 00:00:00+00:00,2021-06-17 00:00:00+00:00,0.0,,0.13290458534383487
ht2.vwap_reversion,1d,AMD,2021-06-17 00:00:00+00:00,2021-06-18 00:00:00+00:00,-1.0,0.0,0.001064379965512563
ht2.vwap_reversion,1w,AMD,2021-06-17 00:00:00+00:00,2021-06-24 00:00:00+00:00,-1.0,0.0,0.01821193188256931
ht2.vwap_reversion,5w,AMD,2021-06-17 00:00:00+00:00,2021-07-23 00:00:00+00:00,-1.0,0.0,0.08975880069090403
ht2.vwap_reversion,1d,AMD,2021-07-23 00:00:00+00:00,2021-07-26 00:00:00+00:00,0.0,,-0.003581137553882896
ht2.vwap_reversion,1w,AMD,2021-07-23 00:00:00+00:00,2021-07-30 00:00:00+00:00,0.0,,0.15236028956097636
ht2.vwap_reversion,5w,AMD,2021-07-23 00:00:00+00:00,2021-08-27 00:00:00+00:00,0.0,,0.20889853153821103
ht2.vwap_reversion,1d,AMD,2021-08-27 00:00:00+00:00,2021-08-30 00:00:00+00:00,0.0,,-0.0007181492814980484
ht2.vwap_reversion,1w,AMD,2021-08-27 00:00:00+00:00,2021-09-03 00:00:00+00:00,0.0,,-0.013285487761773185
ht2.vwap_reversion,5w,AMD,2021-08-27 00:00:00+00:00,2021-10-04 00:00:00+00:00,0.0,,-0.09928191235633843
ht2.vwap_reversion,1d,AMD,2021-10-04 00:00:00+00:00,2021-10-05 00:00:00+00:00,0.0,,0.014650202056545547
ht2.vwap_reversion,1w,AMD,2021-10-04 00:00:00+00:00,2021-10-11 00:00:00+00:00,0.0,,0.04325298112101161
ht2.vwap_reversion,5w,AMD,2021-10-04 00:00:00+00:00,2021-11-08 00:00:00+00:00,0.0,,0.49651195079230437
ht2.vwap_reversion,1d,AMD,2021-11-08 00:00:00+00:00,2021-11-09 00:00:00+00:00,-1.0,1.0,-0.008257894665175458
ht2.vwap_reversion,1w,AMD,2021-11-08 00:00:00+00:00,2021-11-15 00:00:00+00:00,-1.0,1.0,-0.024440583906774282
ht2.vwap_reversion,5w,AMD,2021-11-08 00:00:00+00:00,2021-12-14 00:00:00+00:00,-1.0,1.0,-0.09696322058806495
ht2.vwap_reversion,1d,AMD,2021-12-14 00:00:00+00:00,2021-12-15 00:00:00+00:00,0.0,,0.08038343219662858
ht2.vwap_reversion,1w,AMD,2021-12-14 00:00:00+00:00,2021-12-21 00:00:00+00:00,0.0,,0.06379051258951307
ht2.vwap_reversion,5w,AMD,2021-12-14 00:00:00+00:00,2022-01-20 00:00:00+00:00,0.0,,-0.10110623965164955
ht2.vwap_reversion,1d,AMD,2022-01-20 00:00:00+00:00,2022-01-21 00:00:00+00:00,1.0,0.0,-0.025268700028529545
ht2.vwap_reversion,1w,AMD,2022-01-20 00:00:00+00:00,2022-01-27 00:00:00+00:00,1.0,0.0,-0.1582574535410618
ht2.vwap_reversion,5w,AMD,2022-01-20 00:00:00+00:00,2022-02-25 00:00:00+00:00,1.0,0.0,-0.006809433384287633
ht2.vwap_reversion,1d,AMD,2022-02-25 00:00:00+00:00,2022-02-28 00:00:00+00:00,0.0,,0.018833626509808354
ht2.vwap_reversion,1w,AMD,2022-02-25 00:00:00+00:00,2022-03-04 00:00:00+00:00,0.0,,-0.10449359120763002
ht2.vwap_reversion,5w,AMD,2022-02-25 00:00:00+00:00,2022-04-01 00:00:00+00:00,0.0,,-0.10631088201499739
ht2.vwap_reversion,1d,AMD,2022-04-01 00:00:00+00:00,2022-04-04 00:00:00+00:00,0.0,,0.02162858198619544
ht2.vwap_reversion,1w,AMD,2022-04-01 00:00:00+00:00,2022-04-08 00:00:00+00:00,0.0,,-0.06645717976853005
ht2.vwap_reversion,5w,AMD,2022-04-01 00:00:00+00:00,2022-05-09 00:00:00+00:00,0.0,,-0.20177466806951416
ht2.vwap_reversion,1d,AMD,2022-05-09 00:00:00+00:00,2022-05-10 00:00:00+00:00,0.0,,0.027443292378786177
ht2.vwap_reversion,1w,AMD,2022-05-09 00:00:00+00:00,2022-05-16 00:00:00+00:00,0.0,,0.09124591474902588
ht2.vwap_reversion,5w,AMD,2022-05-09 00:00:00+00:00,2022-06-14 00:00:00+00:00,0.0,,0.007295012146427027
ht2.vwap_reversion,1d,AMD,2022-06-14 00:00:00+00:00,2022-06-15 00:00:00+00:00,0.0,,0.02655483670209824
ht2.vwap_reversion,1w,AMD,2022-06-14 00:00:00+00:00,2022-06-22 00:00:00+00:00,0.0,,-0.037245636778190594
ht2.vwap_reversion,5w,AMD,2022-06-14 00:00:00+00:00,2022-07-21 00:00:00+00:00,0.0,,0.047131837852690595
ht2.vwap_reversion,1d,AMD,2022-07-21 00:00:00+00:00,2022-07-22 00:00:00+00:00,0.0,,-0.03282465675680113
ht2.vwap_reversion,1w,AMD,2022-07-21 00:00:00+00:00,2022-07-28 00:00:00+00:00,0.0,,0.006367349372846887
ht2.vwap_reversion,5w,AMD,2022-07-21 00:00:00+00:00,2022-08-25 00:00:00+00:00,0.0,,0.06685700090155677
ht2.vwap_reversion,1d,AMD,2022-08-25 00:00:00+00:00,2022-08-26 00:00:00+00:00,0.0,,-0.06174109879767553
ht2.vwap_reversion,1w,AMD,2022-08-25 00:00:00+00:00,2022-09-01 00:00:00+00:00,0.0,,-0.1528092038226736
ht2.vwap_reversion,5w,AMD,2022-08-25 00:00:00+00:00,2022-09-30 00:00:00+00:00,0.0,,-0.34801399041591663
ht2.vwap_reversion,1d,AMD,2022-09-30 00:00:00+00:00,2022-10-03 00:00:00+00:00,0.0,,0.04340277735967568
ht2.vwap_reversion,1w,AMD,2022-09-30 00:00:00+00:00,2022-10-07 00:00:00+00:00,0.0,,-0.07765154571098232
ht2.vwap_reversion,5w,AMD,2022-09-30 00:00:00+00:00,2022-11-04 00:00:00+00:00,0.0,,-0.01846594022051562
ht2.vwap_reversion,1d,AMD,2022-11-04 00:00:00+00:00,2022-11-07 00:00:00+00:00,0.0,,0.014311034314181237
ht2.vwap_reversion,1w,AMD,2022-11-04 00:00:00+00:00,2022-11-11 00:00:00+00:00,0.0,,0.16369198174416755
ht2.vwap_reversion,5w,AMD,2022-11-04 00:00:00+00:00,2022-12-12 00:00:00+00:00,0.0,,0.13635632303414136
ht2.vwap_reversion,1d,AMD,2022-12-12 00:00:00+00:00,2022-12-13 00:00:00+00:00,0.0,,0.013867318272610785
ht2.vwap_reversion,1w,AMD,2022-12-12 00:00:00+00:00,2022-12-19 00:00:00+00:00,0.0,,-0.08603370579577063
ht2.vwap_reversion,5w,AMD,2022-12-12 00:00:00+00:00,2023-01-19 00:00:00+00:00,0.0,,-0.04188480488419444
ht2.vwap_reversion,1d,AMD,2023-01-19 00:00:00+00:00,2023-01-20 00:00:00+00:00,0.0,,0.034854536143285264
ht2.vwap_reversion,1w,AMD,2023-01-19 00:00:00+00:00,2023-01-26 00:00:00+00:00,0.0,,0.11002812994196542
ht2.vwap_reversion,5w,AMD,2023-01-19 00:00:00+00:00,2023-02-24 00:00:00+00:00,0.0,,0.15330080333435303
ht2.vwap_reversion,1d,AMD,2023-02-24 00:00:00+00:00,2023-02-27 00:00:00+00:00,0.0,,0.00870790545607747
ht2.vwap_reversion,1w,AMD,2023-02-24 00:00:00+00:00,2023-03-03 00:00:00+00:00,0.0,,0.04392368377550415
ht2.vwap_reversion,5w,AMD,2023-02-24 00:00:00+00:00,2023-03-31 00:00:00+00:00,0.0,,0.255090366660375
ht2.vwap_reversion,1d,AMD,2023-03-31 00:00:00+00:00,2023-04-03 00:00:00+00:00,0.0,,-0.014794455117154937
ht2.vwap_reversion,1w,AMD,2023-03-31 00:00:00+00:00,2023-04-10 00:00:00+00:00,0.0,,-0.025813679462839745
ht2.vwap_reversion,5w,AMD,2023-03-31 00:00:00+00:00,2023-05-08 00:00:00+00:00,0.0,,-0.030303042097427402
ht2.vwap_reversion,1d,AMD,2023-05-08 00:00:00+00:00,2023-05-09 00:00:00+00:00,-1.0,0.0,0.00021040238714009618
ht2.vwap_reversion,1w,AMD,2023-05-08 00:00:00+00:00,2023-05-15 00:00:00+00:00,-1.0,0.0,0.024831656014493886
ht2.vwap_reversion,5w,AMD,2023-05-08 00:00:00+00:00,2023-06-13 00:00:00+00:00,-1.0,0.0,0.3102903785741815
ht2.vwap_reversion,1d,AMD,2023-06-13 00:00:00+00:00,2023-06-14 00:00:00+00:00,0.0,,0.02248456660406961
ht2.vwap_reversion,1w,AMD,2023-06-13 00:00:00+00:00,2023-06-21 00:00:00+00:00,0.0,,-0.09973498988751406
ht2.vwap_reversion,5w,AMD,2023-06-13 00:00:00+00:00,2023-07-20 00:00:00+00:00,0.0,,-0.11467115489662183
ht2.vwap_reversion,1d,AMD,2023-07-20 00:00:00+00:00,2023-07-21 00:00:00+00:00,0.0,,0.00634917866886342
ht2.vwap_reversion,1w,AMD,2023-07-20 00:00:00+00:00,2023-07-27 00:00:00+00:00,0.0,,0.0077097367267220385
ht2.vwap_reversion,5w,AMD,2023-07-20 00:00:00+00:00,2023-08-24 00:00:00+00:00,0.0,,-0.0766439632493624
ht2.vwap_reversion,1d,AMD,2023-08-24 00:00:00+00:00,2023-08-25 00:00:00+00:00,0.0,,0.004420402109550192
ht2.vwap_reversion,1w,AMD,2023-08-24 00:00:00+00:00,2023-08-31 00:00:00+00:00,0.0,,0.03850685708675572
ht2.vwap_reversion,5w,AMD,2023-08-24 00:00:00+00:00,2023-09-29 00:00:00+00:00,0.0,,0.010019613089282897
ht2.vwap_reversion,1d,AMD,2023-09-29 00:00:00+00:00,2023-10-02 00:00:00+00:00,0.0,,0.0043765507642268275
ht2.vwap_reversion,1w,AMD,2023-09-29 00:00:00+00:00,2023-10-06 00:00:00+00:00,0.0,,0.04298772789402938
ht2.vwap_reversion,5w,AMD,2023-09-29 00:00:00+00:00,2023-11-03 00:00:00+00:00,0.0,,0.0917136776226859
ht2.vwap_reversion,1d,AMD,2023-11-03 00:00:00+00:00,2023-11-06 00:00:00+00:00,0.0,,-0.0044543429844098315
ht2.vwap_reversion,1w,AMD,2023-11-03 00:00:00+00:00,2023-11-10 00:00:00+00:00,0.0,,0.05648103641773394
ht2.vwap_reversion,5w,AMD,2023-11-03 00:00:00+00:00,2023-12-11 00:00:00+00:00,0.0,,0.19741651369362478
ht2.vwap_reversion,1d,AMD,2023-12-11 00:00:00+00:00,2023-12-12 00:00:00+00:00,0.0,,0.02380772904587225
ht2.vwap_reversion,1w,AMD,2023-12-11 00:00:00+00:00,2023-12-18 00:00:00+00:00,0.0,,0.033405179019727615
ht2.vwap_reversion,5w,AMD,2023-12-11 00:00:00+00:00,2024-01-18 00:00:00+00:00,0.0,,0.21025216677977454
ht2.vwap_reversion,1d,AMD,2024-01-18 00:00:00+00:00,2024-01-19 00:00:00+00:00,0.0,,0.07106410333015312
ht2.vwap_reversion,1w,AMD,2024-01-18 00:00:00+00:00,2024-01-25 00:00:00+00:00,0.0,,0.10856337284622142
ht2.vwap_reversion,5w,AMD,2024-01-18 00:00:00+00:00,2024-02-23 00:00:00+00:00,0.0,,0.08514173639524691
ht2.vwap_reversion,1d,AMD,2024-02-23 00:00:00+00:00,2024-02-26 00:00:00+00:00,0.0,,-0.00288924627963294
ht2.vwap_reversion,1w,AMD,2024-02-23 00:00:00+00:00,2024-03-01 00:00:00+00:00,0.0,,0.14797186995798484
ht2.vwap_reversion,5w,AMD,2024-02-23 00:00:00+00:00,2024-04-01 00:00:00+00:00,0.0,,0.038635802743937075
ht2.vwap_reversion,1d,AMD,2024-04-01 00:00:00+00:00,2024-04-02 00:00:00+00:00,0.0,,-0.025308167788424485
ht2.vwap_reversion,1w,AMD,2024-04-01 00:00:00+00:00,2024-04-08 00:00:00+00:00,0.0,,-0.0733064400014316
ht2.vwap_reversion,5w,AMD,2024-04-01 00:00:00+00:00,2024-05-06 00:00:00+00:00,0.0,,-0.15032179616607744
ht2.vwap_reversion,1d,AMD,2024-05-06 00:00:00+00:00,2024-05-07 00:00:00+00:00,0.0,,-0.008666106779396388
ht2.vwap_reversion,1w,AMD,2024-05-06 00:00:00+00:00,2024-05-13 00:00:00+00:00,0.0,,-0.03350880255236499
ht2.vwap_reversion,5w,AMD,2024-05-06 00:00:00+00:00,2024-06-11 00:00:00+00:00,0.0,,0.020413454612203674
ht2.vwap_reversion,1d,AMD,2024-06-11 00:00:00+00:00,2024-06-12 00:00:00+00:00,0.0,,0.008052332191963885
ht2.vwap_reversion,1w,AMD,2024-06-11 00:00:00+00:00,2024-06-18 00:00:00+00:00,0.0,,-0.027239567489757532
ht2.vwap_reversion,5w,AMD,2024-06-11 00:00:00+00:00,2024-07-18 00:00:00+00:00,0.0,,-0.020067956131559206
ht2.vwap_reversion,1d,AMD,2024-07-18 00:00:00+00:00,2024-07-19 00:00:00+00:00,1.0,0.0,-0.026898647534716713
ht2.vwap_reversion,1w,AMD,2024-07-18 00:00:00+00:00,2024-07-25 00:00:00+00:00,1.0,0.0,-0.11202411548837088
ht2.vwap_reversion,5w,AMD,2024-07-18 00:00:00+00:00,2024-08-22 00:00:00+00:00,1.0,0.0,-0.026128312336050286
ht2.vwap_reversion,1d,AMD,2024-08-22 00:00:00+00:00,2024-08-23 00:00:00+00:00,0.0,,0.02162161400976137
ht2.vwap_reversion,1w,AMD,2024-08-22 00:00:00+00:00,2024-08-29 00:00:00+00:00,0.0,,-0.0409360025049762
ht2.vwap_reversion,5w,AMD,2024-08-22 00:00:00+00:00,2024-09-27 00:00:00+00:00,0.0,,0.08338832834379972
ht2.vwap_reversion,1d,AMD,2024-09-27 00:00:00+00:00,2024-09-30 00:00:00+00:00,0.0,,-0.00164286134733016
ht2.vwap_reversion,1w,AMD,2024-09-27 00:00:00+00:00,2024-10-04 00:00:00+00:00,0.0,,0.03985389443090903
ht2.vwap_reversion,5w,AMD,2024-09-27 00:00:00+00:00,2024-11-01 00:00:00+00:00,0.0,,-0.13684213360478226
ht2.vwap_reversion,1d,AMD,2024-11-01 00:00:00+00:00,2024-11-04 00:00:00+00:00,0.0,,-0.008106540896211323
ht2.vwap_reversion,1w,AMD,2024-11-01 00:00:00+00:00,2024-11-08 00:00:00+00:00,0.0,,0.04292962295001024
ht2.vwap_reversion,5w,AMD,2024-11-01 00:00:00+00:00,2024-12-09 00:00:00+00:00,0.0,,-0.07747078419483755
ht2.vwap_reversion,1d,AMD,2024-12-09 00:00:00+00:00,2024-12-10 00:00:00+00:00,1.0,0.0,-0.023916843968819768
ht2.vwap_reversion,1w,AMD,2024-12-09 00:00:00+00:00,2024-12-16 00:00:00+00:00,1.0,0.0,-0.03194003844837234
ht2.vwap_reversion,5w,AMD,2024-12-09 00:00:00+00:00,2025-01-16 00:00:00+00:00,1.0,0.0,-0.09497969847596333
ht2.vwap_reversion,1d,AMD,2025-01-16 00:00:00+00:00,2025-01-17 00:00:00+00:00,0.0,,0.025498113650921805
ht2.vwap_reversion,1w,AMD,2025-01-16 00:00:00+00:00,2025-01-24 00:00:00+00:00,0.0,,0.03714955931937869
ht2.vwap_reversion,5w,AMD,2025-01-16 00:00:00+00:00,2025-02-24 00:00:00+00:00,0.0,,-0.08721717002804907
ht2.vwap_reversion,1d,AMD,2025-02-24 00:00:00+00:00,2025-02-25 00:00:00+00:00,1.0,0.0,-0.038386842127920096
ht2.vwap_reversion,1w,AMD,2025-02-24 00:00:00+00:00,2025-03-03 00:00:00+00:00,1.0,0.0,-0.09138837478160144
ht2.vwap_reversion,5w,AMD,2025-02-24 00:00:00+00:00,2025-03-31 00:00:00+00:00,1.0,0.0,-0.049671655871472375
ht2.vwap_reversion,1d,AMD,2025-03-31 00:00:00+00:00,2025-04-01 00:00:00+00:00,0.0,,0.0003893412143185504
ht2.vwap_reversion,1w,AMD,2025-03-31 00:00:00+00:00,2025-04-07 00:00:00+00:00,0.0,,-0.1859061599304992
ht2.vwap_reversion,5w,AMD,2025-03-31 00:00:00+00:00,2025-05-06 00:00:00+00:00,0.0,,-0.04010117970462168
ht2.vwap_reversion,1d,AMD,2025-05-06 00:00:00+00:00,2025-05-07 00:00:00+00:00,0.0,,0.017643457871733048
ht2.vwap_reversion,1w,AMD,2025-05-06 00:00:00+00:00,2025-05-13 00:00:00+00:00,0.0,,0.14033660466887654
ht2.vwap_reversion,5w,AMD,2025-05-06 00:00:00+00:00,2025-06-11 00:00:00+00:00,0.0,,0.22835120681282772
ht2.vwap_reversion,1d,AMD,2025-06-11 00:00:00+00:00,2025-06-12 00:00:00+00:00,0.0,,-0.02179296188665847
ht2.vwap_reversion,1w,AMD,2025-06-11 00:00:00+00:00,2025-06-18 00:00:00+00:00,0.0,,0.046640263780302726
ht2.vwap_reversion,5w,AMD,2025-06-11 00:00:00+00:00,2025-07-18 00:00:00+00:00,0.0,,0.295938635332196
ht2.vwap_reversion,1d,AMD,2025-07-18 00:00:00+00:00,2025-07-21 00:00:00+00:00,0.0,,6.366333197171947e-05
ht2.vwap_reversion,1w,AMD,2025-07-18 00:00:00+00:00,2025-07-25 00:00:00+00:00,0.0,,0.06038598252009009
ht2.vwap_reversion,5w,AMD,2025-07-18 00:00:00+00:00,2025-08-22 00:00:00+00:00,0.0,,0.06860302335705604
ht2.vwap_reversion,1d,AMD,2025-08-22 00:00:00+00:00,2025-08-25 00:00:00+00:00,0.0,,-0.02622790915926676
ht2.vwap_reversion,1w,AMD,2025-08-22 00:00:00+00:00,2025-08-29 00:00:00+00:00,0.0,,-0.030579338292803793
ht2.vwap_reversion,5w,AMD,2025-08-22 00:00:00+00:00,2025-09-29 00:00:00+00:00,0.0,,-0.03814970258730899
ht2.vwap_reversion,1d,AMD,2025-09-29 00:00:00+00:00,2025-09-30 00:00:00+00:00,0.0,,0.002664803384697434
ht2.vwap_reversion,1w,AMD,2025-09-29 00:00:00+00:00,2025-10-06 00:00:00+00:00,0.0,,0.26245665557340603
ht2.vwap_reversion,5w,AMD,2025-09-29 00:00:00+00:00,2025-11-03 00:00:00+00:00,0.0,,0.6091348098311009
ht2.vwap_reversion,1d,AMD,2025-11-03 00:00:00+00:00,2025-11-04 00:00:00+00:00,0.0,,-0.03697281367375582
ht2.vwap_reversion,1w,AMD,2025-11-03 00:00:00+00:00,2025-11-10 00:00:00+00:00,0.0,,-0.060350466155576155
ht2.vwap_reversion,5w,AMD,2025-11-03 00:00:00+00:00,2025-12-09 00:00:00+00:00,0.0,,-0.14646639581458432
ht2.vwap_reversion,1d,AMD,2025-12-09 00:00:00+00:00,2025-12-10 00:00:00+00:00,0.0,,-0.000902431877306209
ht2.vwap_reversion,1w,AMD,2025-12-09 00:00:00+00:00,2025-12-16 00:00:00+00:00,0.0,,-0.05617722778876033
ht2.vwap_reversion,5w,AMD,2025-12-09 00:00:00+00:00,2026-01-15 00:00:00+00:00,0.0,,0.02842705166754711
ht2.vwap_reversion,1d,AMD,2026-01-15 00:00:00+00:00,2026-01-16 00:00:00+00:00,0.0,,0.017155158360483647
ht2.vwap_reversion,1w,AMD,2026-01-15 00:00:00+00:00,2026-01-23 00:00:00+00:00,0.0,,0.13934711636533925
ht2.vwap_reversion,5w,AMD,2026-01-15 00:00:00+00:00,2026-02-23 00:00:00+00:00,0.0,,-0.13741660370764752
ht2.vwap_reversion,1d,AMD,2026-02-23 00:00:00+00:00,2026-02-24 00:00:00+00:00,0.0,,0.08769069022967213
ht2.vwap_reversion,1w,AMD,2026-02-23 00:00:00+00:00,2026-03-02 00:00:00+00:00,0.0,,0.010274613178843595
ht2.vwap_reversion,5w,AMD,2026-02-23 00:00:00+00:00,2026-03-30 00:00:00+00:00,0.0,,-0.0028484883011037354
ht2.vwap_reversion,1d,AMD,2026-03-30 00:00:00+00:00,2026-03-31 00:00:00+00:00,0.0,,0.03769638666974573
ht2.vwap_reversion,1w,AMD,2026-03-30 00:00:00+00:00,2026-04-07 00:00:00+00:00,0.0,,0.13002451727265552
ht2.vwap_reversion,5w,AMD,2026-03-30 00:00:00+00:00,2026-05-05 00:00:00+00:00,0.0,,0.8121812993897652
ht2.vwap_reversion,1d,AMD,2026-05-05 00:00:00+00:00,2026-05-06 00:00:00+00:00,0.0,,0.1861453669565576
ht2.vwap_reversion,1w,AMD,2026-05-05 00:00:00+00:00,2026-05-12 00:00:00+00:00,0.0,,0.2618645392727186
ht2.vwap_reversion,5w,AMD,2026-05-05 00:00:00+00:00,2026-06-10 00:00:00+00:00,0.0,,0.27343348944606904
ht2.vwap_reversion,1d,AMD,2026-06-10 00:00:00+00:00,2026-06-11 00:00:00+00:00,0.0,,0.07968616002854256
ht2.vwap_reversion,1w,AMD,2026-06-10 00:00:00+00:00,2026-06-17 00:00:00+00:00,0.0,,0.13280280146514056
ht2.vwap_reversion,5w,AMD,2026-06-10 00:00:00+00:00,2026-07-17 00:00:00+00:00,0.0,,0.09584442187031073
ht2.vwap_reversion,1d,AMD,2026-07-17 00:00:00+00:00,2026-07-20 00:00:00+00:00,0.0,,0.01575358521209891
ht2.vwap_reversion,1w,AMD,2026-07-17 00:00:00+00:00,2026-07-24 00:00:00+00:00,0.0,,0.05282798516521692
ht2.vwap_reversion,5w,AMD,2026-07-17 00:00:00+00:00,2026-08-21 00:00:00+00:00,0.0,,-0.045405053498096426
ht2.vwap_reversion,1d,AMZN,2017-11-16 00:00:00+00:00,2017-11-17 00:00:00+00:00,0.0,,-0.006515465173448587
ht2.vwap_reversion,1w,AMZN,2017-11-16 00:00:00+00:00,2017-11-24 00:00:00+00:00,0.0,,0.04282990579999435
ht2.vwap_reversion,5w,AMZN,2017-11-16 00:00:00+00:00,2017-12-22 00:00:00+00:00,0.0,,0.02731935003398145
ht2.vwap_reversion,1d,AMZN,2017-12-22 00:00:00+00:00,2017-12-26 00:00:00+00:00,0.0,,0.007189598906302885
ht2.vwap_reversion,1w,AMZN,2017-12-22 00:00:00+00:00,2018-01-02 00:00:00+00:00,0.0,,0.017674368065462964
ht2.vwap_reversion,5w,AMZN,2017-12-22 00:00:00+00:00,2018-01-31 00:00:00+00:00,0.0,,0.24181764469573053
ht2.vwap_reversion,1d,AMZN,2018-01-31 00:00:00+00:00,2018-02-01 00:00:00+00:00,0.0,,-0.04196737400527717
ht2.vwap_reversion,1w,AMZN,2018-01-31 00:00:00+00:00,2018-02-07 00:00:00+00:00,0.0,,-0.02350978114125246
ht2.vwap_reversion,5w,AMZN,2018-01-31 00:00:00+00:00,2018-03-08 00:00:00+00:00,0.0,,0.0695917664864465
ht2.vwap_reversion,1d,AMZN,2018-03-08 00:00:00+00:00,2018-03-09 00:00:00+00:00,-1.0,0.0,0.01741782666536884
ht2.vwap_reversion,1w,AMZN,2018-03-08 00:00:00+00:00,2018-03-15 00:00:00+00:00,-1.0,0.0,0.019627994143714966
ht2.vwap_reversion,5w,AMZN,2018-03-08 00:00:00+00:00,2018-04-13 00:00:00+00:00,-1.0,1.0,-0.07801611953271648
ht2.vwap_reversion,1d,AMZN,2018-04-13 00:00:00+00:00,2018-04-16 00:00:00+00:00,0.0,,0.007485369514734552
ht2.vwap_reversion,1w,AMZN,2018-04-13 00:00:00+00:00,2018-04-20 00:00:00+00:00,0.0,,0.06758503011413786
ht2.vwap_reversion,5w,AMZN,2018-04-13 00:00:00+00:00,2018-05-18 00:00:00+00:00,0.0,,0.10035017183321648
ht2.vwap_reversion,1d,AMZN,2018-05-18 00:00:00+00:00,2018-05-21 00:00:00+00:00,0.0,,0.007044143460552821
ht2.vwap_reversion,1w,AMZN,2018-05-18 00:00:00+00:00,2018-05-25 00:00:00+00:00,0.0,,0.02272657005748613
ht2.vwap_reversion,5w,AMZN,2018-05-18 00:00:00+00:00,2018-06-25 00:00:00+00:00,0.0,,0.056390849552971245
ht2.vwap_reversion,1d,AMZN,2018-06-25 00:00:00+00:00,2018-06-26 00:00:00+00:00,1.0,1.0,0.016799393006361685
ht2.vwap_reversion,1w,AMZN,2018-06-25 00:00:00+00:00,2018-07-02 00:00:00+00:00,1.0,1.0,0.030442253950137665
ht2.vwap_reversion,5w,AMZN,2018-06-25 00:00:00+00:00,2018-07-31 00:00:00+00:00,1.0,1.0,0.06871900121288621
ht2.vwap_reversion,1d,AMZN,2018-07-31 00:00:00+00:00,2018-08-01 00:00:00+00:00,0.0,,0.011100188511422582
ht2.vwap_reversion,1w,AMZN,2018-07-31 00:00:00+00:00,2018-08-07 00:00:00+00:00,0.0,,0.04784407712803329
ht2.vwap_reversion,5w,AMZN,2018-07-31 00:00:00+00:00,2018-09-05 00:00:00+00:00,0.0,,0.12229943587362335
ht2.vwap_reversion,1d,AMZN,2018-09-05 00:00:00+00:00,2018-09-06 00:00:00+00:00,0.0,,-0.018302408612638987
ht2.vwap_reversion,1w,AMZN,2018-09-05 00:00:00+00:00,2018-09-12 00:00:00+00:00,0.0,,-0.002416231248353551
ht2.vwap_reversion,5w,AMZN,2018-09-05 00:00:00+00:00,2018-10-10 00:00:00+00:00,0.0,,-0.12009605567153447
ht2.vwap_reversion,1d,AMZN,2018-10-10 00:00:00+00:00,2018-10-11 00:00:00+00:00,0.0,,-0.020447169250033426
ht2.vwap_reversion,1w,AMZN,2018-10-10 00:00:00+00:00,2018-10-17 00:00:00+00:00,0.0,,0.04357220065432199
ht2.vwap_reversion,5w,AMZN,2018-10-10 00:00:00+00:00,2018-11-14 00:00:00+00:00,0.0,,-0.08901292387530924
ht2.vwap_reversion,1d,AMZN,2018-11-14 00:00:00+00:00,2018-11-15 00:00:00+00:00,0.0,,0.012776650897123432
ht2.vwap_reversion,1w,AMZN,2018-11-14 00:00:00+00:00,2018-11-21 00:00:00+00:00,0.0,,-0.05145681875611208
ht2.vwap_reversion,5w,AMZN,2018-11-14 00:00:00+00:00,2018-12-21 00:00:00+00:00,0.0,,-0.13856077025197933
ht2.vwap_reversion,1d,AMZN,2018-12-21 00:00:00+00:00,2018-12-24 00:00:00+00:00,0.0,,-0.024313035987901577
ht2.vwap_reversion,1w,AMZN,2018-12-21 00:00:00+00:00,2018-12-31 00:00:00+00:00,0.0,,0.09039900939997714
ht2.vwap_reversion,5w,AMZN,2018-12-21 00:00:00+00:00,2019-01-30 00:00:00+00:00,0.0,,0.21269741325603264
ht2.vwap_reversion,1d,AMZN,2019-01-30 00:00:00+00:00,2019-01-31 00:00:00+00:00,0.0,,0.02891472167185971
ht2.vwap_reversion,1w,AMZN,2019-01-30 00:00:00+00:00,2019-02-06 00:00:00+00:00,0.0,,-0.018061207618661368
ht2.vwap_reversion,5w,AMZN,2019-01-30 00:00:00+00:00,2019-03-07 00:00:00+00:00,0.0,,-0.02662786268432582
ht2.vwap_reversion,1d,AMZN,2019-03-07 00:00:00+00:00,2019-03-08 00:00:00+00:00,0.0,,-0.0031673752931026256
ht2.vwap_reversion,1w,AMZN,2019-03-07 00:00:00+00:00,2019-03-14 00:00:00+00:00,0.0,,0.0370675159297833
ht2.vwap_reversion,5w,AMZN,2019-03-07 00:00:00+00:00,2019-04-11 00:00:00+00:00,0.0,,0.13414924380334314
ht2.vwap_reversion,1d,AMZN,2019-04-11 00:00:00+00:00,2019-04-12 00:00:00+00:00,0.0,,-0.0005476903050047888
ht2.vwap_reversion,1w,AMZN,2019-04-11 00:00:00+00:00,2019-04-18 00:00:00+00:00,0.0,,0.00955499893796552
ht2.vwap_reversion,5w,AMZN,2019-04-11 00:00:00+00:00,2019-05-17 00:00:00+00:00,0.0,,0.013518989231294798
ht2.vwap_reversion,1d,AMZN,2019-05-17 00:00:00+00:00,2019-05-20 00:00:00+00:00,0.0,,-0.005366456690265031
ht2.vwap_reversion,1w,AMZN,2019-05-17 00:00:00+00:00,2019-05-24 00:00:00+00:00,0.0,,-0.02446223176084794
ht2.vwap_reversion,5w,AMZN,2019-05-17 00:00:00+00:00,2019-06-24 00:00:00+00:00,0.0,,0.024023572176523622
ht2.vwap_reversion,1d,AMZN,2019-06-24 00:00:00+00:00,2019-06-25 00:00:00+00:00,0.0,,-0.01861645619625729
ht2.vwap_reversion,1w,AMZN,2019-06-24 00:00:00+00:00,2019-07-01 00:00:00+00:00,0.0,,0.004331442361775739
ht2.vwap_reversion,5w,AMZN,2019-06-24 00:00:00+00:00,2019-07-30 00:00:00+00:00,0.0,,-0.008030736027891394
ht2.vwap_reversion,1d,AMZN,2019-07-30 00:00:00+00:00,2019-07-31 00:00:00+00:00,0.0,,-0.016723481350493508
ht2.vwap_reversion,1w,AMZN,2019-07-30 00:00:00+00:00,2019-08-06 00:00:00+00:00,0.0,,-0.058308229264167455
ht2.vwap_reversion,5w,AMZN,2019-07-30 00:00:00+00:00,2019-09-04 00:00:00+00:00,0.0,,-0.05157148177742754
ht2.vwap_reversion,1d,AMZN,2019-09-04 00:00:00+00:00,2019-09-05 00:00:00+00:00,0.0,,0.022270161635782104
ht2.vwap_reversion,1w,AMZN,2019-09-04 00:00:00+00:00,2019-09-11 00:00:00+00:00,0.0,,0.012423496105221643
ht2.vwap_reversion,5w,AMZN,2019-09-04 00:00:00+00:00,2019-10-09 00:00:00+00:00,0.0,,-0.04366824475788955
ht2.vwap_reversion,1d,AMZN,2019-10-09 00:00:00+00:00,2019-10-10 00:00:00+00:00,0.0,,-0.0010046756673366408
ht2.vwap_reversion,1w,AMZN,2019-10-09 00:00:00+00:00,2019-10-16 00:00:00+00:00,0.0,,0.03219525620824526
ht2.vwap_reversion,5w,AMZN,2019-10-09 00:00:00+00:00,2019-11-13 00:00:00+00:00,0.0,,0.018072110866287794
ht2.vwap_reversion,1d,AMZN,2019-11-13 00:00:00+00:00,2019-11-14 00:00:00+00:00,1.0,1.0,0.0008499299602007238
ht2.vwap_reversion,1w,AMZN,2019-11-13 00:00:00+00:00,2019-11-20 00:00:00+00:00,1.0,0.0,-0.00432380651642561
ht2.vwap_reversion,5w,AMZN,2019-11-13 00:00:00+00:00,2019-12-19 00:00:00+00:00,1.0,1.0,0.022343105018268528
ht2.vwap_reversion,1d,AMZN,2019-12-19 00:00:00+00:00,2019-12-20 00:00:00+00:00,0.0,,-0.0032249589345579865
ht2.vwap_reversion,1w,AMZN,2019-12-19 00:00:00+00:00,2019-12-27 00:00:00+00:00,0.0,,0.04325216505591811
ht2.vwap_reversion,5w,AMZN,2019-12-19 00:00:00+00:00,2020-01-28 00:00:00+00:00,0.0,,0.0340181234519048
ht2.vwap_reversion,1d,AMZN,2020-01-28 00:00:00+00:00,2020-01-29 00:00:00+00:00,0.0,,0.0025630978623367717
ht2.vwap_reversion,1w,AMZN,2020-01-28 00:00:00+00:00,2020-02-04 00:00:00+00:00,0.0,,0.10598677250485133
ht2.vwap_reversion,5w,AMZN,2020-01-28 00:00:00+00:00,2020-03-04 00:00:00+00:00,0.0,,0.06614323921393184
ht2.vwap_reversion,1d,AMZN,2020-03-04 00:00:00+00:00,2020-03-05 00:00:00+00:00,0.0,,-0.026216794314283698
ht2.vwap_reversion,1w,AMZN,2020-03-04 00:00:00+00:00,2020-03-11 00:00:00+00:00,0.0,,-0.07843283380952948
ht2.vwap_reversion,5w,AMZN,2020-03-04 00:00:00+00:00,2020-04-08 00:00:00+00:00,0.0,,0.03399589413659121
ht2.vwap_reversion,1d,AMZN,2020-04-08 00:00:00+00:00,2020-04-09 00:00:00+00:00,0.0,,-0.0001174844583299306
ht2.vwap_reversion,1w,AMZN,2020-04-08 00:00:00+00:00,2020-04-16 00:00:00+00:00,0.0,,0.17875181912322846
ht2.vwap_reversion,5w,AMZN,2020-04-08 00:00:00+00:00,2020-05-14 00:00:00+00:00,0.0,,0.1692853203057283
ht2.vwap_reversion,1d,AMZN,2020-05-14 00:00:00+00:00,2020-05-15 00:00:00+00:00,0.0,,0.008761547889003518
ht2.vwap_reversion,1w,AMZN,2020-05-14 00:00:00+00:00,2020-05-21 00:00:00+00:00,0.0,,0.024233424442564155
ht2.vwap_reversion,5w,AMZN,2020-05-14 00:00:00+00:00,2020-06-19 00:00:00+00:00,0.0,,0.11978991243178871
ht2.vwap_reversion,1d,AMZN,2020-06-19 00:00:00+00:00,2020-06-22 00:00:00+00:00,0.0,,0.014508287231048467
ht2.vwap_reversion,1w,AMZN,2020-06-19 00:00:00+00:00,2020-06-26 00:00:00+00:00,0.0,,0.0066765364515981585
ht2.vwap_reversion,5w,AMZN,2020-06-19 00:00:00+00:00,2020-07-27 00:00:00+00:00,0.0,,0.14213026496117198
ht2.vwap_reversion,1d,AMZN,2020-07-27 00:00:00+00:00,2020-07-28 00:00:00+00:00,0.0,,-0.017962780502695397
ht2.vwap_reversion,1w,AMZN,2020-07-27 00:00:00+00:00,2020-08-03 00:00:00+00:00,0.0,,0.018551914074798503
ht2.vwap_reversion,5w,AMZN,2020-07-27 00:00:00+00:00,2020-08-31 00:00:00+00:00,0.0,,0.12953287241472444
ht2.vwap_reversion,1d,AMZN,2020-08-31 00:00:00+00:00,2020-09-01 00:00:00+00:00,0.0,,0.01395547583299983
ht2.vwap_reversion,1w,AMZN,2020-08-31 00:00:00+00:00,2020-09-08 00:00:00+00:00,0.0,,-0.08725687573144436
ht2.vwap_reversion,5w,AMZN,2020-08-31 00:00:00+00:00,2020-10-06 00:00:00+00:00,0.0,,-0.1017108435311802
ht2.vwap_reversion,1d,AMZN,2020-10-06 00:00:00+00:00,2020-10-07 00:00:00+00:00,0.0,,0.030881037106998743
ht2.vwap_reversion,1w,AMZN,2020-10-06 00:00:00+00:00,2020-10-13 00:00:00+00:00,0.0,,0.11086273419959092
ht2.vwap_reversion,5w,AMZN,2020-10-06 00:00:00+00:00,2020-11-10 00:00:00+00:00,0.0,,-0.02094861866307851
ht2.vwap_reversion,1d,AMZN,2020-11-10 00:00:00+00:00,2020-11-11 00:00:00+00:00,0.0,,0.03372959332756431
ht2.vwap_reversion,1w,AMZN,2020-11-10 00:00:00+00:00,2020-11-17 00:00:00+00:00,0.0,,0.03315956696095412
ht2.vwap_reversion,5w,AMZN,2020-11-10 00:00:00+00:00,2020-12-16 00:00:00+00:00,0.0,,0.06785455509286242
ht2.vwap_reversion,1d,AMZN,2020-12-16 00:00:00+00:00,2020-12-17 00:00:00+00:00,-1.0,1.0,-0.0015057469987226346
ht2.vwap_reversion,1w,AMZN,2020-12-16 00:00:00+00:00,2020-12-23 00:00:00+00:00,-1.0,1.0,-0.01718318060545887
ht2.vwap_reversion,5w,AMZN,2020-12-16 00:00:00+00:00,2021-01-25 00:00:00+00:00,-1.0,0.0,0.016365476463322315
ht2.vwap_reversion,1d,AMZN,2021-01-25 00:00:00+00:00,2021-01-26 00:00:00+00:00,0.0,,0.009754137082109926
ht2.vwap_reversion,1w,AMZN,2021-01-25 00:00:00+00:00,2021-02-01 00:00:00+00:00,0.0,,0.014839103153770239
ht2.vwap_reversion,5w,AMZN,2021-01-25 00:00:00+00:00,2021-03-02 00:00:00+00:00,0.0,,-0.06055552925439733
ht2.vwap_reversion,1d,AMZN,2021-03-02 00:00:00+00:00,2021-03-03 00:00:00+00:00,0.0,,-0.02893170479822993
ht2.vwap_reversion,1w,AMZN,2021-03-02 00:00:00+00:00,2021-03-09 00:00:00+00:00,0.0,,-0.010237416465782134
ht2.vwap_reversion,5w,AMZN,2021-03-02 00:00:00+00:00,2021-04-07 00:00:00+00:00,0.0,,0.0597376411171584
ht2.vwap_reversion,1d,AMZN,2021-04-07 00:00:00+00:00,2021-04-08 00:00:00+00:00,0.0,,0.006071242952548017
ht2.vwap_reversion,1w,AMZN,2021-04-07 00:00:00+00:00,2021-04-14 00:00:00+00:00,0.0,,0.016347529593831345
ht2.vwap_reversion,5w,AMZN,2021-04-07 00:00:00+00:00,2021-05-12 00:00:00+00:00,0.0,,-0.0388639207214283
ht2.vwap_reversion,1d,AMZN,2021-05-12 00:00:00+00:00,2021-05-13 00:00:00+00:00,0.0,,0.0030235440044839024
ht2.vwap_reversion,1w,AMZN,2021-05-12 00:00:00+00:00,2021-05-19 00:00:00+00:00,0.0,,0.025336752683918107
ht2.vwap_reversion,5w,AMZN,2021-05-12 00:00:00+00:00,2021-06-17 00:00:00+00:00,0.0,,0.10701349315089059
ht2.vwap_reversion,1d,AMZN,2021-06-17 00:00:00+00:00,2021-06-18 00:00:00+00:00,0.0,,-0.0006706583139327593
ht2.vwap_reversion,1w,AMZN,2021-06-17 00:00:00+00:00,2021-06-24 00:00:00+00:00,0.0,,-0.01150973162997082
ht2.vwap_reversion,5w,AMZN,2021-06-17 00:00:00+00:00,2021-07-23 00:00:00+00:00,0.0,,0.047976034023402336
ht2.vwap_reversion,1d,AMZN,2021-07-23 00:00:00+00:00,2021-07-26 00:00:00+00:00,0.0,,0.01180863619816197
ht2.vwap_reversion,1w,AMZN,2021-07-23 00:00:00+00:00,2021-07-30 00:00:00+00:00,0.0,,-0.08998697888630003
ht2.vwap_reversion,5w,AMZN,2021-07-23 00:00:00+00:00,2021-08-27 00:00:00+00:00,0.0,,-0.08395956026992979
ht2.vwap_reversion,1d,AMZN,2021-08-27 00:00:00+00:00,2021-08-30 00:00:00+00:00,0.0,,0.021476998866989616
ht2.vwap_reversion,1w,AMZN,2021-08-27 00:00:00+00:00,2021-09-03 00:00:00+00:00,0.0,,0.03833850154718421
ht2.vwap_reversion,5w,AMZN,2021-08-27 00:00:00+00:00,2021-10-04 00:00:00+00:00,0.0,,-0.04772173423123838
ht2.vwap_reversion,1d,AMZN,2021-10-04 00:00:00+00:00,2021-10-05 00:00:00+00:00,0.0,,0.00978753803838428
ht2.vwap_reversion,1w,AMZN,2021-10-04 00:00:00+00:00,2021-10-11 00:00:00+00:00,0.0,,0.017719115778762395
ht2.vwap_reversion,5w,AMZN,2021-10-04 00:00:00+00:00,2021-11-08 00:00:00+00:00,0.0,,0.09379961541372195
ht2.vwap_reversion,1d,AMZN,2021-11-08 00:00:00+00:00,2021-11-09 00:00:00+00:00,0.0,,0.025007238016599764
ht2.vwap_reversion,1w,AMZN,2021-11-08 00:00:00+00:00,2021-11-15 00:00:00+00:00,0.0,,0.016251118503169515
ht2.vwap_reversion,5w,AMZN,2021-11-08 00:00:00+00:00,2021-12-14 00:00:00+00:00,0.0,,-0.03071097003417389
ht2.vwap_reversion,1d,AMZN,2021-12-14 00:00:00+00:00,2021-12-15 00:00:00+00:00,0.0,,0.024977573145925636
ht2.vwap_reversion,1w,AMZN,2021-12-14 00:00:00+00:00,2021-12-21 00:00:00+00:00,0.0,,0.007838953665546544
ht2.vwap_reversion,5w,AMZN,2021-12-14 00:00:00+00:00,2022-01-20 00:00:00+00:00,0.0,,-0.10304486336381058
ht2.vwap_reversion,1d,AMZN,2022-01-20 00:00:00+00:00,2022-01-21 00:00:00+00:00,1.0,0.0,-0.05950180896147472
ht2.vwap_reversion,1w,AMZN,2022-01-20 00:00:00+00:00,2022-01-27 00:00:00+00:00,1.0,0.0,-0.07931823968998608
ht2.vwap_reversion,5w,AMZN,2022-01-20 00:00:00+00:00,2022-02-25 00:00:00+00:00,1.0,1.0,0.013984553427821345
ht2.vwap_reversion,1d,AMZN,2022-02-25 00:00:00+00:00,2022-02-28 00:00:00+00:00,0.0,,-0.0014662630028149382
ht2.vwap_reversion,1w,AMZN,2022-02-25 00:00:00+00:00,2022-03-04 00:00:00+00:00,0.0,,-0.05297854888381748
ht2.vwap_reversion,5w,AMZN,2022-02-25 00:00:00+00:00,2022-04-01 00:00:00+00:00,0.0,,0.06353855955187804
ht2.vwap_reversion,1d,AMZN,2022-04-01 00:00:00+00:00,2022-04-04 00:00:00+00:00,0.0,,0.029264484561530857
ht2.vwap_reversion,1w,AMZN,2022-04-01 00:00:00+00:00,2022-04-08 00:00:00+00:00,0.0,,-0.05563403460076943
ht2.vwap_reversion,5w,AMZN,2022-04-01 00:00:00+00:00,2022-05-09 00:00:00+00:00,0.0,,-0.33486791948703
ht2.vwap_reversion,1d,AMZN,2022-05-09 00:00:00+00:00,2022-05-10 00:00:00+00:00,0.0,,0.0006434445934941913
ht2.vwap_reversion,1w,AMZN,2022-05-09 00:00:00+00:00,2022-05-16 00:00:00+00:00,0.0,,0.018581838297709652
ht2.vwap_reversion,5w,AMZN,2022-05-09 00:00:00+00:00,2022-06-14 00:00:00+00:00,0.0,,-0.0595556887094304
ht2.vwap_reversion,1d,AMZN,2022-06-14 00:00:00+00:00,2022-06-15 00:00:00+00:00,0.0,,0.052389802934770247
ht2.vwap_reversion,1w,AMZN,2022-06-14 00:00:00+00:00,2022-06-22 00:00:00+00:00,0.0,,0.0649007872944738
ht2.vwap_reversion,5w,AMZN,2022-06-14 00:00:00+00:00,2022-07-21 00:00:00+00:00,0.0,,0.21816049484354005
ht2.vwap_reversion,1d,AMZN,2022-07-21 00:00:00+00:00,2022-07-22 00:00:00+00:00,0.0,,-0.01773248120979176
ht2.vwap_reversion,1w,AMZN,2022-07-21 00:00:00+00:00,2022-07-28 00:00:00+00:00,0.0,,-0.0188558013793636
ht2.vwap_reversion,5w,AMZN,2022-07-21 00:00:00+00:00,2022-08-25 00:00:00+00:00,0.0,,0.10150045578639366
ht2.vwap_reversion,1d,AMZN,2022-08-25 00:00:00+00:00,2022-08-26 00:00:00+00:00,0.0,,-0.04756700784791723
ht2.vwap_reversion,1w,AMZN,2022-08-25 00:00:00+00:00,2022-09-01 00:00:00+00:00,0.0,,-0.06891025035395992
ht2.vwap_reversion,5w,AMZN,2022-08-25 00:00:00+00:00,2022-09-30 00:00:00+00:00,0.0,,-0.17686479454542747
ht2.vwap_reversion,1d,AMZN,2022-09-30 00:00:00+00:00,2022-10-03 00:00:00+00:00,0.0,,0.02548670135768094
ht2.vwap_reversion,1w,AMZN,2022-09-30 00:00:00+00:00,2022-10-07 00:00:00+00:00,0.0,,0.013805288129148385
ht2.vwap_reversion,5w,AMZN,2022-09-30 00:00:00+00:00,2022-11-04 00:00:00+00:00,0.0,,-0.1948672269297912
ht2.vwap_reversion,1d,AMZN,2022-11-04 00:00:00+00:00,2022-11-07 00:00:00+00:00,0.0,,-0.00494619214148917
ht2.vwap_reversion,1w,AMZN,2022-11-04 00:00:00+00:00,2022-11-11 00:00:00+00:00,0.0,,0.10782586498823354
ht2.vwap_reversion,5w,AMZN,2022-11-04 00:00:00+00:00,2022-12-12 00:00:00+00:00,0.0,,-0.004726316655417229
ht2.vwap_reversion,1d,AMZN,2022-12-12 00:00:00+00:00,2022-12-13 00:00:00+00:00,0.0,,0.02142456926150338
ht2.vwap_reversion,1w,AMZN,2022-12-12 00:00:00+00:00,2022-12-19 00:00:00+00:00,0.0,,-0.06217564542316367
ht2.vwap_reversion,5w,AMZN,2022-12-12 00:00:00+00:00,2023-01-19 00:00:00+00:00,0.0,,0.034566506327215585
ht2.vwap_reversion,1d,AMZN,2023-01-19 00:00:00+00:00,2023-01-20 00:00:00+00:00,0.0,,0.03810845093076898
ht2.vwap_reversion,1w,AMZN,2023-01-19 00:00:00+00:00,2023-01-26 00:00:00+00:00,0.0,,0.059137498905636354
ht2.vwap_reversion,5w,AMZN,2023-01-19 00:00:00+00:00,2023-02-24 00:00:00+00:00,0.0,,-0.0019214379226025757
ht2.vwap_reversion,1d,AMZN,2023-02-24 00:00:00+00:00,2023-02-27 00:00:00+00:00,0.0,,0.0027807715104863906
ht2.vwap_reversion,1w,AMZN,2023-02-24 00:00:00+00:00,2023-03-03 00:00:00+00:00,0.0,,0.01497327835164608
ht2.vwap_reversion,5w,AMZN,2023-02-24 00:00:00+00:00,2023-03-31 00:00:00+00:00,0.0,,0.10470589214467751
ht2.vwap_reversion,1d,AMZN,2023-03-31 00:00:00+00:00,2023-04-03 00:00:00+00:00,-1.0,1.0,-0.008519675143944028
ht2.vwap_reversion,1w,AMZN,2023-03-31 00:00:00+00:00,2023-04-10 00:00:00+00:00,-1.0,1.0,-0.010843283344512455
ht2.vwap_reversion,5w,AMZN,2023-03-31 00:00:00+00:00,2023-05-08 00:00:00+00:00,-1.0,0.0,0.024590966143998694
ht2.vwap_reversion,1d,AMZN,2023-05-08 00:00:00+00:00,2023-05-09 00:00:00+00:00,0.0,,0.007464810562779034
ht2.vwap_reversion,1w,AMZN,2023-05-08 00:00:00+00:00,2023-05-15 00:00:00+00:00,0.0,,0.05074170862965777
ht2.vwap_reversion,5w,AMZN,2023-05-08 00:00:00+00:00,2023-06-13 00:00:00+00:00,0.0,,0.1968251107498551
ht2.vwap_reversion,1d,AMZN,2023-06-13 00:00:00+00:00,2023-06-14 00:00:00+00:00,0.0,,-0.001894879884926537
ht2.vwap_reversion,1w,AMZN,2023-06-13 00:00:00+00:00,2023-06-21 00:00:00+00:00,0.0,,-0.014448142887604765
ht2.vwap_reversion,5w,AMZN,2023-06-13 00:00:00+00:00,2023-07-20 00:00:00+00:00,0.0,,0.026054026183049972
ht2.vwap_reversion,1d,AMZN,2023-07-20 00:00:00+00:00,2023-07-21 00:00:00+00:00,0.0,,0.00030773533446226686
ht2.vwap_reversion,1w,AMZN,2023-07-20 00:00:00+00:00,2023-07-27 00:00:00+00:00,0.0,,-0.013157945718117015
ht2.vwap_reversion,5w,AMZN,2023-07-20 00:00:00+00:00,2023-08-24 00:00:00+00:00,0.0,,0.014465908948147366
ht2.vwap_reversion,1d,AMZN,2023-08-24 00:00:00+00:00,2023-08-25 00:00:00+00:00,0.0,,0.010770617478674804
ht2.vwap_reversion,1w,AMZN,2023-08-24 00:00:00+00:00,2023-08-31 00:00:00+00:00,0.0,,0.046799137896911924
ht2.vwap_reversion,5w,AMZN,2023-08-24 00:00:00+00:00,2023-09-29 00:00:00+00:00,0.0,,-0.035800923258612505
ht2.vwap_reversion,1d,AMZN,2023-09-29 00:00:00+00:00,2023-10-02 00:00:00+00:00,0.0,,0.01840783446134764
ht2.vwap_reversion,1w,AMZN,2023-09-29 00:00:00+00:00,2023-10-06 00:00:00+00:00,0.0,,0.006607900564360225
ht2.vwap_reversion,5w,AMZN,2023-09-29 00:00:00+00:00,2023-11-03 00:00:00+00:00,0.0,,0.09030839450042616
ht2.vwap_reversion,1d,AMZN,2023-11-03 00:00:00+00:00,2023-11-06 00:00:00+00:00,0.0,,0.008225103459209127
ht2.vwap_reversion,1w,AMZN,2023-11-03 00:00:00+00:00,2023-11-10 00:00:00+00:00,0.0,,0.03578637255884165
ht2.vwap_reversion,5w,AMZN,2023-11-03 00:00:00+00:00,2023-12-11 00:00:00+00:00,0.0,,0.052597351840577566
ht2.vwap_reversion,1d,AMZN,2023-12-11 00:00:00+00:00,2023-12-12 00:00:00+00:00,0.0,,0.010898597193382598
ht2.vwap_reversion,1w,AMZN,2023-12-11 00:00:00+00:00,2023-12-18 00:00:00+00:00,0.0,,0.05606969613265167
ht2.vwap_reversion,5w,AMZN,2023-12-11 00:00:00+00:00,2024-01-18 00:00:00+00:00,0.0,,0.05216259265329404
ht2.vwap_reversion,1d,AMZN,2024-01-18 00:00:00+00:00,2024-01-19 00:00:00+00:00,0.0,,0.011986946826648914
ht2.vwap_reversion,1w,AMZN,2024-01-18 00:00:00+00:00,2024-01-25 00:00:00+00:00,0.0,,0.027687296416938123
ht2.vwap_reversion,5w,AMZN,2024-01-18 00:00:00+00:00,2024-02-23 00:00:00+00:00,0.0,,0.1400000357860851
ht2.vwap_reversion,1d,AMZN,2024-02-23 00:00:00+00:00,2024-02-26 00:00:00+00:00,0.0,,-0.0014858549486425066
ht2.vwap_reversion,1w,AMZN,2024-02-23 00:00:00+00:00,2024-03-01 00:00:00+00:00,0.0,,0.018458172616408364
ht2.vwap_reversion,5w,AMZN,2024-02-23 00:00:00+00:00,2024-04-01 00:00:00+00:00,0.0,,0.03417335584787251
ht2.vwap_reversion,1d,AMZN,2024-04-01 00:00:00+00:00,2024-04-02 00:00:00+00:00,0.0,,-0.0015472110151306673
ht2.vwap_reversion,1w,AMZN,2024-04-01 00:00:00+00:00,2024-04-08 00:00:00+00:00,0.0,,0.023318788706624405
ht2.vwap_reversion,5w,AMZN,2024-04-01 00:00:00+00:00,2024-05-06 00:00:00+00:00,0.0,,0.04271423813558961
ht2.vwap_reversion,1d,AMZN,2024-05-06 00:00:00+00:00,2024-05-07 00:00:00+00:00,0.0,,0.00031795209095974997
ht2.vwap_reversion,1w,AMZN,2024-05-06 00:00:00+00:00,2024-05-13 00:00:00+00:00,0.0,,-0.011287703542505412
ht2.vwap_reversion,5w,AMZN,2024-05-06 00:00:00+00:00,2024-06-11 00:00:00+00:00,0.0,,-0.0077901496792623925
ht2.vwap_reversion,1d,AMZN,2024-06-11 00:00:00+00:00,2024-06-12 00:00:00+00:00,0.0,,-0.0018159287809063063
ht2.vwap_reversion,1w,AMZN,2024-06-11 00:00:00+00:00,2024-06-18 00:00:00+00:00,0.0,,-0.023607318644483732
ht2.vwap_reversion,5w,AMZN,2024-06-11 00:00:00+00:00,2024-07-18 00:00:00+00:00,0.0,,-0.0185867425463343
ht2.vwap_reversion,1d,AMZN,2024-07-18 00:00:00+00:00,2024-07-19 00:00:00+00:00,1.0,0.0,-0.0033741230867346816
ht2.vwap_reversion,1w,AMZN,2024-07-18 00:00:00+00:00,2024-07-25 00:00:00+00:00,1.0,0.0,-0.02122445657950678
ht2.vwap_reversion,5w,AMZN,2024-07-18 00:00:00+00:00,2024-08-22 00:00:00+00:00,1.0,0.0,-0.04146936118197275
ht2.vwap_reversion,1d,AMZN,2024-08-22 00:00:00+00:00,2024-08-23 00:00:00+00:00,0.0,,0.005166572293719973
ht2.vwap_reversion,1w,AMZN,2024-08-22 00:00:00+00:00,2024-08-29 00:00:00+00:00,0.0,,-0.022767328986864288
ht2.vwap_reversion,5w,AMZN,2024-08-22 00:00:00+00:00,2024-09-27 00:00:00+00:00,0.0,,0.067223051210203
ht2.vwap_reversion,1d,AMZN,2024-09-27 00:00:00+00:00,2024-09-30 00:00:00+00:00,0.0,,-0.008724793206352333
ht2.vwap_reversion,1w,AMZN,2024-09-27 00:00:00+00:00,2024-10-04 00:00:00+00:00,0.0,,-0.007767232560438653
ht2.vwap_reversion,5w,AMZN,2024-09-27 00:00:00+00:00,2024-11-01 00:00:00+00:00,0.0,,0.0529871330020566
ht2.vwap_reversion,1d,AMZN,2024-11-01 00:00:00+00:00,2024-11-04 00:00:00+00:00,0.0,,-0.01086239567545566
ht2.vwap_reversion,1w,AMZN,2024-11-01 00:00:00+00:00,2024-11-08 00:00:00+00:00,0.0,,0.051785986860465316
ht2.vwap_reversion,5w,AMZN,2024-11-01 00:00:00+00:00,2024-12-09 00:00:00+00:00,0.0,,0.14227254435479542
ht2.vwap_reversion,1d,AMZN,2024-12-09 00:00:00+00:00,2024-12-10 00:00:00+00:00,0.0,,-0.004644181824783655
ht2.vwap_reversion,1w,AMZN,2024-12-09 00:00:00+00:00,2024-12-16 00:00:00+00:00,0.0,,0.03025342318847346
ht2.vwap_reversion,5w,AMZN,2024-12-09 00:00:00+00:00,2025-01-16 00:00:00+00:00,0.0,,-0.024016952380618517
ht2.vwap_reversion,1d,AMZN,2025-01-16 00:00:00+00:00,2025-01-17 00:00:00+00:00,0.0,,0.023928209424767477
ht2.vwap_reversion,1w,AMZN,2025-01-16 00:00:00+00:00,2025-01-24 00:00:00+00:00,0.0,,0.06430708876056679
ht2.vwap_reversion,5w,AMZN,2025-01-16 00:00:00+00:00,2025-02-24 00:00:00+00:00,0.0,,-0.036028264371896546
ht2.vwap_reversion,1d,AMZN,2025-02-24 00:00:00+00:00,2025-02-25 00:00:00+00:00,0.0,,0.000423094048469963
ht2.vwap_reversion,1w,AMZN,2025-02-24 00:00:00+00:00,2025-03-03 00:00:00+00:00,0.0,,-0.03615251844616174
ht2.vwap_reversion,5w,AMZN,2025-02-24 00:00:00+00:00,2025-03-31 00:00:00+00:00,0.0,,-0.10554281180212854
ht2.vwap_reversion,1d,AMZN,2025-03-31 00:00:00+00:00,2025-04-01 00:00:00+00:00,0.0,,0.010038913682617112
ht2.vwap_reversion,1w,AMZN,2025-03-31 00:00:00+00:00,2025-04-07 00:00:00+00:00,0.0,,-0.07883948508923722
ht2.vwap_reversion,5w,AMZN,2025-03-31 00:00:00+00:00,2025-05-06 00:00:00+00:00,0.0,,-0.027593819781232987
ht2.vwap_reversion,1d,AMZN,2025-05-06 00:00:00+00:00,2025-05-07 00:00:00+00:00,0.0,,0.0199989855515319
ht2.vwap_reversion,1w,AMZN,2025-05-06 00:00:00+00:00,2025-05-13 00:00:00+00:00,0.0,,0.14247879245992578
ht2.vwap_reversion,5w,AMZN,2025-05-06 00:00:00+00:00,2025-06-11 00:00:00+00:00,0.0,,0.1523701598746039
ht2.vwap_reversion,1d,AMZN,2025-06-11 00:00:00+00:00,2025-06-12 00:00:00+00:00,0.0,,0.0001876573428452044
ht2.vwap_reversion,1w,AMZN,2025-06-11 00:00:00+00:00,2025-06-18 00:00:00+00:00,0.0,,-0.003189459125303662
ht2.vwap_reversion,5w,AMZN,2025-06-11 00:00:00+00:00,2025-07-18 00:00:00+00:00,0.0,,0.06064731763438669
ht2.vwap_reversion,1d,AMZN,2025-07-18 00:00:00+00:00,2025-07-21 00:00:00+00:00,0.0,,0.014018476542235536
ht2.vwap_reversion,1w,AMZN,2025-07-18 00:00:00+00:00,2025-07-25 00:00:00+00:00,0.0,,0.023482056533566054
ht2.vwap_reversion,5w,AMZN,2025-07-18 00:00:00+00:00,2025-08-22 00:00:00+00:00,0.0,,0.011984218796981638
ht2.vwap_reversion,1d,AMZN,2025-08-22 00:00:00+00:00,2025-08-25 00:00:00+00:00,0.0,,-0.003932852258726305
ht2.vwap_reversion,1w,AMZN,2025-08-22 00:00:00+00:00,2025-08-29 00:00:00+00:00,0.0,,0.0006991944794174643
ht2.vwap_reversion,5w,AMZN,2025-08-22 00:00:00+00:00,2025-09-29 00:00:00+00:00,0.0,,-0.029146994737304754
ht2.vwap_reversion,1d,AMZN,2025-09-29 00:00:00+00:00,2025-09-30 00:00:00+00:00,0.0,,-0.011702709034319914
ht2.vwap_reversion,1w,AMZN,2025-09-29 00:00:00+00:00,2025-10-06 00:00:00+00:00,0.0,,-0.005716362618390813
ht2.vwap_reversion,5w,AMZN,2025-09-29 00:00:00+00:00,2025-11-03 00:00:00+00:00,0.0,,0.14326867755947004
ht2.vwap_reversion,1d,AMZN,2025-11-03 00:00:00+00:00,2025-11-04 00:00:00+00:00,0.0,,-0.018425168014886806
ht2.vwap_reversion,1w,AMZN,2025-11-03 00:00:00+00:00,2025-11-10 00:00:00+00:00,0.0,,-0.0220472681240772
ht2.vwap_reversion,5w,AMZN,2025-11-03 00:00:00+00:00,2025-12-09 00:00:00+00:00,0.0,,-0.10267717256320741
ht2.vwap_reversion,1d,AMZN,2025-12-09 00:00:00+00:00,2025-12-10 00:00:00+00:00,0.0,,0.016935769749744978
ht2.vwap_reversion,1w,AMZN,2025-12-09 00:00:00+00:00,2025-12-16 00:00:00+00:00,0.0,,-0.023517026383874096
ht2.vwap_reversion,5w,AMZN,2025-12-09 00:00:00+00:00,2026-01-15 00:00:00+00:00,0.0,,0.04501577127615941
ht2.vwap_reversion,1d,AMZN,2026-01-15 00:00:00+00:00,2026-01-16 00:00:00+00:00,0.0,,0.0039466053837939885
ht2.vwap_reversion,1w,AMZN,2026-01-15 00:00:00+00:00,2026-01-23 00:00:00+00:00,0.0,,0.004114581478143364
ht2.vwap_reversion,5w,AMZN,2026-01-15 00:00:00+00:00,2026-02-23 00:00:00+00:00,0.0,,-0.1381727660396671
ht2.vwap_reversion,1d,AMZN,2026-02-23 00:00:00+00:00,2026-02-24 00:00:00+00:00,0.0,,0.016027637831418806
ht2.vwap_reversion,1w,AMZN,2026-02-23 00:00:00+00:00,2026-03-02 00:00:00+00:00,0.0,,0.01519946924659421
ht2.vwap_reversion,5w,AMZN,2026-02-23 00:00:00+00:00,2026-03-30 00:00:00+00:00,0.0,,-0.021045487573940203
ht2.vwap_reversion,1d,AMZN,2026-03-30 00:00:00+00:00,2026-03-31 00:00:00+00:00,0.0,,0.03642700888472317
ht2.vwap_reversion,1w,AMZN,2026-03-30 00:00:00+00:00,2026-04-07 00:00:00+00:00,0.0,,0.06379700183583847
ht2.vwap_reversion,5w,AMZN,2026-03-30 00:00:00+00:00,2026-05-05 00:00:00+00:00,0.0,,0.361283861394762
ht2.vwap_reversion,1d,AMZN,2026-05-05 00:00:00+00:00,2026-05-06 00:00:00+00:00,0.0,,0.005264129064761924
ht2.vwap_reversion,1w,AMZN,2026-05-05 00:00:00+00:00,2026-05-12 00:00:00+00:00,0.0,,-0.028258017962699666
ht2.vwap_reversion,5w,AMZN,2026-05-05 00:00:00+00:00,2026-06-10 00:00:00+00:00,0.0,,-0.12995792132834638
ht2.vwap_reversion,1d,AMZN,2026-06-10 00:00:00+00:00,2026-06-11 00:00:00+00:00,0.0,,0.014747876079142852
ht2.vwap_reversion,1w,AMZN,2026-06-10 00:00:00+00:00,2026-06-17 00:00:00+00:00,0.0,,-0.0021008403361344463
ht2.vwap_reversion,5w,AMZN,2026-06-10 00:00:00+00:00,2026-07-17 00:00:00+00:00,0.0,,0.03878149465352543
ht2.vwap_reversion,1d,AMZN,2026-07-17 00:00:00+00:00,2026-07-20 00:00:00+00:00,0.0,,0.01116373341957555
ht2.vwap_reversion,1w,AMZN,2026-07-17 00:00:00+00:00,2026-07-24 00:00:00+00:00,0.0,,-0.06115760780844126
ht2.vwap_reversion,5w,AMZN,2026-07-17 00:00:00+00:00,2026-08-21 00:00:00+00:00,0.0,,0.04611094669854254
ht2.vwap_reversion,1d,AVAV,2017-11-16 00:00:00+00:00,2017-11-17 00:00:00+00:00,0.0,,-0.0009352563736080288
ht2.vwap_reversion,1w,AVAV,2017-11-16 00:00:00+00:00,2017-11-24 00:00:00+00:00,0.0,,0.05213933875073251
ht2.vwap_reversion,5w,AVAV,2017-11-16 00:00:00+00:00,2017-12-22 00:00:00+00:00,0.0,,0.32499409778843
ht2.vwap_reversion,1d,AVAV,2017-12-22 00:00:00+00:00,2017-12-26 00:00:00+00:00,0.0,,-0.006705439662890389
ht2.vwap_reversion,1w,AVAV,2017-12-22 00:00:00+00:00,2018-01-02 00:00:00+00:00,0.0,,-0.03211575354914287
ht2.vwap_reversion,5w,AVAV,2017-12-22 00:00:00+00:00,2018-01-31 00:00:00+00:00,0.0,,-0.09370033051286708
ht2.vwap_reversion,1d,AVAV,2018-01-31 00:00:00+00:00,2018-02-01 00:00:00+00:00,1.0,1.0,0.021222744151763173
ht2.vwap_reversion,1w,AVAV,2018-01-31 00:00:00+00:00,2018-02-07 00:00:00+00:00,1.0,0.0,-0.06327881544738467
ht2.vwap_reversion,5w,AVAV,2018-01-31 00:00:00+00:00,2018-03-08 00:00:00+00:00,1.0,0.0,-0.11370716672870995
ht2.vwap_reversion,1d,AVAV,2018-03-08 00:00:00+00:00,2018-03-09 00:00:00+00:00,0.0,,0.03866428611234851
ht2.vwap_reversion,1w,AVAV,2018-03-08 00:00:00+00:00,2018-03-15 00:00:00+00:00,0.0,,0.06722322808696535
ht2.vwap_reversion,5w,AVAV,2018-03-08 00:00:00+00:00,2018-04-13 00:00:00+00:00,0.0,,0.23550090318320227
ht2.vwap_reversion,1d,AVAV,2018-04-13 00:00:00+00:00,2018-04-16 00:00:00+00:00,0.0,,0.008712621784240593
ht2.vwap_reversion,1w,AVAV,2018-04-13 00:00:00+00:00,2018-04-20 00:00:00+00:00,0.0,,0.008001367973188955
ht2.vwap_reversion,5w,AVAV,2018-04-13 00:00:00+00:00,2018-05-18 00:00:00+00:00,0.0,,-0.00266716787699417
ht2.vwap_reversion,1d,AVAV,2018-05-18 00:00:00+00:00,2018-05-21 00:00:00+00:00,0.0,,0.01978963464667327
ht2.vwap_reversion,1w,AVAV,2018-05-18 00:00:00+00:00,2018-05-25 00:00:00+00:00,0.0,,0.032982679070927556
ht2.vwap_reversion,5w,AVAV,2018-05-18 00:00:00+00:00,2018-06-25 00:00:00+00:00,0.0,,0.03850953541693736
ht2.vwap_reversion,1d,AVAV,2018-06-25 00:00:00+00:00,2018-06-26 00:00:00+00:00,0.0,,0.06832617239890681
ht2.vwap_reversion,1w,AVAV,2018-06-25 00:00:00+00:00,2018-07-02 00:00:00+00:00,0.0,,0.22386267666141357
ht2.vwap_reversion,5w,AVAV,2018-06-25 00:00:00+00:00,2018-07-31 00:00:00+00:00,0.0,,0.26369099760260184
ht2.vwap_reversion,1d,AVAV,2018-07-31 00:00:00+00:00,2018-08-01 00:00:00+00:00,0.0,,0.01657385152271762
ht2.vwap_reversion,1w,AVAV,2018-07-31 00:00:00+00:00,2018-08-07 00:00:00+00:00,0.0,,0.04320065587295474
ht2.vwap_reversion,5w,AVAV,2018-07-31 00:00:00+00:00,2018-09-05 00:00:00+00:00,0.0,,0.18869717802576846
ht2.vwap_reversion,1d,AVAV,2018-09-05 00:00:00+00:00,2018-09-06 00:00:00+00:00,0.0,,0.14251429966517848
ht2.vwap_reversion,1w,AVAV,2018-09-05 00:00:00+00:00,2018-09-12 00:00:00+00:00,0.0,,0.23577139718191953
ht2.vwap_reversion,5w,AVAV,2018-09-05 00:00:00+00:00,2018-10-10 00:00:00+00:00,0.0,,0.07897147042410713
ht2.vwap_reversion,1d,AVAV,2018-10-10 00:00:00+00:00,2018-10-11 00:00:00+00:00,0.0,,-0.03569539896050822
ht2.vwap_reversion,1w,AVAV,2018-10-10 00:00:00+00:00,2018-10-17 00:00:00+00:00,0.0,,0.011651291509933381
ht2.vwap_reversion,5w,AVAV,2018-10-10 00:00:00+00:00,2018-11-14 00:00:00+00:00,0.0,,0.0009532500201219207
ht2.vwap_reversion,1d,AVAV,2018-11-14 00:00:00+00:00,2018-11-15 00:00:00+00:00,0.0,,0.038624354771205294
ht2.vwap_reversion,1w,AVAV,2018-11-14 00:00:00+00:00,2018-11-21 00:00:00+00:00,0.0,,-0.04814818044188163
ht2.vwap_reversion,5w,AVAV,2018-11-14 00:00:00+00:00,2018-12-21 00:00:00+00:00,0.0,,-0.3140740773034474
ht2.vwap_reversion,1d,AVAV,2018-12-21 00:00:00+00:00,2018-12-24 00:00:00+00:00,0.0,,0.0006171076167180711
ht2.vwap_reversion,1w,AVAV,2018-12-21 00:00:00+00:00,2018-12-31 00:00:00+00:00,0.0,,0.048287523421076006
ht2.vwap_reversion,5w,AVAV,2018-12-21 00:00:00+00:00,2019-01-30 00:00:00+00:00,0.0,,0.15180506037661812
ht2.vwap_reversion,1d,AVAV,2019-01-30 00:00:00+00:00,2019-01-31 00:00:00+00:00,0.0,,0.04018215715039575
ht2.vwap_reversion,1w,AVAV,2019-01-30 00:00:00+00:00,2019-02-06 00:00:00+00:00,0.0,,0.04768279378481299
ht2.vwap_reversion,5w,AVAV,2019-01-30 00:00:00+00:00,2019-03-07 00:00:00+00:00,0.0,,0.05558523564057283
ht2.vwap_reversion,1d,AVAV,2019-03-07 00:00:00+00:00,2019-03-08 00:00:00+00:00,1.0,0.0,-0.0015225875003775924
ht2.vwap_reversion,1w,AVAV,2019-03-07 00:00:00+00:00,2019-03-14 00:00:00+00:00,1.0,0.0,-0.046440758102976765
ht2.vwap_reversion,5w,AVAV,2019-03-07 00:00:00+00:00,2019-04-11 00:00:00+00:00,1.0,0.0,-0.13792660136939938
ht2.vwap_reversion,1d,AVAV,2019-04-11 00:00:00+00:00,2019-04-12 00:00:00+00:00,0.0,,-0.0017663047140088484
ht2.vwap_reversion,1w,AVAV,2019-04-11 00:00:00+00:00,2019-04-18 00:00:00+00:00,0.0,,-0.011775140167941012
ht2.vwap_reversion,5w,AVAV,2019-04-11 00:00:00+00:00,2019-05-17 00:00:00+00:00,0.0,,-0.017368269984880502
ht2.vwap_reversion,1d,AVAV,2019-05-17 00:00:00+00:00,2019-05-20 00:00:00+00:00,0.0,,0.021869368450488924
ht2.vwap_reversion,1w,AVAV,2019-05-17 00:00:00+00:00,2019-05-24 00:00:00+00:00,0.0,,-0.008388333883595944
ht2.vwap_reversion,5w,AVAV,2019-05-17 00:00:00+00:00,2019-06-24 00:00:00+00:00,0.0,,-0.07399643923506294
ht2.vwap_reversion,1d,AVAV,2019-06-24 00:00:00+00:00,2019-06-25 00:00:00+00:00,0.0,,-0.008249730249932363
ht2.vwap_reversion,1w,AVAV,2019-06-24 00:00:00+00:00,2019-07-01 00:00:00+00:00,0.0,,-0.10837917819498788
ht2.vwap_reversion,5w,AVAV,2019-06-24 00:00:00+00:00,2019-07-30 00:00:00+00:00,0.0,,-0.09398255260388566
ht2.vwap_reversion,1d,AVAV,2019-07-30 00:00:00+00:00,2019-07-31 00:00:00+00:00,-1.0,1.0,-0.020710585291450534
ht2.vwap_reversion,1w,AVAV,2019-07-30 00:00:00+00:00,2019-08-06 00:00:00+00:00,-1.0,1.0,-0.08337793802700255
ht2.vwap_reversion,5w,AVAV,2019-07-30 00:00:00+00:00,2019-09-04 00:00:00+00:00,-1.0,1.0,-0.058025354354465875
ht2.vwap_reversion,1d,AVAV,2019-09-04 00:00:00+00:00,2019-09-05 00:00:00+00:00,0.0,,0.048711212874936294
ht2.vwap_reversion,1w,AVAV,2019-09-04 00:00:00+00:00,2019-09-11 00:00:00+00:00,0.0,,0.14044731014306788
ht2.vwap_reversion,5w,AVAV,2019-09-04 00:00:00+00:00,2019-10-09 00:00:00+00:00,0.0,,0.034874909232832874
ht2.vwap_reversion,1d,AVAV,2019-10-09 00:00:00+00:00,2019-10-10 00:00:00+00:00,0.0,,0.005677680988177114
ht2.vwap_reversion,1w,AVAV,2019-10-09 00:00:00+00:00,2019-10-16 00:00:00+00:00,0.0,,0.08351651100232793
ht2.vwap_reversion,5w,AVAV,2019-10-09 00:00:00+00:00,2019-11-13 00:00:00+00:00,0.0,,0.12637365785182797
ht2.vwap_reversion,1d,AVAV,2019-11-13 00:00:00+00:00,2019-11-14 00:00:00+00:00,0.0,,0.009756072749936395
ht2.vwap_reversion,1w,AVAV,2019-11-13 00:00:00+00:00,2019-11-20 00:00:00+00:00,0.0,,-0.02243904175797129
ht2.vwap_reversion,5w,AVAV,2019-11-13 00:00:00+00:00,2019-12-19 00:00:00+00:00,0.0,,0.041138191533282464
ht2.vwap_reversion,1d,AVAV,2019-12-19 00:00:00+00:00,2019-12-20 00:00:00+00:00,0.0,,-0.009839095196448322
ht2.vwap_reversion,1w,AVAV,2019-12-19 00:00:00+00:00,2019-12-27 00:00:00+00:00,0.0,,-0.030922998281807446
ht2.vwap_reversion,5w,AVAV,2019-12-19 00:00:00+00:00,2020-01-28 00:00:00+00:00,0.0,,0.052631622846003756
ht2.vwap_reversion,1d,AVAV,2020-01-28 00:00:00+00:00,2020-01-29 00:00:00+00:00,0.0,,-0.006973311721998443
ht2.vwap_reversion,1w,AVAV,2020-01-28 00:00:00+00:00,2020-02-04 00:00:00+00:00,0.0,,0.04376849972487773
ht2.vwap_reversion,5w,AVAV,2020-01-28 00:00:00+00:00,2020-03-04 00:00:00+00:00,0.0,,-0.12893178404557804
ht2.vwap_reversion,1d,AVAV,2020-03-04 00:00:00+00:00,2020-03-05 00:00:00+00:00,0.0,,0.025038345147784247
ht2.vwap_reversion,1w,AVAV,2020-03-04 00:00:00+00:00,2020-03-11 00:00:00+00:00,0.0,,-0.0677908295741898
ht2.vwap_reversion,5w,AVAV,2020-03-04 00:00:00+00:00,2020-04-08 00:00:00+00:00,0.0,,-0.0621699500613172
ht2.vwap_reversion,1d,AVAV,2020-04-08 00:00:00+00:00,2020-04-09 00:00:00+00:00,0.0,,0.07155827330981923
ht2.vwap_reversion,1w,AVAV,2020-04-08 00:00:00+00:00,2020-04-16 00:00:00+00:00,0.0,,-0.027787914199659314
ht2.vwap_reversion,5w,AVAV,2020-04-08 00:00:00+00:00,2020-05-14 00:00:00+00:00,0.0,,0.09208135794351113
ht2.vwap_reversion,1d,AVAV,2020-05-14 00:00:00+00:00,2020-05-15 00:00:00+00:00,0.0,,0.029103608330517172
ht2.vwap_reversion,1w,AVAV,2020-05-14 00:00:00+00:00,2020-05-21 00:00:00+00:00,0.0,,0.06984867268140738
ht2.vwap_reversion,5w,AVAV,2020-05-14 00:00:00+00:00,2020-06-19 00:00:00+00:00,0.0,,0.12406444598803046
ht2.vwap_reversion,1d,AVAV,2020-06-19 00:00:00+00:00,2020-06-22 00:00:00+00:00,0.0,,0.029590177664779782
ht2.vwap_reversion,1w,AVAV,2020-06-19 00:00:00+00:00,2020-06-26 00:00:00+00:00,0.0,,0.13951769220453958
ht2.vwap_reversion,5w,AVAV,2020-06-19 00:00:00+00:00,2020-07-27 00:00:00+00:00,0.0,,0.1466193845102175
ht2.vwap_reversion,1d,AVAV,2020-07-27 00:00:00+00:00,2020-07-28 00:00:00+00:00,0.0,,-0.01045158140120972
ht2.vwap_reversion,1w,AVAV,2020-07-27 00:00:00+00:00,2020-08-03 00:00:00+00:00,0.0,,0.004387049521169306
ht2.vwap_reversion,5w,AVAV,2020-07-27 00:00:00+00:00,2020-08-31 00:00:00+00:00,0.0,,-0.01432258852066537
ht2.vwap_reversion,1d,AVAV,2020-08-31 00:00:00+00:00,2020-09-01 00:00:00+00:00,0.0,,0.031025039475300664
ht2.vwap_reversion,1w,AVAV,2020-08-31 00:00:00+00:00,2020-09-08 00:00:00+00:00,0.0,,-0.09700217426260338
ht2.vwap_reversion,5w,AVAV,2020-08-31 00:00:00+00:00,2020-10-06 00:00:00+00:00,0.0,,-0.16101588100581365
ht2.vwap_reversion,1d,AVAV,2020-10-06 00:00:00+00:00,2020-10-07 00:00:00+00:00,0.0,,0.0179435417629914
ht2.vwap_reversion,1w,AVAV,2020-10-06 00:00:00+00:00,2020-10-13 00:00:00+00:00,0.0,,0.11483852443287246
ht2.vwap_reversion,5w,AVAV,2020-10-06 00:00:00+00:00,2020-11-10 00:00:00+00:00,0.0,,0.24793271847401632
ht2.vwap_reversion,1d,AVAV,2020-11-10 00:00:00+00:00,2020-11-11 00:00:00+00:00,-1.0,0.0,0.017004162589087102
ht2.vwap_reversion,1w,AVAV,2020-11-10 00:00:00+00:00,2020-11-17 00:00:00+00:00,-1.0,0.0,0.052388029959347104
ht2.vwap_reversion,5w,AVAV,2020-11-10 00:00:00+00:00,2020-12-16 00:00:00+00:00,-1.0,0.0,0.028006973865366103
ht2.vwap_reversion,1d,AVAV,2020-12-16 00:00:00+00:00,2020-12-17 00:00:00+00:00,0.0,,0.03928479298934562
ht2.vwap_reversion,1w,AVAV,2020-12-16 00:00:00+00:00,2020-12-23 00:00:00+00:00,0.0,,0.0941376520172148
ht2.vwap_reversion,5w,AVAV,2020-12-16 00:00:00+00:00,2021-01-25 00:00:00+00:00,0.0,,0.6322062144952927
ht2.vwap_reversion,1d,AVAV,2021-01-25 00:00:00+00:00,2021-01-26 00:00:00+00:00,0.0,,-0.06207149322717809
ht2.vwap_reversion,1w,AVAV,2021-01-25 00:00:00+00:00,2021-02-01 00:00:00+00:00,0.0,,-0.11698954772925452
ht2.vwap_reversion,5w,AVAV,2021-01-25 00:00:00+00:00,2021-03-02 00:00:00+00:00,0.0,,-0.16594632749250682
ht2.vwap_reversion,1d,AVAV,2021-03-02 00:00:00+00:00,2021-03-03 00:00:00+00:00,0.0,,0.021084611845948897
ht2.vwap_reversion,1w,AVAV,2021-03-02 00:00:00+00:00,2021-03-09 00:00:00+00:00,0.0,,-0.04967388138510198
ht2.vwap_reversion,5w,AVAV,2021-03-02 00:00:00+00:00,2021-04-07 00:00:00+00:00,0.0,,0.012865205373716826
ht2.vwap_reversion,1d,AVAV,2021-04-07 00:00:00+00:00,2021-04-08 00:00:00+00:00,0.0,,0.014465902354385163
ht2.vwap_reversion,1w,AVAV,2021-04-07 00:00:00+00:00,2021-04-14 00:00:00+00:00,0.0,,-0.02681486144375189
ht2.vwap_reversion,5w,AVAV,2021-04-07 00:00:00+00:00,2021-05-12 00:00:00+00:00,0.0,,-0.10390761333069276
ht2.vwap_reversion,1d,AVAV,2021-05-12 00:00:00+00:00,2021-05-13 00:00:00+00:00,0.0,,0.025986879754008818
ht2.vwap_reversion,1w,AVAV,2021-05-12 00:00:00+00:00,2021-05-19 00:00:00+00:00,0.0,,0.042622324905426945
ht2.vwap_reversion,5w,AVAV,2021-05-12 00:00:00+00:00,2021-06-17 00:00:00+00:00,0.0,,0.10512846431900491
ht2.vwap_reversion,1d,AVAV,2021-06-17 00:00:00+00:00,2021-06-18 00:00:00+00:00,0.0,,-0.021911455936830415
ht2.vwap_reversion,1w,AVAV,2021-06-17 00:00:00+00:00,2021-06-24 00:00:00+00:00,0.0,,0.013806030979814254
ht2.vwap_reversion,5w,AVAV,2021-06-17 00:00:00+00:00,2021-07-23 00:00:00+00:00,0.0,,-0.14135562119630296
ht2.vwap_reversion,1d,AVAV,2021-07-23 00:00:00+00:00,2021-07-26 00:00:00+00:00,0.0,,-0.01244818006890347
ht2.vwap_reversion,1w,AVAV,2021-07-23 00:00:00+00:00,2021-07-30 00:00:00+00:00,0.0,,0.04875515429302624
ht2.vwap_reversion,5w,AVAV,2021-07-23 00:00:00+00:00,2021-08-27 00:00:00+00:00,0.0,,0.07302905398437587
ht2.vwap_reversion,1d,AVAV,2021-08-27 00:00:00+00:00,2021-08-30 00:00:00+00:00,0.0,,-0.0065738620371836864
ht2.vwap_reversion,1w,AVAV,2021-08-27 00:00:00+00:00,2021-09-03 00:00:00+00:00,0.0,,0.0040603070285427645
ht2.vwap_reversion,5w,AVAV,2021-08-27 00:00:00+00:00,2021-10-04 00:00:00+00:00,0.0,,-0.16608661929322177
ht2.vwap_reversion,1d,AVAV,2021-10-04 00:00:00+00:00,2021-10-05 00:00:00+00:00,0.0,,-0.007883147325939754
ht2.vwap_reversion,1w,AVAV,2021-10-04 00:00:00+00:00,2021-10-11 00:00:00+00:00,0.0,,0.017505152671468682
ht2.vwap_reversion,5w,AVAV,2021-10-04 00:00:00+00:00,2021-11-08 00:00:00+00:00,0.0,,0.09320659304911394
ht2.vwap_reversion,1d,AVAV,2021-11-08 00:00:00+00:00,2021-11-09 00:00:00+00:00,0.0,,-0.008165474523243565
ht2.vwap_reversion,1w,AVAV,2021-11-08 00:00:00+00:00,2021-11-15 00:00:00+00:00,0.0,,-0.0238600204367444
ht2.vwap_reversion,5w,AVAV,2021-11-08 00:00:00+00:00,2021-12-14 00:00:00+00:00,0.0,,-0.34899260442278324
ht2.vwap_reversion,1d,AVAV,2021-12-14 00:00:00+00:00,2021-12-15 00:00:00+00:00,0.0,,0.03388176986047364
ht2.vwap_reversion,1w,AVAV,2021-12-14 00:00:00+00:00,2021-12-21 00:00:00+00:00,0.0,,0.024271081499929847
ht2.vwap_reversion,5w,AVAV,2021-12-14 00:00:00+00:00,2022-01-20 00:00:00+00:00,0.0,,-0.05473205153538607
ht2.vwap_reversion,1d,AVAV,2022-01-20 00:00:00+00:00,2022-01-21 00:00:00+00:00,0.0,,-0.012407331055514947
ht2.vwap_reversion,1w,AVAV,2022-01-20 00:00:00+00:00,2022-01-27 00:00:00+00:00,0.0,,-0.06944681826763455
ht2.vwap_reversion,5w,AVAV,2022-01-20 00:00:00+00:00,2022-02-25 00:00:00+00:00,0.0,,0.0730656861564416
ht2.vwap_reversion,1d,AVAV,2022-02-25 00:00:00+00:00,2022-02-28 00:00:00+00:00,0.0,,0.14099891648385987
ht2.vwap_reversion,1w,AVAV,2022-02-25 00:00:00+00:00,2022-03-04 00:00:00+00:00,0.0,,0.19222735374997857
ht2.vwap_reversion,5w,AVAV,2022-02-25 00:00:00+00:00,2022-04-01 00:00:00+00:00,0.0,,0.5140516795602861
ht2.vwap_reversion,1d,AVAV,2022-04-01 00:00:00+00:00,2022-04-04 00:00:00+00:00,0.0,,0.03722955220276525
ht2.vwap_reversion,1w,AVAV,2022-04-01 00:00:00+00:00,2022-04-08 00:00:00+00:00,0.0,,0.09344503259081871
ht2.vwap_reversion,5w,AVAV,2022-04-01 00:00:00+00:00,2022-05-09 00:00:00+00:00,0.0,,-0.19633010581131993
ht2.vwap_reversion,1d,AVAV,2022-05-09 00:00:00+00:00,2022-05-10 00:00:00+00:00,0.0,,0.024944002940191723
ht2.vwap_reversion,1w,AVAV,2022-05-09 00:00:00+00:00,2022-05-16 00:00:00+00:00,0.0,,0.037481906996297054
ht2.vwap_reversion,5w,AVAV,2022-05-09 00:00:00+00:00,2022-06-14 00:00:00+00:00,0.0,,0.071268335292622
ht2.vwap_reversion,1d,AVAV,2022-06-14 00:00:00+00:00,2022-06-15 00:00:00+00:00,0.0,,0.03006039788651571
ht2.vwap_reversion,1w,AVAV,2022-06-14 00:00:00+00:00,2022-06-22 00:00:00+00:00,0.0,,0.015030198943257966
ht2.vwap_reversion,5w,AVAV,2022-06-14 00:00:00+00:00,2022-07-21 00:00:00+00:00,0.0,,0.02155969002682001
ht2.vwap_reversion,1d,AVAV,2022-07-21 00:00:00+00:00,2022-07-22 00:00:00+00:00,0.0,,-0.02062227595553756
ht2.vwap_reversion,1w,AVAV,2022-07-21 00:00:00+00:00,2022-07-28 00:00:00+00:00,0.0,,0.028943579098844374
ht2.vwap_reversion,5w,AVAV,2022-07-21 00:00:00+00:00,2022-08-25 00:00:00+00:00,0.0,,0.2174384850149378
ht2.vwap_reversion,1d,AVAV,2022-08-25 00:00:00+00:00,2022-08-26 00:00:00+00:00,0.0,,-0.03793951775574422
ht2.vwap_reversion,1w,AVAV,2022-08-25 00:00:00+00:00,2022-09-01 00:00:00+00:00,0.0,,-0.17325407025754336
ht2.vwap_reversion,5w,AVAV,2022-08-25 00:00:00+00:00,2022-09-30 00:00:00+00:00,0.0,,-0.1742446445729875
ht2.vwap_reversion,1d,AVAV,2022-09-30 00:00:00+00:00,2022-10-03 00:00:00+00:00,0.0,,0.02267273723380625
ht2.vwap_reversion,1w,AVAV,2022-09-30 00:00:00+00:00,2022-10-07 00:00:00+00:00,0.0,,-0.07821502188966267
ht2.vwap_reversion,5w,AVAV,2022-09-30 00:00:00+00:00,2022-11-04 00:00:00+00:00,0.0,,0.019193839520226685
ht2.vwap_reversion,1d,AVAV,2022-11-04 00:00:00+00:00,2022-11-07 00:00:00+00:00,0.0,,0.0018832822955929807
ht2.vwap_reversion,1w,AVAV,2022-11-04 00:00:00+00:00,2022-11-11 00:00:00+00:00,0.0,,0.09380886660296262
ht2.vwap_reversion,5w,AVAV,2022-11-04 00:00:00+00:00,2022-12-12 00:00:00+00:00,0.0,,0.032368173606802664
ht2.vwap_reversion,1d,AVAV,2022-12-12 00:00:00+00:00,2022-12-13 00:00:00+00:00,0.0,,-0.02006615157452485
ht2.vwap_reversion,1w,AVAV,2022-12-12 00:00:00+00:00,2022-12-19 00:00:00+00:00,0.0,,-0.0741078562062224
ht2.vwap_reversion,5w,AVAV,2022-12-12 00:00:00+00:00,2023-01-19 00:00:00+00:00,0.0,,-0.06293463345895323
ht2.vwap_reversion,1d,AVAV,2023-01-19 00:00:00+00:00,2023-01-20 00:00:00+00:00,0.0,,0.008760204396105475
ht2.vwap_reversion,1w,AVAV,2023-01-19 00:00:00+00:00,2023-01-26 00:00:00+00:00,0.0,,0.07433994925000054
ht2.vwap_reversion,5w,AVAV,2023-01-19 00:00:00+00:00,2023-02-24 00:00:00+00:00,0.0,,0.03577071084901906
ht2.vwap_reversion,1d,AVAV,2023-02-24 00:00:00+00:00,2023-02-27 00:00:00+00:00,0.0,,0.005520982448807166
ht2.vwap_reversion,1w,AVAV,2023-02-24 00:00:00+00:00,2023-03-03 00:00:00+00:00,0.0,,0.04863149915680531
ht2.vwap_reversion,5w,AVAV,2023-02-24 00:00:00+00:00,2023-03-31 00:00:00+00:00,0.0,,0.07670629178164612
ht2.vwap_reversion,1d,AVAV,2023-03-31 00:00:00+00:00,2023-04-03 00:00:00+00:00,0.0,,0.003163793089097533
ht2.vwap_reversion,1w,AVAV,2023-03-31 00:00:00+00:00,2023-04-10 00:00:00+00:00,0.0,,0.16823039005964668
ht2.vwap_reversion,5w,AVAV,2023-03-31 00:00:00+00:00,2023-05-08 00:00:00+00:00,0.0,,0.12469989329169318
ht2.vwap_reversion,1d,AVAV,2023-05-08 00:00:00+00:00,2023-05-09 00:00:00+00:00,0.0,,0.01387137798015603
ht2.vwap_reversion,1w,AVAV,2023-05-08 00:00:00+00:00,2023-05-15 00:00:00+00:00,0.0,,0.012610370530006465
ht2.vwap_reversion,5w,AVAV,2023-05-08 00:00:00+00:00,2023-06-13 00:00:00+00:00,0.0,,-0.06508875082776988
ht2.vwap_reversion,1d,AVAV,2023-06-13 00:00:00+00:00,2023-06-14 00:00:00+00:00,0.0,,-0.02241124812480977
ht2.vwap_reversion,1w,AVAV,2023-06-13 00:00:00+00:00,2023-06-21 00:00:00+00:00,0.0,,0.00840428731138565
ht2.vwap_reversion,5w,AVAV,2023-06-13 00:00:00+00:00,2023-07-20 00:00:00+00:00,0.0,,-0.039738475936969664
ht2.vwap_reversion,1d,AVAV,2023-07-20 00:00:00+00:00,2023-07-21 00:00:00+00:00,0.0,,0.042355462341293615
ht2.vwap_reversion,1w,AVAV,2023-07-20 00:00:00+00:00,2023-07-27 00:00:00+00:00,0.0,,0.01847648868813523
ht2.vwap_reversion,5w,AVAV,2023-07-20 00:00:00+00:00,2023-08-24 00:00:00+00:00,0.0,,0.016963799492758946
ht2.vwap_reversion,1d,AVAV,2023-08-24 00:00:00+00:00,2023-08-25 00:00:00+00:00,0.0,,0.003081182607996169
ht2.vwap_reversion,1w,AVAV,2023-08-24 00:00:00+00:00,2023-08-31 00:00:00+00:00,0.0,,0.030917933996984504
ht2.vwap_reversion,5w,AVAV,2023-08-24 00:00:00+00:00,2023-09-29 00:00:00+00:00,0.0,,0.1849765780350774
ht2.vwap_reversion,1d,AVAV,2023-09-29 00:00:00+00:00,2023-10-02 00:00:00+00:00,0.0,,-0.022146518853559005
ht2.vwap_reversion,1w,AVAV,2023-09-29 00:00:00+00:00,2023-10-06 00:00:00+00:00,0.0,,-0.058369965098922894
ht2.vwap_reversion,5w,AVAV,2023-09-29 00:00:00+00:00,2023-11-03 00:00:00+00:00,0.0,,0.07432978576402705
ht2.vwap_reversion,1d,AVAV,2023-11-03 00:00:00+00:00,2023-11-06 00:00:00+00:00,0.0,,-0.008679693858923199
ht2.vwap_reversion,1w,AVAV,2023-11-03 00:00:00+00:00,2023-11-10 00:00:00+00:00,0.0,,0.014772130258508653
ht2.vwap_reversion,5w,AVAV,2023-11-03 00:00:00+00:00,2023-12-11 00:00:00+00:00,0.0,,0.029043593438465853
ht2.vwap_reversion,1d,AVAV,2023-12-11 00:00:00+00:00,2023-12-12 00:00:00+00:00,0.0,,0.014841801754797768
ht2.vwap_reversion,1w,AVAV,2023-12-11 00:00:00+00:00,2023-12-18 00:00:00+00:00,0.0,,0.02043792847278847
ht2.vwap_reversion,5w,AVAV,2023-12-11 00:00:00+00:00,2024-01-18 00:00:00+00:00,0.0,,0.003487431423625287
ht2.vwap_reversion,1d,AVAV,2024-01-18 00:00:00+00:00,2024-01-19 00:00:00+00:00,0.0,,-0.006223262358117321
ht2.vwap_reversion,1w,AVAV,2024-01-18 00:00:00+00:00,2024-01-25 00:00:00+00:00,0.0,,-0.009213666759179673
ht2.vwap_reversion,5w,AVAV,2024-01-18 00:00:00+00:00,2024-02-23 00:00:00+00:00,0.0,,-0.003960280286669948
ht2.vwap_reversion,1d,AVAV,2024-02-23 00:00:00+00:00,2024-02-26 00:00:00+00:00,0.0,,-0.008114248761229348
ht2.vwap_reversion,1w,AVAV,2024-02-23 00:00:00+00:00,2024-03-01 00:00:00+00:00,0.0,,0.04454720836524384
ht2.vwap_reversion,5w,AVAV,2024-02-23 00:00:00+00:00,2024-04-01 00:00:00+00:00,0.0,,0.21243103504525673
ht2.vwap_reversion,1d,AVAV,2024-04-01 00:00:00+00:00,2024-04-02 00:00:00+00:00,0.0,,-0.023892331074674478
ht2.vwap_reversion,1w,AVAV,2024-04-01 00:00:00+00:00,2024-04-08 00:00:00+00:00,0.0,,0.01934144977287966
ht2.vwap_reversion,5w,AVAV,2024-04-01 00:00:00+00:00,2024-05-06 00:00:00+00:00,0.0,,0.20392184174872963
ht2.vwap_reversion,1d,AVAV,2024-05-06 00:00:00+00:00,2024-05-07 00:00:00+00:00,-1.0,1.0,-0.001667702778229474
ht2.vwap_reversion,1w,AVAV,2024-05-06 00:00:00+00:00,2024-05-13 00:00:00+00:00,-1.0,0.0,0.04108065715004772
ht2.vwap_reversion,5w,AVAV,2024-05-06 00:00:00+00:00,2024-06-11 00:00:00+00:00,-1.0,0.0,0.17488468964705262
ht2.vwap_reversion,1d,AVAV,2024-06-11 00:00:00+00:00,2024-06-12 00:00:00+00:00,-1.0,0.0,0.02942986061546038
ht2.vwap_reversion,1w,AVAV,2024-06-11 00:00:00+00:00,2024-06-18 00:00:00+00:00,-1.0,0.0,0.0376626033839782
ht2.vwap_reversion,5w,AVAV,2024-06-11 00:00:00+00:00,2024-07-18 00:00:00+00:00,-1.0,1.0,-0.21745921640218335
ht2.vwap_reversion,1d,AVAV,2024-07-18 00:00:00+00:00,2024-07-19 00:00:00+00:00,0.0,,-0.007013747302679896
ht2.vwap_reversion,1w,AVAV,2024-07-18 00:00:00+00:00,2024-07-25 00:00:00+00:00,0.0,,0.027510750762132163
ht2.vwap_reversion,5w,AVAV,2024-07-18 00:00:00+00:00,2024-08-22 00:00:00+00:00,0.0,,0.11258235193120725
ht2.vwap_reversion,1d,AVAV,2024-08-22 00:00:00+00:00,2024-08-23 00:00:00+00:00,0.0,,0.008749528060508105
ht2.vwap_reversion,1w,AVAV,2024-08-22 00:00:00+00:00,2024-08-29 00:00:00+00:00,0.0,,0.10651598656934613
ht2.vwap_reversion,5w,AVAV,2024-08-22 00:00:00+00:00,2024-09-27 00:00:00+00:00,0.0,,0.08271290514134333
ht2.vwap_reversion,1d,AVAV,2024-09-27 00:00:00+00:00,2024-09-30 00:00:00+00:00,0.0,,0.00637456356821775
ht2.vwap_reversion,1w,AVAV,2024-09-27 00:00:00+00:00,2024-10-04 00:00:00+00:00,0.0,,0.043768515824436305
ht2.vwap_reversion,5w,AVAV,2024-09-27 00:00:00+00:00,2024-11-01 00:00:00+00:00,0.0,,0.08417409342012494
ht2.vwap_reversion,1d,AVAV,2024-11-01 00:00:00+00:00,2024-11-04 00:00:00+00:00,0.0,,-0.0024074271873192332
ht2.vwap_reversion,1w,AVAV,2024-11-01 00:00:00+00:00,2024-11-08 00:00:00+00:00,0.0,,0.05495368109809018
ht2.vwap_reversion,5w,AVAV,2024-11-01 00:00:00+00:00,2024-12-09 00:00:00+00:00,0.0,,-0.2573148232919199
ht2.vwap_reversion,1d,AVAV,2024-12-09 00:00:00+00:00,2024-12-10 00:00:00+00:00,0.0,,-0.04176534736764004
ht2.vwap_reversion,1w,AVAV,2024-12-09 00:00:00+00:00,2024-12-16 00:00:00+00:00,0.0,,0.05223790661054095
ht2.vwap_reversion,5w,AVAV,2024-12-09 00:00:00+00:00,2025-01-16 00:00:00+00:00,0.0,,0.03098118238019798
ht2.vwap_reversion,1d,AVAV,2025-01-16 00:00:00+00:00,2025-01-17 00:00:00+00:00,0.0,,0.020255191461868494
ht2.vwap_reversion,1w,AVAV,2025-01-16 00:00:00+00:00,2025-01-24 00:00:00+00:00,0.0,,0.09051333983885423
ht2.vwap_reversion,5w,AVAV,2025-01-16 00:00:00+00:00,2025-02-24 00:00:00+00:00,0.0,,-0.0755185049837167
ht2.vwap_reversion,1d,AVAV,2025-02-24 00:00:00+00:00,2025-02-25 00:00:00+00:00,0.0,,-0.00791361349495745
ht2.vwap_reversion,1w,AVAV,2025-02-24 00:00:00+00:00,2025-03-03 00:00:00+00:00,0.0,,-0.06716801454305366
ht2.vwap_reversion,5w,AVAV,2025-02-24 00:00:00+00:00,2025-03-31 00:00:00+00:00,0.0,,-0.22047084892560764
ht2.vwap_reversion,1d,AVAV,2025-03-31 00:00:00+00:00,2025-04-01 00:00:00+00:00,0.0,,0.02181389731407446
ht2.vwap_reversion,1w,AVAV,2025-03-31 00:00:00+00:00,2025-04-07 00:00:00+00:00,0.0,,-0.048745742671198244
ht2.vwap_reversion,5w,AVAV,2025-03-31 00:00:00+00:00,2025-05-06 00:00:00+00:00,0.0,,0.3298095205419478
ht2.vwap_reversion,1d,AVAV,2025-05-06 00:00:00+00:00,2025-05-07 00:00:00+00:00,0.0,,0.009526779222939652
ht2.vwap_reversion,1w,AVAV,2025-05-06 00:00:00+00:00,2025-05-13 00:00:00+00:00,0.0,,0.05110413945435721
ht2.vwap_reversion,5w,AVAV,2025-05-06 00:00:00+00:00,2025-06-11 00:00:00+00:00,0.0,,0.19570980613540012
ht2.vwap_reversion,1d,AVAV,2025-06-11 00:00:00+00:00,2025-06-12 00:00:00+00:00,0.0,,0.0031658444027049537
ht2.vwap_reversion,1w,AVAV,2025-06-11 00:00:00+00:00,2025-06-18 00:00:00+00:00,0.0,,0.002743715713114714
ht2.vwap_reversion,5w,AVAV,2025-06-11 00:00:00+00:00,2025-07-18 00:00:00+00:00,0.0,,0.445915959274364
ht2.vwap_reversion,1d,AVAV,2025-07-18 00:00:00+00:00,2025-07-21 00:00:00+00:00,0.0,,-0.0067511079507963645
ht2.vwap_reversion,1w,AVAV,2025-07-18 00:00:00+00:00,2025-07-25 00:00:00+00:00,0.0,,-0.004196598553469211
ht2.vwap_reversion,5w,AVAV,2025-07-18 00:00:00+00:00,2025-08-22 00:00:00+00:00,0.0,,-0.1247673707028798
ht2.vwap_reversion,1d,AVAV,2025-08-22 00:00:00+00:00,2025-08-25 00:00:00+00:00,0.0,,0.005461964553852727
ht2.vwap_reversion,1w,AVAV,2025-08-22 00:00:00+00:00,2025-08-29 00:00:00+00:00,0.0,,0.0062959047226536224
ht2.vwap_reversion,5w,AVAV,2025-08-22 00:00:00+00:00,2025-09-29 00:00:00+00:00,0.0,,0.287066407416545
ht2.vwap_reversion,1d,AVAV,2025-09-29 00:00:00+00:00,2025-09-30 00:00:00+00:00,0.0,,0.02008491417926006
ht2.vwap_reversion,1w,AVAV,2025-09-29 00:00:00+00:00,2025-10-06 00:00:00+00:00,0.0,,0.2694936725629684
ht2.vwap_reversion,5w,AVAV,2025-09-29 00:00:00+00:00,2025-11-03 00:00:00+00:00,0.0,,0.19174577075148824
ht2.vwap_reversion,1d,AVAV,2025-11-03 00:00:00+00:00,2025-11-04 00:00:00+00:00,0.0,,-0.007611227230027939
ht2.vwap_reversion,1w,AVAV,2025-11-03 00:00:00+00:00,2025-11-10 00:00:00+00:00,0.0,,-0.0924486498701087
ht2.vwap_reversion,5w,AVAV,2025-11-03 00:00:00+00:00,2025-12-09 00:00:00+00:00,0.0,,-0.23502226353025024
ht2.vwap_reversion,1d,AVAV,2025-12-09 00:00:00+00:00,2025-12-10 00:00:00+00:00,0.0,,-0.1285267987417762
ht2.vwap_reversion,1w,AVAV,2025-12-09 00:00:00+00:00,2025-12-16 00:00:00+00:00,0.0,,-0.16619294044366184
ht2.vwap_reversion,5w,AVAV,2025-12-09 00:00:00+00:00,2026-01-15 00:00:00+00:00,0.0,,0.34521352164398045
ht2.vwap_reversion,1d,AVAV,2026-01-15 00:00:00+00:00,2026-01-16 00:00:00+00:00,0.0,,0.037747253482511844
ht2.vwap_reversion,1w,AVAV,2026-01-15 00:00:00+00:00,2026-01-23 00:00:00+00:00,0.0,,-0.18707241977457134
ht2.vwap_reversion,5w,AVAV,2026-01-15 00:00:00+00:00,2026-02-23 00:00:00+00:00,0.0,,-0.3096917835108508
ht2.vwap_reversion,1d,AVAV,2026-02-23 00:00:00+00:00,2026-02-24 00:00:00+00:00,0.0,,0.003520504630186938
ht2.vwap_reversion,1w,AVAV,2026-02-23 00:00:00+00:00,2026-03-02 00:00:00+00:00,0.0,,-0.20284690610271017
ht2.vwap_reversion,5w,AVAV,2026-02-23 00:00:00+00:00,2026-03-30 00:00:00+00:00,0.0,,-0.3228102004598482
ht2.vwap_reversion,1d,AVAV,2026-03-30 00:00:00+00:00,2026-03-31 00:00:00+00:00,0.0,,0.034356115664327724
ht2.vwap_reversion,1w,AVAV,2026-03-30 00:00:00+00:00,2026-04-07 00:00:00+00:00,0.0,,0.055828698732339976
ht2.vwap_reversion,5w,AVAV,2026-03-30 00:00:00+00:00,2026-05-05 00:00:00+00:00,0.0,,-0.05808893433004203
ht2.vwap_reversion,1d,AVAV,2026-05-05 00:00:00+00:00,2026-05-06 00:00:00+00:00,1.0,1.0,0.046073505089070155
ht2.vwap_reversion,1w,AVAV,2026-05-05 00:00:00+00:00,2026-05-12 00:00:00+00:00,1.0,1.0,0.013018166279696874
ht2.vwap_reversion,5w,AVAV,2026-05-05 00:00:00+00:00,2026-06-10 00:00:00+00:00,1.0,1.0,0.03743469999989024
ht2.vwap_reversion,1d,AVAV,2026-06-10 00:00:00+00:00,2026-06-11 00:00:00+00:00,0.0,,0.062221767312501175
ht2.vwap_reversion,1w,AVAV,2026-06-10 00:00:00+00:00,2026-06-17 00:00:00+00:00,0.0,,-0.03365519176503595
ht2.vwap_reversion,5w,AVAV,2026-06-10 00:00:00+00:00,2026-07-17 00:00:00+00:00,0.0,,-0.1777019431507949
ht2.vwap_reversion,1d,AVAV,2026-07-17 00:00:00+00:00,2026-07-20 00:00:00+00:00,0.0,,0.00281300396524653
ht2.vwap_reversion,1w,AVAV,2026-07-17 00:00:00+00:00,2026-07-24 00:00:00+00:00,0.0,,0.051406453695314935
ht2.vwap_reversion,5w,AVAV,2026-07-17 00:00:00+00:00,2026-08-21 00:00:00+00:00,0.0,,0.12672295822214297
ht2.vwap_reversion,1d,BTC-USD,2017-12-22 00:00:00+00:00,2017-12-23 00:00:00+00:00,0.0,,0.06271059463505568
ht2.vwap_reversion,1w,BTC-USD,2017-12-22 00:00:00+00:00,2017-12-27 00:00:00+00:00,0.0,,0.1450787477875759
ht2.vwap_reversion,5w,BTC-USD,2017-12-22 00:00:00+00:00,2018-01-16 00:00:00+00:00,0.0,,-0.16926935306669566
ht2.vwap_reversion,1d,BTC-USD,2018-01-31 00:00:00+00:00,2018-02-01 00:00:00+00:00,0.0,,-0.1027834196380305
ht2.vwap_reversion,1w,BTC-USD,2018-01-31 00:00:00+00:00,2018-02-05 00:00:00+00:00,0.0,,-0.31951841921668245
ht2.vwap_reversion,5w,BTC-USD,2018-01-31 00:00:00+00:00,2018-02-25 00:00:00+00:00,0.0,,-0.05443339385076407
ht2.vwap_reversion,1d,BTC-USD,2018-03-08 00:00:00+00:00,2018-03-09 00:00:00+00:00,1.0,0.0,-0.006116008644050375
ht2.vwap_reversion,1w,BTC-USD,2018-03-08 00:00:00+00:00,2018-03-13 00:00:00+00:00,1.0,0.0,-0.021304943926972575
ht2.vwap_reversion,5w,BTC-USD,2018-03-08 00:00:00+00:00,2018-04-02 00:00:00+00:00,1.0,0.0,-0.24600399771737202
ht2.vwap_reversion,1d,BTC-USD,2018-04-13 00:00:00+00:00,2018-04-14 00:00:00+00:00,0.0,,0.011433729892771805
ht2.vwap_reversion,1w,BTC-USD,2018-04-13 00:00:00+00:00,2018-04-18 00:00:00+00:00,0.0,,0.03387301382740859
ht2.vwap_reversion,5w,BTC-USD,2018-04-13 00:00:00+00:00,2018-05-08 00:00:00+00:00,0.0,,0.16956270778803884
ht2.vwap_reversion,1d,BTC-USD,2018-05-18 00:00:00+00:00,2018-05-19 00:00:00+00:00,0.0,,-0.0004593446816679725
ht2.vwap_reversion,1w,BTC-USD,2018-05-18 00:00:00+00:00,2018-05-23 00:00:00+00:00,0.0,,-0.08400829542644905
ht2.vwap_reversion,5w,BTC-USD,2018-05-18 00:00:00+00:00,2018-06-12 00:00:00+00:00,0.0,,-0.20223197012945804
ht2.vwap_reversion,1d,BTC-USD,2018-06-25 00:00:00+00:00,2018-06-26 00:00:00+00:00,0.0,,-0.02488490482462502
ht2.vwap_reversion,1w,BTC-USD,2018-06-25 00:00:00+00:00,2018-06-30 00:00:00+00:00,0.0,,0.024774421582330897
ht2.vwap_reversion,5w,BTC-USD,2018-06-25 00:00:00+00:00,2018-07-20 00:00:00+00:00,0.0,,0.17681514629926842
ht2.vwap_reversion,1d,BTC-USD,2018-07-31 00:00:00+00:00,2018-08-01 00:00:00+00:00,0.0,,-0.01998984457531061
ht2.vwap_reversion,1w,BTC-USD,2018-07-31 00:00:00+00:00,2018-08-05 00:00:00+00:00,0.0,,-0.09150638862316307
ht2.vwap_reversion,5w,BTC-USD,2018-07-31 00:00:00+00:00,2018-08-25 00:00:00+00:00,0.0,,-0.13074453471279424
ht2.vwap_reversion,1d,BTC-USD,2018-09-05 00:00:00+00:00,2018-09-06 00:00:00+00:00,0.0,,-0.03881447838641905
ht2.vwap_reversion,1w,BTC-USD,2018-09-05 00:00:00+00:00,2018-09-10 00:00:00+00:00,0.0,,-0.06817922390020037
ht2.vwap_reversion,5w,BTC-USD,2018-09-05 00:00:00+00:00,2018-09-30 00:00:00+00:00,0.0,,-0.02462449635975894
ht2.vwap_reversion,1d,BTC-USD,2018-10-10 00:00:00+00:00,2018-10-11 00:00:00+00:00,0.0,,-0.05000198336714945
ht2.vwap_reversion,1w,BTC-USD,2018-10-10 00:00:00+00:00,2018-10-15 00:00:00+00:00,0.0,,0.001671885826265207
ht2.vwap_reversion,5w,BTC-USD,2018-10-10 00:00:00+00:00,2018-11-04 00:00:00+00:00,0.0,,-0.03179697141689897
ht2.vwap_reversion,1d,BTC-USD,2018-11-14 00:00:00+00:00,2018-11-15 00:00:00+00:00,1.0,0.0,-0.015739770310788437
ht2.vwap_reversion,1w,BTC-USD,2018-11-14 00:00:00+00:00,2018-11-19 00:00:00+00:00,1.0,0.0,-0.1510643039425752
ht2.vwap_reversion,5w,BTC-USD,2018-11-14 00:00:00+00:00,2018-12-09 00:00:00+00:00,1.0,0.0,-0.37016140293075106
ht2.vwap_reversion,1d,BTC-USD,2018-12-21 00:00:00+00:00,2018-12-22 00:00:00+00:00,0.0,,0.03019058043163869
ht2.vwap_reversion,1w,BTC-USD,2018-12-21 00:00:00+00:00,2018-12-26 00:00:00+00:00,0.0,,-0.010072027098835479
ht2.vwap_reversion,5w,BTC-USD,2018-12-21 00:00:00+00:00,2019-01-15 00:00:00+00:00,0.0,,-0.06823185586835989
ht2.vwap_reversion,1d,BTC-USD,2019-01-30 00:00:00+00:00,2019-01-31 00:00:00+00:00,0.0,,-0.008143269325041613
ht2.vwap_reversion,1w,BTC-USD,2019-01-30 00:00:00+00:00,2019-02-04 00:00:00+00:00,0.0,,-0.0077527767273134485
ht2.vwap_reversion,5w,BTC-USD,2019-01-30 00:00:00+00:00,2019-02-24 00:00:00+00:00,0.0,,0.0930088799249269
ht2.vwap_reversion,1d,BTC-USD,2019-03-07 00:00:00+00:00,2019-03-08 00:00:00+00:00,0.0,,-0.0026467658337827604
ht2.vwap_reversion,1w,BTC-USD,2019-03-07 00:00:00+00:00,2019-03-12 00:00:00+00:00,0.0,,-0.0005952024287454449
ht2.vwap_reversion,5w,BTC-USD,2019-03-07 00:00:00+00:00,2019-04-01 00:00:00+00:00,0.0,,0.06307036071663963
ht2.vwap_reversion,1d,BTC-USD,2019-04-11 00:00:00+00:00,2019-04-12 00:00:00+00:00,0.0,,0.004946456691243162
ht2.vwap_reversion,1w,BTC-USD,2019-04-11 00:00:00+00:00,2019-04-16 00:00:00+00:00,0.0,,0.033778692799152576
ht2.vwap_reversion,5w,BTC-USD,2019-04-11 00:00:00+00:00,2019-05-06 00:00:00+00:00,0.0,,0.13472622777071241
ht2.vwap_reversion,1d,BTC-USD,2019-05-17 00:00:00+00:00,2019-05-18 00:00:00+00:00,0.0,,-0.009897676229553398
ht2.vwap_reversion,1w,BTC-USD,2019-05-17 00:00:00+00:00,2019-05-22 00:00:00+00:00,0.0,,0.045775555776886856
ht2.vwap_reversion,5w,BTC-USD,2019-05-17 00:00:00+00:00,2019-06-11 00:00:00+00:00,0.0,,0.07949716155889996
ht2.vwap_reversion,1d,BTC-USD,2019-06-24 00:00:00+00:00,2019-06-25 00:00:00+00:00,0.0,,0.07082074209722089
ht2.vwap_reversion,1w,BTC-USD,2019-06-24 00:00:00+00:00,2019-06-29 00:00:00+00:00,0.0,,0.08611931015295382
ht2.vwap_reversion,5w,BTC-USD,2019-06-24 00:00:00+00:00,2019-07-19 00:00:00+00:00,0.0,,-0.04362597800568657
ht2.vwap_reversion,1d,BTC-USD,2019-07-30 00:00:00+00:00,2019-07-31 00:00:00+00:00,0.0,,0.04977443590680308
ht2.vwap_reversion,1w,BTC-USD,2019-07-30 00:00:00+00:00,2019-08-04 00:00:00+00:00,0.0,,0.14184455339610613
ht2.vwap_reversion,5w,BTC-USD,2019-07-30 00:00:00+00:00,2019-08-24 00:00:00+00:00,0.0,,0.057511474382704986
ht2.vwap_reversion,1d,BTC-USD,2019-09-04 00:00:00+00:00,2019-09-05 00:00:00+00:00,0.0,,-0.0017896052830365106
ht2.vwap_reversion,1w,BTC-USD,2019-09-04 00:00:00+00:00,2019-09-09 00:00:00+00:00,0.0,,-0.02449560830033959
ht2.vwap_reversion,5w,BTC-USD,2019-09-04 00:00:00+00:00,2019-09-29 00:00:00+00:00,0.0,,-0.23505679588664552
ht2.vwap_reversion,1d,BTC-USD,2019-10-09 00:00:00+00:00,2019-10-10 00:00:00+00:00,-1.0,1.0,-0.0010780457889411066
ht2.vwap_reversion,1w,BTC-USD,2019-10-09 00:00:00+00:00,2019-10-14 00:00:00+00:00,-1.0,1.0,-0.02571665789218358
ht2.vwap_reversion,5w,BTC-USD,2019-10-09 00:00:00+00:00,2019-11-03 00:00:00+00:00,-1.0,0.0,0.07441060808871769
ht2.vwap_reversion,1d,BTC-USD,2019-11-13 00:00:00+00:00,2019-11-14 00:00:00+00:00,0.0,,-0.011372046022572246
ht2.vwap_reversion,1w,BTC-USD,2019-11-13 00:00:00+00:00,2019-11-18 00:00:00+00:00,0.0,,-0.05664869222912039
ht2.vwap_reversion,5w,BTC-USD,2019-11-13 00:00:00+00:00,2019-12-08 00:00:00+00:00,0.0,,-0.14122166010452053
ht2.vwap_reversion,1d,BTC-USD,2019-12-19 00:00:00+00:00,2019-12-20 00:00:00+00:00,0.0,,0.0022174806840695727
ht2.vwap_reversion,1w,BTC-USD,2019-12-19 00:00:00+00:00,2019-12-24 00:00:00+00:00,0.0,,0.016616767532628307
ht2.vwap_reversion,5w,BTC-USD,2019-12-19 00:00:00+00:00,2020-01-13 00:00:00+00:00,0.0,,0.13069144167427882
ht2.vwap_reversion,1d,BTC-USD,2020-01-28 00:00:00+00:00,2020-01-29 00:00:00+00:00,-1.0,1.0,-0.004483577295090302
ht2.vwap_reversion,1w,BTC-USD,2020-01-28 00:00:00+00:00,2020-02-02 00:00:00+00:00,-1.0,1.0,-0.0015199522163586998
ht2.vwap_reversion,5w,BTC-USD,2020-01-28 00:00:00+00:00,2020-02-22 00:00:00+00:00,-1.0,0.0,0.03254676206142504
ht2.vwap_reversion,1d,BTC-USD,2020-03-04 00:00:00+00:00,2020-03-05 00:00:00+00:00,0.0,,0.03695117168590434
ht2.vwap_reversion,1w,BTC-USD,2020-03-04 00:00:00+00:00,2020-03-09 00:00:00+00:00,0.0,,-0.09498323103603512
ht2.vwap_reversion,5w,BTC-USD,2020-03-04 00:00:00+00:00,2020-03-29 00:00:00+00:00,0.0,,-0.32360062694554115
ht2.vwap_reversion,1d,BTC-USD,2020-04-08 00:00:00+00:00,2020-04-09 00:00:00+00:00,0.0,,-0.004364445986660415
ht2.vwap_reversion,1w,BTC-USD,2020-04-08 00:00:00+00:00,2020-04-13 00:00:00+00:00,0.0,,-0.06668318216613667
ht2.vwap_reversion,5w,BTC-USD,2020-04-08 00:00:00+00:00,2020-05-03 00:00:00+00:00,0.0,,0.2131645885144
ht2.vwap_reversion,1d,BTC-USD,2020-05-14 00:00:00+00:00,2020-05-15 00:00:00+00:00,0.0,,-0.04166180495059313
ht2.vwap_reversion,1w,BTC-USD,2020-05-14 00:00:00+00:00,2020-05-19 00:00:00+00:00,0.0,,-0.0004811719406128123
ht2.vwap_reversion,5w,BTC-USD,2020-05-14 00:00:00+00:00,2020-06-08 00:00:00+00:00,0.0,,0.0038800758196952945
ht2.vwap_reversion,1d,BTC-USD,2020-06-19 00:00:00+00:00,2020-06-20 00:00:00+00:00,0.0,,0.004771982890003024
ht2.vwap_reversion,1w,BTC-USD,2020-06-19 00:00:00+00:00,2020-06-24 00:00:00+00:00,0.0,,0.002755355916260971
ht2.vwap_reversion,5w,BTC-USD,2020-06-19 00:00:00+00:00,2020-07-14 00:00:00+00:00,0.0,,-0.004823923125927387
ht2.vwap_reversion,1d,BTC-USD,2020-07-27 00:00:00+00:00,2020-07-28 00:00:00+00:00,-1.0,1.0,-0.007101328925793737
ht2.vwap_reversion,1w,BTC-USD,2020-07-27 00:00:00+00:00,2020-08-01 00:00:00+00:00,-1.0,0.0,0.0699416436969098
ht2.vwap_reversion,5w,BTC-USD,2020-07-27 00:00:00+00:00,2020-08-21 00:00:00+00:00,-1.0,0.0,0.05473780002477202
ht2.vwap_reversion,1d,BTC-USD,2020-08-31 00:00:00+00:00,2020-09-01 00:00:00+00:00,0.0,,0.024797762089964426
ht2.vwap_reversion,1w,BTC-USD,2020-08-31 00:00:00+00:00,2020-09-05 00:00:00+00:00,0.0,,-0.12937900671841196
ht2.vwap_reversion,5w,BTC-USD,2020-08-31 00:00:00+00:00,2020-09-25 00:00:00+00:00,0.0,,-0.08459196265245172
ht2.vwap_reversion,1d,BTC-USD,2020-10-06 00:00:00+00:00,2020-10-07 00:00:00+00:00,0.0,,0.0060882710901424275
ht2.vwap_reversion,1w,BTC-USD,2020-10-06 00:00:00+00:00,2020-10-11 00:00:00+00:00,0.0,,0.0735331495457372
ht2.vwap_reversion,5w,BTC-USD,2020-10-06 00:00:00+00:00,2020-10-31 00:00:00+00:00,0.0,,0.2995536753590047
ht2.vwap_reversion,1d,BTC-USD,2020-11-10 00:00:00+00:00,2020-11-11 00:00:00+00:00,0.0,,0.02684194109497806
ht2.vwap_reversion,1w,BTC-USD,2020-11-10 00:00:00+00:00,2020-11-15 00:00:00+00:00,0.0,,0.043469347454611285
ht2.vwap_reversion,5w,BTC-USD,2020-11-10 00:00:00+00:00,2020-12-05 00:00:00+00:00,0.0,,0.25265533963593034
ht2.vwap_reversion,1d,BTC-USD,2020-12-16 00:00:00+00:00,2020-12-17 00:00:00+00:00,-1.0,0.0,0.07013245133867341
ht2.vwap_reversion,1w,BTC-USD,2020-12-16 00:00:00+00:00,2020-12-21 00:00:00+00:00,-1.0,0.0,0.07003484365265011
ht2.vwap_reversion,5w,BTC-USD,2020-12-16 00:00:00+00:00,2021-01-10 00:00:00+00:00,-1.0,0.0,0.7998763819277857
ht2.vwap_reversion,1d,BTC-USD,2021-01-25 00:00:00+00:00,2021-01-26 00:00:00+00:00,0.0,,0.006286058316783416
ht2.vwap_reversion,1w,BTC-USD,2021-01-25 00:00:00+00:00,2021-01-30 00:00:00+00:00,0.0,,0.05879959760054443
ht2.vwap_reversion,5w,BTC-USD,2021-01-25 00:00:00+00:00,2021-02-19 00:00:00+00:00,0.0,,0.7267334528430671
ht2.vwap_reversion,1d,BTC-USD,2021-03-02 00:00:00+00:00,2021-03-03 00:00:00+00:00,0.0,,0.04463205996986197
ht2.vwap_reversion,1w,BTC-USD,2021-03-02 00:00:00+00:00,2021-03-07 00:00:00+00:00,0.0,,0.058448992537033284
ht2.vwap_reversion,5w,BTC-USD,2021-03-02 00:00:00+00:00,2021-03-27 00:00:00+00:00,0.0,,0.15697979034512732
ht2.vwap_reversion,1d,BTC-USD,2021-04-07 00:00:00+00:00,2021-04-08 00:00:00+00:00,1.0,1.0,0.04058980823677527
ht2.vwap_reversion,1w,BTC-USD,2021-04-07 00:00:00+00:00,2021-04-12 00:00:00+00:00,1.0,1.0,0.06859212317807084
ht2.vwap_reversion,5w,BTC-USD,2021-04-07 00:00:00+00:00,2021-05-02 00:00:00+00:00,1.0,1.0,0.010386291890011279
ht2.vwap_reversion,1d,BTC-USD,2021-05-12 00:00:00+00:00,2021-05-13 00:00:00+00:00,1.0,1.0,0.011508648851976444
ht2.vwap_reversion,1w,BTC-USD,2021-05-12 00:00:00+00:00,2021-05-17 00:00:00+00:00,1.0,0.0,-0.11420065762572362
ht2.vwap_reversion,5w,BTC-USD,2021-05-12 00:00:00+00:00,2021-06-06 00:00:00+00:00,1.0,0.0,-0.2703562882429831
ht2.vwap_reversion,1d,BTC-USD,2021-06-17 00:00:00+00:00,2021-06-18 00:00:00+00:00,0.0,,-0.0595545108824469
ht2.vwap_reversion,1w,BTC-USD,2021-06-17 00:00:00+00:00,2021-06-22 00:00:00+00:00,0.0,,-0.1457906153311892
ht2.vwap_reversion,5w,BTC-USD,2021-06-17 00:00:00+00:00,2021-07-12 00:00:00+00:00,0.0,,-0.12870447520591122
ht2.vwap_reversion,1d,BTC-USD,2021-07-23 00:00:00+00:00,2021-07-24 00:00:00+00:00,0.0,,0.021169199000986128
ht2.vwap_reversion,1w,BTC-USD,2021-07-23 00:00:00+00:00,2021-07-28 00:00:00+00:00,0.0,,0.19100831615946112
ht2.vwap_reversion,5w,BTC-USD,2021-07-23 00:00:00+00:00,2021-08-17 00:00:00+00:00,0.0,,0.33094983213090057
ht2.vwap_reversion,1d,BTC-USD,2021-08-27 00:00:00+00:00,2021-08-28 00:00:00+00:00,0.0,,-0.003185280633781984
ht2.vwap_reversion,1w,BTC-USD,2021-08-27 00:00:00+00:00,2021-09-01 00:00:00+00:00,0.0,,-0.004314031215336134
ht2.vwap_reversion,5w,BTC-USD,2021-08-27 00:00:00+00:00,2021-09-21 00:00:00+00:00,0.0,,-0.17050997374874577
ht2.vwap_reversion,1d,BTC-USD,2021-10-04 00:00:00+00:00,2021-10-05 00:00:00+00:00,0.0,,0.048905889117254686
ht2.vwap_reversion,1w,BTC-USD,2021-10-04 00:00:00+00:00,2021-10-09 00:00:00+00:00,0.0,,0.1192216308357743
ht2.vwap_reversion,5w,BTC-USD,2021-10-04 00:00:00+00:00,2021-10-29 00:00:00+00:00,0.0,,0.26703904420482694
ht2.vwap_reversion,1d,BTC-USD,2021-11-08 00:00:00+00:00,2021-11-09 00:00:00+00:00,-1.0,1.0,-0.008806096371717143
ht2.vwap_reversion,1w,BTC-USD,2021-11-08 00:00:00+00:00,2021-11-13 00:00:00+00:00,-1.0,1.0,-0.045840553230054426
ht2.vwap_reversion,5w,BTC-USD,2021-11-08 00:00:00+00:00,2021-12-03 00:00:00+00:00,-1.0,1.0,-0.20673727654357021
ht2.vwap_reversion,1d,BTC-USD,2021-12-14 00:00:00+00:00,2021-12-15 00:00:00+00:00,0.0,,0.04900151967252708
ht2.vwap_reversion,1w,BTC-USD,2021-12-14 00:00:00+00:00,2021-12-19 00:00:00+00:00,0.0,,0.0020248333296180032
ht2.vwap_reversion,5w,BTC-USD,2021-12-14 00:00:00+00:00,2022-01-08 00:00:00+00:00,0.0,,-0.10466457507076687
ht2.vwap_reversion,1d,BTC-USD,2022-01-20 00:00:00+00:00,2022-01-21 00:00:00+00:00,1.0,0.0,-0.10381165615712484
ht2.vwap_reversion,1w,BTC-USD,2022-01-20 00:00:00+00:00,2022-01-25 00:00:00+00:00,1.0,0.0,-0.09160215771043867
ht2.vwap_reversion,5w,BTC-USD,2022-01-20 00:00:00+00:00,2022-02-14 00:00:00+00:00,1.0,1.0,0.046865300190979786
ht2.vwap_reversion,1d,BTC-USD,2022-02-25 00:00:00+00:00,2022-02-26 00:00:00+00:00,0.0,,-0.002781397053842838
ht2.vwap_reversion,1w,BTC-USD,2022-02-25 00:00:00+00:00,2022-03-02 00:00:00+00:00,0.0,,0.12010690478182728
ht2.vwap_reversion,5w,BTC-USD,2022-02-25 00:00:00+00:00,2022-03-22 00:00:00+00:00,0.0,,0.08019004187734846
ht2.vwap_reversion,1d,BTC-USD,2022-04-01 00:00:00+00:00,2022-04-02 00:00:00+00:00,0.0,,-0.008917040798352427
ht2.vwap_reversion,1w,BTC-USD,2022-04-01 00:00:00+00:00,2022-04-06 00:00:00+00:00,0.0,,-0.06643900149061865
ht2.vwap_reversion,5w,BTC-USD,2022-04-01 00:00:00+00:00,2022-04-26 00:00:00+00:00,0.0,,-0.17640219306030558
ht2.vwap_reversion,1d,BTC-USD,2022-05-09 00:00:00+00:00,2022-05-10 00:00:00+00:00,1.0,1.0,0.02396125848050934
ht2.vwap_reversion,1w,BTC-USD,2022-05-09 00:00:00+00:00,2022-05-14 00:00:00+00:00,1.0,0.0,-0.0064589828288219575
ht2.vwap_reversion,5w,BTC-USD,2022-05-09 00:00:00+00:00,2022-06-03 00:00:00+00:00,1.0,0.0,-0.01955848489302503
ht2.vwap_reversion,1d,BTC-USD,2022-06-14 00:00:00+00:00,2022-06-15 00:00:00+00:00,0.0,,0.01648355417709846
ht2.vwap_reversion,1w,BTC-USD,2022-06-14 00:00:00+00:00,2022-06-19 00:00:00+00:00,0.0,,-0.07446016571154057
ht2.vwap_reversion,5w,BTC-USD,2022-06-14 00:00:00+00:00,2022-07-09 00:00:00+00:00,0.0,,-0.027675582798689646
ht2.vwap_reversion,1d,BTC-USD,2022-07-21 00:00:00+00:00,2022-07-22 00:00:00+00:00,0.0,,-0.01941107679491816
ht2.vwap_reversion,1w,BTC-USD,2022-07-21 00:00:00+00:00,2022-07-26 00:00:00+00:00,0.0,,-0.0830954386444176
ht2.vwap_reversion,5w,BTC-USD,2022-07-21 00:00:00+00:00,2022-08-15 00:00:00+00:00,0.0,,0.04197536485195563
ht2.vwap_reversion,1d,BTC-USD,2022-08-25 00:00:00+00:00,2022-08-26 00:00:00+00:00,0.0,,-0.06207539958496022
ht2.vwap_reversion,1w,BTC-USD,2022-08-25 00:00:00+00:00,2022-08-30 00:00:00+00:00,0.0,,-0.08351945262708271
ht2.vwap_reversion,5w,BTC-USD,2022-08-25 00:00:00+00:00,2022-09-19 00:00:00+00:00,0.0,,-0.09521709657880173
ht2.vwap_reversion,1d,BTC-USD,2022-09-30 00:00:00+00:00,2022-10-01 00:00:00+00:00,0.0,,-0.0061596674907298254
ht2.vwap_reversion,1w,BTC-USD,2022-09-30 00:00:00+00:00,2022-10-05 00:00:00+00:00,0.0,,0.037512126754283504
ht2.vwap_reversion,5w,BTC-USD,2022-09-30 00:00:00+00:00,2022-10-25 00:00:00+00:00,0.0,,0.034174329354806465
ht2.vwap_reversion,1d,BTC-USD,2022-11-04 00:00:00+00:00,2022-11-05 00:00:00+00:00,-1.0,0.0,0.006405611254872046
ht2.vwap_reversion,1w,BTC-USD,2022-11-04 00:00:00+00:00,2022-11-09 00:00:00+00:00,-1.0,1.0,-0.24903734808654576
ht2.vwap_reversion,5w,BTC-USD,2022-11-04 00:00:00+00:00,2022-11-29 00:00:00+00:00,-1.0,1.0,-0.22235762994230734
ht2.vwap_reversion,1d,BTC-USD,2022-12-12 00:00:00+00:00,2022-12-13 00:00:00+00:00,0.0,,0.033410801008343594
ht2.vwap_reversion,1w,BTC-USD,2022-12-12 00:00:00+00:00,2022-12-17 00:00:00+00:00,0.0,,-0.023906500292405042
ht2.vwap_reversion,5w,BTC-USD,2022-12-12 00:00:00+00:00,2023-01-06 00:00:00+00:00,0.0,,-0.01478915958053495
ht2.vwap_reversion,1d,BTC-USD,2023-01-19 00:00:00+00:00,2023-01-20 00:00:00+00:00,0.0,,0.07539125404137925
ht2.vwap_reversion,1w,BTC-USD,2023-01-19 00:00:00+00:00,2023-01-24 00:00:00+00:00,0.0,,0.07349034931706178
ht2.vwap_reversion,5w,BTC-USD,2023-01-19 00:00:00+00:00,2023-02-13 00:00:00+00:00,0.0,,0.03420665223104136
ht2.vwap_reversion,1d,BTC-USD,2023-02-24 00:00:00+00:00,2023-02-25 00:00:00+00:00,1.0,0.0,-0.0009807668166905703
ht2.vwap_reversion,1w,BTC-USD,2023-02-24 00:00:00+00:00,2023-03-01 00:00:00+00:00,1.0,1.0,0.019330173898569614
ht2.vwap_reversion,5w,BTC-USD,2023-02-24 00:00:00+00:00,2023-03-21 00:00:00+00:00,1.0,1.0,0.21457290337203117
ht2.vwap_reversion,1d,BTC-USD,2023-03-31 00:00:00+00:00,2023-04-01 00:00:00+00:00,0.0,,-0.0023684272611504964
ht2.vwap_reversion,1w,BTC-USD,2023-03-31 00:00:00+00:00,2023-04-05 00:00:00+00:00,0.0,,-0.010551825583239083
ht2.vwap_reversion,5w,BTC-USD,2023-03-31 00:00:00+00:00,2023-04-25 00:00:00+00:00,0.0,,-0.006000555243733885
ht2.vwap_reversion,1d,BTC-USD,2023-05-08 00:00:00+00:00,2023-05-09 00:00:00+00:00,1.0,0.0,-0.0012817829272578907
ht2.vwap_reversion,1w,BTC-USD,2023-05-08 00:00:00+00:00,2023-05-13 00:00:00+00:00,1.0,0.0,-0.03286583107349306
ht2.vwap_reversion,5w,BTC-USD,2023-05-08 00:00:00+00:00,2023-06-02 00:00:00+00:00,1.0,0.0,-0.016056878861745782
ht2.vwap_reversion,1d,BTC-USD,2023-06-13 00:00:00+00:00,2023-06-14 00:00:00+00:00,0.0,,-0.030636253390914137
ht2.vwap_reversion,1w,BTC-USD,2023-06-13 00:00:00+00:00,2023-06-18 00:00:00+00:00,0.0,,0.016107440407361118
ht2.vwap_reversion,5w,BTC-USD,2023-06-13 00:00:00+00:00,2023-07-08 00:00:00+00:00,0.0,,0.16875104414799003
ht2.vwap_reversion,1d,BTC-USD,2023-07-20 00:00:00+00:00,2023-07-21 00:00:00+00:00,0.0,,0.0039181140710413676
ht2.vwap_reversion,1w,BTC-USD,2023-07-20 00:00:00+00:00,2023-07-25 00:00:00+00:00,0.0,,-0.018952225559595748
ht2.vwap_reversion,5w,BTC-USD,2023-07-20 00:00:00+00:00,2023-08-14 00:00:00+00:00,0.0,,-0.012875002163436178
ht2.vwap_reversion,1d,BTC-USD,2023-08-24 00:00:00+00:00,2023-08-25 00:00:00+00:00,0.0,,-0.004384352975912553
ht2.vwap_reversion,1w,BTC-USD,2023-08-24 00:00:00+00:00,2023-08-29 00:00:00+00:00,0.0,,0.05981947923630493
ht2.vwap_reversion,5w,BTC-USD,2023-08-24 00:00:00+00:00,2023-09-18 00:00:00+00:00,0.0,,0.022624408040680333
ht2.vwap_reversion,1d,BTC-USD,2023-09-29 00:00:00+00:00,2023-09-30 00:00:00+00:00,0.0,,0.0020881352448591795
ht2.vwap_reversion,1w,BTC-USD,2023-09-29 00:00:00+00:00,2023-10-04 00:00:00+00:00,0.0,,0.03298465519605087
ht2.vwap_reversion,5w,BTC-USD,2023-09-29 00:00:00+00:00,2023-10-24 00:00:00+00:00,0.0,,0.25973094465911806
ht2.vwap_reversion,1d,BTC-USD,2023-11-03 00:00:00+00:00,2023-11-04 00:00:00+00:00,0.0,,0.010073356782761111
ht2.vwap_reversion,1w,BTC-USD,2023-11-03 00:00:00+00:00,2023-11-08 00:00:00+00:00,0.0,,0.026573318825054315
ht2.vwap_reversion,5w,BTC-USD,2023-11-03 00:00:00+00:00,2023-11-28 00:00:00+00:00,0.0,,0.08921838052741538
ht2.vwap_reversion,1d,BTC-USD,2023-12-11 00:00:00+00:00,2023-12-12 00:00:00+00:00,0.0,,0.005004157345118276
ht2.vwap_reversion,1w,BTC-USD,2023-12-11 00:00:00+00:00,2023-12-16 00:00:00+00:00,0.0,,0.024155979383659654
ht2.vwap_reversion,5w,BTC-USD,2023-12-11 00:00:00+00:00,2024-01-05 00:00:00+00:00,0.0,,0.07077080938522906
ht2.vwap_reversion,1d,BTC-USD,2024-01-18 00:00:00+00:00,2024-01-19 00:00:00+00:00,0.0,,0.00863620644230223
ht2.vwap_reversion,1w,BTC-USD,2024-01-18 00:00:00+00:00,2024-01-23 00:00:00+00:00,0.0,,-0.03432954779223152
ht2.vwap_reversion,5w,BTC-USD,2024-01-18 00:00:00+00:00,2024-02-12 00:00:00+00:00,0.0,,0.21075448872095826
ht2.vwap_reversion,1d,BTC-USD,2024-02-23 00:00:00+00:00,2024-02-24 00:00:00+00:00,1.0,1.0,0.016540904827679226
ht2.vwap_reversion,1w,BTC-USD,2024-02-23 00:00:00+00:00,2024-02-28 00:00:00+00:00,1.0,1.0,0.23205967886207057
ht2.vwap_reversion,5w,BTC-USD,2024-02-23 00:00:00+00:00,2024-03-19 00:00:00+00:00,1.0,1.0,0.22039019574311336
ht2.vwap_reversion,1d,BTC-USD,2024-04-01 00:00:00+00:00,2024-04-02 00:00:00+00:00,0.0,,-0.061047985989492126
ht2.vwap_reversion,1w,BTC-USD,2024-04-01 00:00:00+00:00,2024-04-06 00:00:00+00:00,0.0,,-0.011564049036777546
ht2.vwap_reversion,5w,BTC-USD,2024-04-01 00:00:00+00:00,2024-04-26 00:00:00+00:00,0.0,,-0.0853177162872154
ht2.vwap_reversion,1d,BTC-USD,2024-05-06 00:00:00+00:00,2024-05-07 00:00:00+00:00,0.0,,-0.01309542885757653
ht2.vwap_reversion,1w,BTC-USD,2024-05-06 00:00:00+00:00,2024-05-11 00:00:00+00:00,0.0,,-0.03749469911145453
ht2.vwap_reversion,5w,BTC-USD,2024-05-06 00:00:00+00:00,2024-05-31 00:00:00+00:00,0.0,,0.06854545968421077
ht2.vwap_reversion,1d,BTC-USD,2024-06-11 00:00:00+00:00,2024-06-12 00:00:00+00:00,0.0,,0.013502581655740586
ht2.vwap_reversion,1w,BTC-USD,2024-06-11 00:00:00+00:00,2024-06-16 00:00:00+00:00,0.0,,-0.010292046179729675
ht2.vwap_reversion,5w,BTC-USD,2024-06-11 00:00:00+00:00,2024-07-06 00:00:00+00:00,0.0,,-0.13408911063410112
ht2.vwap_reversion,1d,BTC-USD,2024-07-18 00:00:00+00:00,2024-07-19 00:00:00+00:00,0.0,,0.042768734230136385
ht2.vwap_reversion,1w,BTC-USD,2024-07-18 00:00:00+00:00,2024-07-23 00:00:00+00:00,0.0,,0.03053745960658749
ht2.vwap_reversion,5w,BTC-USD,2024-07-18 00:00:00+00:00,2024-08-12 00:00:00+00:00,0.0,,-0.07220974123975166
ht2.vwap_reversion,1d,BTC-USD,2024-08-22 00:00:00+00:00,2024-08-23 00:00:00+00:00,0.0,,0.061482671821355916
ht2.vwap_reversion,1w,BTC-USD,2024-08-22 00:00:00+00:00,2024-08-27 00:00:00+00:00,0.0,,-0.014537155100638688
ht2.vwap_reversion,5w,BTC-USD,2024-08-22 00:00:00+00:00,2024-09-16 00:00:00+00:00,0.0,,-0.03625930519085219
ht2.vwap_reversion,1d,BTC-USD,2024-09-27 00:00:00+00:00,2024-09-28 00:00:00+00:00,-1.0,0.0,0.0014741358273548943
ht2.vwap_reversion,1w,BTC-USD,2024-09-27 00:00:00+00:00,2024-10-02 00:00:00+00:00,-1.0,1.0,-0.07839834085502018
ht2.vwap_reversion,5w,BTC-USD,2024-09-27 00:00:00+00:00,2024-10-22 00:00:00+00:00,-1.0,0.0,0.023874849264446052
ht2.vwap_reversion,1d,BTC-USD,2024-11-01 00:00:00+00:00,2024-11-02 00:00:00+00:00,0.0,,-0.0027804900426771084
ht2.vwap_reversion,1w,BTC-USD,2024-11-01 00:00:00+00:00,2024-11-06 00:00:00+00:00,0.0,,0.08860665842417981
ht2.vwap_reversion,5w,BTC-USD,2024-11-01 00:00:00+00:00,2024-11-26 00:00:00+00:00,0.0,,0.3238637309141379
ht2.vwap_reversion,1d,BTC-USD,2024-12-09 00:00:00+00:00,2024-12-10 00:00:00+00:00,0.0,,-0.007772430783165474
ht2.vwap_reversion,1w,BTC-USD,2024-12-09 00:00:00+00:00,2024-12-14 00:00:00+00:00,0.0,,0.04044072720694758
ht2.vwap_reversion,5w,BTC-USD,2024-12-09 00:00:00+00:00,2025-01-03 00:00:00+00:00,0.0,,0.006924890798041039
ht2.vwap_reversion,1d,BTC-USD,2025-01-16 00:00:00+00:00,2025-01-17 00:00:00+00:00,0.0,,0.04716598568833419
ht2.vwap_reversion,1w,BTC-USD,2025-01-16 00:00:00+00:00,2025-01-21 00:00:00+00:00,0.0,,0.06404929357961109
ht2.vwap_reversion,5w,BTC-USD,2025-01-16 00:00:00+00:00,2025-02-10 00:00:00+00:00,0.0,,-0.023250035006974756
ht2.vwap_reversion,1d,BTC-USD,2025-02-24 00:00:00+00:00,2025-02-25 00:00:00+00:00,1.0,0.0,-0.029337712021491935
ht2.vwap_reversion,1w,BTC-USD,2025-02-24 00:00:00+00:00,2025-03-01 00:00:00+00:00,1.0,0.0,-0.05891889656101268
ht2.vwap_reversion,5w,BTC-USD,2025-02-24 00:00:00+00:00,2025-03-21 00:00:00+00:00,1.0,0.0,-0.08067246955653473
ht2.vwap_reversion,1d,BTC-USD,2025-03-31 00:00:00+00:00,2025-04-01 00:00:00+00:00,0.0,,0.0317418810684309
ht2.vwap_reversion,1w,BTC-USD,2025-03-31 00:00:00+00:00,2025-04-05 00:00:00+00:00,0.0,,0.011579592819068063
ht2.vwap_reversion,5w,BTC-USD,2025-03-31 00:00:00+00:00,2025-04-25 00:00:00+00:00,0.0,,0.14744695403605879
ht2.vwap_reversion,1d,BTC-USD,2025-05-06 00:00:00+00:00,2025-05-07 00:00:00+00:00,0.0,,0.0023743581586117557
ht2.vwap_reversion,1w,BTC-USD,2025-05-06 00:00:00+00:00,2025-05-11 00:00:00+00:00,0.0,,0.07545140446674714
ht2.vwap_reversion,5w,BTC-USD,2025-05-06 00:00:00+00:00,2025-05-31 00:00:00+00:00,0.0,,0.08094438764116707
ht2.vwap_reversion,1d,BTC-USD,2025-06-11 00:00:00+00:00,2025-06-12 00:00:00+00:00,0.0,,-0.025371753999169577
ht2.vwap_reversion,1w,BTC-USD,2025-06-11 00:00:00+00:00,2025-06-16 00:00:00+00:00,0.0,,-0.017388222216855098
ht2.vwap_reversion,5w,BTC-USD,2025-06-11 00:00:00+00:00,2025-07-06 00:00:00+00:00,0.0,,0.005018513662559565
ht2.vwap_reversion,1d,BTC-USD,2025-07-18 00:00:00+00:00,2025-07-19 00:00:00+00:00,0.0,,-0.0005360022928398989
ht2.vwap_reversion,1w,BTC-USD,2025-07-18 00:00:00+00:00,2025-07-23 00:00:00+00:00,0.0,,0.006370456104451083
ht2.vwap_reversion,5w,BTC-USD,2025-07-18 00:00:00+00:00,2025-08-12 00:00:00+00:00,0.0,,0.018386613236807126
ht2.vwap_reversion,1d,BTC-USD,2025-08-22 00:00:00+00:00,2025-08-23 00:00:00+00:00,0.0,,-0.012832252765613172
ht2.vwap_reversion,1w,BTC-USD,2025-08-22 00:00:00+00:00,2025-08-27 00:00:00+00:00,0.0,,-0.0483599370396145
ht2.vwap_reversion,5w,BTC-USD,2025-08-22 00:00:00+00:00,2025-09-16 00:00:00+00:00,0.0,,-0.0002643737253827938
ht2.vwap_reversion,1d,BTC-USD,2025-09-29 00:00:00+00:00,2025-09-30 00:00:00+00:00,0.0,,-0.003009577997342028
ht2.vwap_reversion,1w,BTC-USD,2025-09-29 00:00:00+00:00,2025-10-04 00:00:00+00:00,0.0,,0.07014877640884198
ht2.vwap_reversion,5w,BTC-USD,2025-09-29 00:00:00+00:00,2025-10-24 00:00:00+00:00,0.0,,-0.029427007626517843
ht2.vwap_reversion,1d,BTC-USD,2025-11-03 00:00:00+00:00,2025-11-04 00:00:00+00:00,0.0,,-0.046523840630681046
ht2.vwap_reversion,1w,BTC-USD,2025-11-03 00:00:00+00:00,2025-11-08 00:00:00+00:00,0.0,,-0.04003289905186824
ht2.vwap_reversion,5w,BTC-USD,2025-11-03 00:00:00+00:00,2025-11-28 00:00:00+00:00,0.0,,-0.1466787524317017
ht2.vwap_reversion,1d,BTC-USD,2025-12-09 00:00:00+00:00,2025-12-10 00:00:00+00:00,0.0,,-0.007236522211271801
ht2.vwap_reversion,1w,BTC-USD,2025-12-09 00:00:00+00:00,2025-12-14 00:00:00+00:00,0.0,,-0.04872637697933313
ht2.vwap_reversion,5w,BTC-USD,2025-12-09 00:00:00+00:00,2026-01-03 00:00:00+00:00,0.0,,-0.022531933183413178
ht2.vwap_reversion,1d,BTC-USD,2026-01-15 00:00:00+00:00,2026-01-16 00:00:00+00:00,0.0,,-0.00027284132392391136
ht2.vwap_reversion,1w,BTC-USD,2026-01-15 00:00:00+00:00,2026-01-20 00:00:00+00:00,0.0,,-0.07577384896446215
ht2.vwap_reversion,5w,BTC-USD,2026-01-15 00:00:00+00:00,2026-02-09 00:00:00+00:00,0.0,,-0.26614432447529757
ht2.vwap_reversion,1d,BTC-USD,2026-02-23 00:00:00+00:00,2026-02-24 00:00:00+00:00,1.0,0.0,-0.008305824880296298
ht2.vwap_reversion,1w,BTC-USD,2026-02-23 00:00:00+00:00,2026-02-28 00:00:00+00:00,1.0,1.0,0.03681895987065564
ht2.vwap_reversion,5w,BTC-USD,2026-02-23 00:00:00+00:00,2026-03-20 00:00:00+00:00,1.0,1.0,0.0913981084985176
ht2.vwap_reversion,1d,BTC-USD,2026-03-30 00:00:00+00:00,2026-03-31 00:00:00+00:00,0.0,,0.02311941479563351
ht2.vwap_reversion,1w,BTC-USD,2026-03-30 00:00:00+00:00,2026-04-04 00:00:00+00:00,0.0,,0.008982715994426238
ht2.vwap_reversion,5w,BTC-USD,2026-03-30 00:00:00+00:00,2026-04-24 00:00:00+00:00,0.0,,0.16139801944706877
ht2.vwap_reversion,1d,BTC-USD,2026-05-05 00:00:00+00:00,2026-05-06 00:00:00+00:00,0.0,,0.006184292316489204
ht2.vwap_reversion,1w,BTC-USD,2026-05-05 00:00:00+00:00,2026-05-10 00:00:00+00:00,0.0,,0.014974905545242612
ht2.vwap_reversion,5w,BTC-USD,2026-05-05 00:00:00+00:00,2026-05-30 00:00:00+00:00,0.0,,-0.08862572322316109
ht2.vwap_reversion,1d,BTC-USD,2026-06-10 00:00:00+00:00,2026-06-11 00:00:00+00:00,0.0,,0.0343659895373587
ht2.vwap_reversion,1w,BTC-USD,2026-06-10 00:00:00+00:00,2026-06-15 00:00:00+00:00,0.0,,0.07876756609139979
ht2.vwap_reversion,5w,BTC-USD,2026-06-10 00:00:00+00:00,2026-07-05 00:00:00+00:00,0.0,,0.03415163595896975
ht2.vwap_reversion,1d,BTC-USD,2026-07-17 00:00:00+00:00,2026-07-18 00:00:00+00:00,0.0,,0.014039877830542169
ht2.vwap_reversion,1w,BTC-USD,2026-07-17 00:00:00+00:00,2026-07-22 00:00:00+00:00,0.0,,0.034449992303583254
ht2.vwap_reversion,5w,BTC-USD,2026-07-17 00:00:00+00:00,2026-08-11 00:00:00+00:00,0.0,,-0.005439575426778198
ht2.vwap_reversion,1d,EOSE,2022-11-04 00:00:00+00:00,2022-11-07 00:00:00+00:00,0.0,,0.0653594939292863
ht2.vwap_reversion,1w,EOSE,2022-11-04 00:00:00+00:00,2022-11-11 00:00:00+00:00,0.0,,-0.21568622867770404
ht2.vwap_reversion,5w,EOSE,2022-11-04 00:00:00+00:00,2022-12-12 00:00:00+00:00,0.0,,-0.36601304134069146
ht2.vwap_reversion,1d,EOSE,2022-12-12 00:00:00+00:00,2022-12-13 00:00:00+00:00,1.0,1.0,0.020618536429497514
ht2.vwap_reversion,1w,EOSE,2022-12-12 00:00:00+00:00,2022-12-19 00:00:00+00:00,1.0,1.0,0.11340207325840757
ht2.vwap_reversion,5w,EOSE,2022-12-12 00:00:00+00:00,2023-01-19 00:00:00+00:00,1.0,1.0,0.40206182906371546
ht2.vwap_reversion,1d,EOSE,2023-01-19 00:00:00+00:00,2023-01-20 00:00:00+00:00,0.0,,0.11764703304297397
ht2.vwap_reversion,1w,EOSE,2023-01-19 00:00:00+00:00,2023-01-26 00:00:00+00:00,0.0,,-0.06617649443524909
ht2.vwap_reversion,5w,EOSE,2023-01-19 00:00:00+00:00,2023-02-24 00:00:00+00:00,0.0,,0.5147058243466915
ht2.vwap_reversion,1d,EOSE,2023-02-24 00:00:00+00:00,2023-02-27 00:00:00+00:00,0.0,,0.10679613335978311
ht2.vwap_reversion,1w,EOSE,2023-02-24 00:00:00+00:00,2023-03-03 00:00:00+00:00,0.0,,-0.09708734661641205
ht2.vwap_reversion,5w,EOSE,2023-02-24 00:00:00+00:00,2023-03-31 00:00:00+00:00,0.0,,0.24757281778130436
ht2.vwap_reversion,1d,EOSE,2023-03-31 00:00:00+00:00,2023-04-03 00:00:00+00:00,0.0,,0.07392998527463734
ht2.vwap_reversion,1w,EOSE,2023-03-31 00:00:00+00:00,2023-04-10 00:00:00+00:00,0.0,,0.19844358121042616
ht2.vwap_reversion,5w,EOSE,2023-03-31 00:00:00+00:00,2023-05-08 00:00:00+00:00,0.0,,-0.252918285230451
ht2.vwap_reversion,1d,EOSE,2023-05-08 00:00:00+00:00,2023-05-09 00:00:00+00:00,0.0,,-0.06250000388051091
ht2.vwap_reversion,1w,EOSE,2023-05-08 00:00:00+00:00,2023-05-15 00:00:00+00:00,0.0,,0.20312499708961673
ht2.vwap_reversion,5w,EOSE,2023-05-08 00:00:00+00:00,2023-06-13 00:00:00+00:00,0.0,,0.6666667287548396
ht2.vwap_reversion,1d,EOSE,2023-06-13 00:00:00+00:00,2023-06-14 00:00:00+00:00,0.0,,-0.015624984866008274
ht2.vwap_reversion,1w,EOSE,2023-06-13 00:00:00+00:00,2023-06-21 00:00:00+00:00,0.0,,0.09687498067505684
ht2.vwap_reversion,5w,EOSE,2023-06-13 00:00:00+00:00,2023-07-20 00:00:00+00:00,0.0,,-0.012499987892806708
ht2.vwap_reversion,1d,EOSE,2023-07-20 00:00:00+00:00,2023-07-21 00:00:00+00:00,0.0,,-0.003164553858114094
ht2.vwap_reversion,1w,EOSE,2023-07-20 00:00:00+00:00,2023-07-27 00:00:00+00:00,0.0,,-0.16139239766165692
ht2.vwap_reversion,5w,EOSE,2023-07-20 00:00:00+00:00,2023-08-24 00:00:00+00:00,0.0,,-0.022151952455715107
ht2.vwap_reversion,1d,EOSE,2023-08-24 00:00:00+00:00,2023-08-25 00:00:00+00:00,0.0,,0.13592235856318924
ht2.vwap_reversion,1w,EOSE,2023-08-24 00:00:00+00:00,2023-08-31 00:00:00+00:00,0.0,,0.051779964490290764
ht2.vwap_reversion,5w,EOSE,2023-08-24 00:00:00+00:00,2023-09-29 00:00:00+00:00,0.0,,-0.30420706955086785
ht2.vwap_reversion,1d,EOSE,2023-09-29 00:00:00+00:00,2023-10-02 00:00:00+00:00,0.0,,0.03255810704084361
ht2.vwap_reversion,1w,EOSE,2023-09-29 00:00:00+00:00,2023-10-06 00:00:00+00:00,0.0,,-0.037209376081893786
ht2.vwap_reversion,5w,EOSE,2023-09-29 00:00:00+00:00,2023-11-03 00:00:00+00:00,0.0,,-0.08372095756881404
ht2.vwap_reversion,1d,EOSE,2023-11-03 00:00:00+00:00,2023-11-06 00:00:00+00:00,-1.0,1.0,-0.09137059093556776
ht2.vwap_reversion,1w,EOSE,2023-11-03 00:00:00+00:00,2023-11-10 00:00:00+00:00,-1.0,1.0,-0.3502538310657951
ht2.vwap_reversion,5w,EOSE,2023-11-03 00:00:00+00:00,2023-12-11 00:00:00+00:00,-1.0,1.0,-0.3908629288039773
ht2.vwap_reversion,1d,EOSE,2023-12-11 00:00:00+00:00,2023-12-12 00:00:00+00:00,0.0,,-0.06666669978035689
ht2.vwap_reversion,1w,EOSE,2023-12-11 00:00:00+00:00,2023-12-18 00:00:00+00:00,0.0,,-0.06666669978035689
ht2.vwap_reversion,5w,EOSE,2023-12-11 00:00:00+00:00,2024-01-18 00:00:00+00:00,0.0,,-0.2600000198682141
ht2.vwap_reversion,1d,EOSE,2024-01-18 00:00:00+00:00,2024-01-19 00:00:00+00:00,0.0,,0.0382882647047611
ht2.vwap_reversion,1w,EOSE,2024-01-18 00:00:00+00:00,2024-01-25 00:00:00+00:00,0.0,,0.21621624887033097
ht2.vwap_reversion,5w,EOSE,2024-01-18 00:00:00+00:00,2024-02-23 00:00:00+00:00,0.0,,0.05855854223150114
ht2.vwap_reversion,1d,EOSE,2024-02-23 00:00:00+00:00,2024-02-26 00:00:00+00:00,0.0,,0.0393617027347688
ht2.vwap_reversion,1w,EOSE,2024-02-23 00:00:00+00:00,2024-03-01 00:00:00+00:00,0.0,,0.08510636544000949
ht2.vwap_reversion,5w,EOSE,2024-02-23 00:00:00+00:00,2024-04-01 00:00:00+00:00,0.0,,0.0574468299618347
ht2.vwap_reversion,1d,EOSE,2024-04-01 00:00:00+00:00,2024-04-02 00:00:00+00:00,0.0,,-0.008048305905902664
ht2.vwap_reversion,1w,EOSE,2024-04-01 00:00:00+00:00,2024-04-08 00:00:00+00:00,0.0,,0.0010060232471302832
ht2.vwap_reversion,5w,EOSE,2024-04-01 00:00:00+00:00,2024-05-06 00:00:00+00:00,0.0,,-0.26559355521491756
ht2.vwap_reversion,1d,EOSE,2024-05-06 00:00:00+00:00,2024-05-07 00:00:00+00:00,0.0,,-0.09452055331398546
ht2.vwap_reversion,1w,EOSE,2024-05-06 00:00:00+00:00,2024-05-13 00:00:00+00:00,0.0,,-0.01369861671503625
ht2.vwap_reversion,5w,EOSE,2024-05-06 00:00:00+00:00,2024-06-11 00:00:00+00:00,0.0,,0.2191780307409723
ht2.vwap_reversion,1d,EOSE,2024-06-11 00:00:00+00:00,2024-06-12 00:00:00+00:00,-1.0,0.0,0.03370790053551742
ht2.vwap_reversion,1w,EOSE,2024-06-11 00:00:00+00:00,2024-06-18 00:00:00+00:00,-1.0,1.0,-0.11460674127203818
ht2.vwap_reversion,5w,EOSE,2024-06-11 00:00:00+00:00,2024-07-18 00:00:00+00:00,-1.0,0.0,1.0898876901137058
ht2.vwap_reversion,1d,EOSE,2024-07-18 00:00:00+00:00,2024-07-19 00:00:00+00:00,0.0,,0.02150535566956502
ht2.vwap_reversion,1w,EOSE,2024-07-18 00:00:00+00:00,2024-07-25 00:00:00+00:00,0.0,,-0.06451613109971022
ht2.vwap_reversion,5w,EOSE,2024-07-18 00:00:00+00:00,2024-08-22 00:00:00+00:00,0.0,,0.30107529982898584
ht2.vwap_reversion,1d,EOSE,2024-08-22 00:00:00+00:00,2024-08-23 00:00:00+00:00,0.0,,-0.024793462523359122
ht2.vwap_reversion,1w,EOSE,2024-08-22 00:00:00+00:00,2024-08-29 00:00:00+00:00,0.0,,0.1446280552059187
ht2.vwap_reversion,5w,EOSE,2024-08-22 00:00:00+00:00,2024-09-27 00:00:00+00:00,0.0,,0.08264454667762733
ht2.vwap_reversion,1d,EOSE,2024-09-27 00:00:00+00:00,2024-09-30 00:00:00+00:00,0.0,,0.1335878466942988
ht2.vwap_reversion,1w,EOSE,2024-09-27 00:00:00+00:00,2024-10-04 00:00:00+00:00,0.0,,0.19465658441164657
ht2.vwap_reversion,5w,EOSE,2024-09-27 00:00:00+00:00,2024-11-01 00:00:00+00:00,0.0,,0.20229016525138244
ht2.vwap_reversion,1d,EOSE,2024-11-01 00:00:00+00:00,2024-11-04 00:00:00+00:00,0.0,,-0.07301587686036515
ht2.vwap_reversion,1w,EOSE,2024-11-01 00:00:00+00:00,2024-11-08 00:00:00+00:00,0.0,,-0.15238095382263694
ht2.vwap_reversion,5w,EOSE,2024-11-01 00:00:00+00:00,2024-12-09 00:00:00+00:00,0.0,,0.05396820086620857
ht2.vwap_reversion,1d,EOSE,2024-12-09 00:00:00+00:00,2024-12-10 00:00:00+00:00,0.0,,-0.07530120633340298
ht2.vwap_reversion,1w,EOSE,2024-12-09 00:00:00+00:00,2024-12-16 00:00:00+00:00,0.0,,0.2168674828577397
ht2.vwap_reversion,5w,EOSE,2024-12-09 00:00:00+00:00,2025-01-16 00:00:00+00:00,0.0,,0.8554216780948403
ht2.vwap_reversion,1d,EOSE,2025-01-16 00:00:00+00:00,2025-01-17 00:00:00+00:00,0.0,,-0.02272725161582778
ht2.vwap_reversion,1w,EOSE,2025-01-16 00:00:00+00:00,2025-01-24 00:00:00+00:00,0.0,,-0.012987000923330161
ht2.vwap_reversion,5w,EOSE,2025-01-16 00:00:00+00:00,2025-02-24 00:00:00+00:00,0.0,,-0.3084415041549857
ht2.vwap_reversion,1d,EOSE,2025-02-24 00:00:00+00:00,2025-02-25 00:00:00+00:00,0.0,,-0.03990611905168062
ht2.vwap_reversion,1w,EOSE,2025-02-24 00:00:00+00:00,2025-03-03 00:00:00+00:00,0.0,,-0.06455406549548304
ht2.vwap_reversion,5w,EOSE,2025-02-24 00:00:00+00:00,2025-03-31 00:00:00+00:00,0.0,,-0.1126761107282982
ht2.vwap_reversion,1d,EOSE,2025-03-31 00:00:00+00:00,2025-04-01 00:00:00+00:00,0.0,,0.06084662942669361
ht2.vwap_reversion,1w,EOSE,2025-03-31 00:00:00+00:00,2025-04-07 00:00:00+00:00,0.0,,-0.06349206649557282
ht2.vwap_reversion,5w,EOSE,2025-03-31 00:00:00+00:00,2025-05-06 00:00:00+00:00,0.0,,0.33333333333333326
ht2.vwap_reversion,1d,EOSE,2025-05-06 00:00:00+00:00,2025-05-07 00:00:00+00:00,0.0,,0.32341272356709005
ht2.vwap_reversion,1w,EOSE,2025-05-06 00:00:00+00:00,2025-05-13 00:00:00+00:00,0.0,,0.3492063972625006
ht2.vwap_reversion,5w,EOSE,2025-05-06 00:00:00+00:00,2025-06-11 00:00:00+00:00,0.0,,-0.2043650279299799
ht2.vwap_reversion,1d,EOSE,2025-06-11 00:00:00+00:00,2025-06-12 00:00:00+00:00,0.0,,0.03740638652584316
ht2.vwap_reversion,1w,EOSE,2025-06-11 00:00:00+00:00,2025-06-18 00:00:00+00:00,0.0,,0.14214455418701055
ht2.vwap_reversion,5w,EOSE,2025-06-11 00:00:00+00:00,2025-07-18 00:00:00+00:00,0.0,,0.4638402869108802
ht2.vwap_reversion,1d,EOSE,2025-07-18 00:00:00+00:00,2025-07-21 00:00:00+00:00,0.0,,0.022146527593762677
ht2.vwap_reversion,1w,EOSE,2025-07-18 00:00:00+00:00,2025-07-25 00:00:00+00:00,0.0,,0.08517887729948015
ht2.vwap_reversion,5w,EOSE,2025-07-18 00:00:00+00:00,2025-08-22 00:00:00+00:00,0.0,,0.07666103830927673
ht2.vwap_reversion,1d,EOSE,2025-08-22 00:00:00+00:00,2025-08-25 00:00:00+00:00,0.0,,-0.007911422369743293
ht2.vwap_reversion,1w,EOSE,2025-08-22 00:00:00+00:00,2025-08-29 00:00:00+00:00,0.0,,0.0917721373342284
ht2.vwap_reversion,5w,EOSE,2025-08-22 00:00:00+00:00,2025-09-29 00:00:00+00:00,0.0,,0.7674050273573991
ht2.vwap_reversion,1d,EOSE,2025-09-29 00:00:00+00:00,2025-09-30 00:00:00+00:00,0.0,,0.019695637021141632
ht2.vwap_reversion,1w,EOSE,2025-09-29 00:00:00+00:00,2025-10-06 00:00:00+00:00,0.0,,0.24082359552461252
ht2.vwap_reversion,5w,EOSE,2025-09-29 00:00:00+00:00,2025-11-03 00:00:00+00:00,0.0,,0.39838852093737764
ht2.vwap_reversion,1d,EOSE,2025-11-03 00:00:00+00:00,2025-11-04 00:00:00+00:00,0.0,,-0.0973111085291758
ht2.vwap_reversion,1w,EOSE,2025-11-03 00:00:00+00:00,2025-11-10 00:00:00+00:00,0.0,,0.22855318019554227
ht2.vwap_reversion,5w,EOSE,2025-11-03 00:00:00+00:00,2025-12-09 00:00:00+00:00,0.0,,-0.04289373119095663
ht2.vwap_reversion,1d,EOSE,2025-12-09 00:00:00+00:00,2025-12-10 00:00:00+00:00,0.0,,-0.010702331067118154
ht2.vwap_reversion,1w,EOSE,2025-12-09 00:00:00+00:00,2025-12-16 00:00:00+00:00,0.0,,-0.11036786886831262
ht2.vwap_reversion,5w,EOSE,2025-12-09 00:00:00+00:00,2026-01-15 00:00:00+00:00,0.0,,0.12909694823576956
ht2.vwap_reversion,1d,EOSE,2026-01-15 00:00:00+00:00,2026-01-16 00:00:00+00:00,0.0,,0.03376786910615959
ht2.vwap_reversion,1w,EOSE,2026-01-15 00:00:00+00:00,2026-01-23 00:00:00+00:00,0.0,,0.013625678970384136
ht2.vwap_reversion,5w,EOSE,2026-01-15 00:00:00+00:00,2026-02-23 00:00:00+00:00,0.0,,-0.3850710526949154
ht2.vwap_reversion,1d,EOSE,2026-02-23 00:00:00+00:00,2026-02-24 00:00:00+00:00,0.0,,0.10597296875411999
ht2.vwap_reversion,1w,EOSE,2026-02-23 00:00:00+00:00,2026-03-02 00:00:00+00:00,0.0,,-0.4315992263661729
ht2.vwap_reversion,5w,EOSE,2026-02-23 00:00:00+00:00,2026-03-30 00:00:00+00:00,0.0,,-0.5765896018814027
ht2.vwap_reversion,1d,EOSE,2026-03-30 00:00:00+00:00,2026-03-31 00:00:00+00:00,1.0,1.0,0.12855518991409665
ht2.vwap_reversion,1w,EOSE,2026-03-30 00:00:00+00:00,2026-04-07 00:00:00+00:00,1.0,1.0,0.019340168035462346
ht2.vwap_reversion,5w,EOSE,2026-03-30 00:00:00+00:00,2026-05-05 00:00:00+00:00,1.0,1.0,0.41751991947907463
ht2.vwap_reversion,1d,EOSE,2026-05-05 00:00:00+00:00,2026-05-06 00:00:00+00:00,0.0,,0.04975922019750545
ht2.vwap_reversion,1w,EOSE,2026-05-05 00:00:00+00:00,2026-05-12 00:00:00+00:00,0.0,,0.30016057089424275
ht2.vwap_reversion,5w,EOSE,2026-05-05 00:00:00+00:00,2026-06-10 00:00:00+00:00,0.0,,-0.025682158414488176
ht2.vwap_reversion,1d,EOSE,2026-06-10 00:00:00+00:00,2026-06-11 00:00:00+00:00,0.0,,0.021416743645359393
ht2.vwap_reversion,1w,EOSE,2026-06-10 00:00:00+00:00,2026-06-17 00:00:00+00:00,0.0,,0.25205925695261167
ht2.vwap_reversion,5w,EOSE,2026-06-10 00:00:00+00:00,2026-07-17 00:00:00+00:00,0.0,,-0.31960461323833456
ht2.vwap_reversion,1d,EOSE,2026-07-17 00:00:00+00:00,2026-07-20 00:00:00+00:00,0.0,,-0.016949193637214477
ht2.vwap_reversion,1w,EOSE,2026-07-17 00:00:00+00:00,2026-07-24 00:00:00+00:00,0.0,,-0.1598063117535854
ht2.vwap_reversion,5w,EOSE,2026-07-17 00:00:00+00:00,2026-08-21 00:00:00+00:00,0.0,,-0.07748187961120567
ht2.vwap_reversion,1d,ETH-USD,2019-04-11 00:00:00+00:00,2019-04-12 00:00:00+00:00,0.0,,-0.004596435574989677
ht2.vwap_reversion,1w,ETH-USD,2019-04-11 00:00:00+00:00,2019-04-16 00:00:00+00:00,0.0,,0.012848684581145076
ht2.vwap_reversion,5w,ETH-USD,2019-04-11 00:00:00+00:00,2019-05-06 00:00:00+00:00,0.0,,0.04324058988312118
ht2.vwap_reversion,1d,ETH-USD,2019-05-17 00:00:00+00:00,2019-05-18 00:00:00+00:00,0.0,,-0.03761562496635429
ht2.vwap_reversion,1w,ETH-USD,2019-05-17 00:00:00+00:00,2019-05-22 00:00:00+00:00,0.0,,0.0038329036298161423
ht2.vwap_reversion,5w,ETH-USD,2019-05-17 00:00:00+00:00,2019-06-11 00:00:00+00:00,0.0,,0.008275371140399335
ht2.vwap_reversion,1d,ETH-USD,2019-06-24 00:00:00+00:00,2019-06-25 00:00:00+00:00,0.0,,0.024809978297278157
ht2.vwap_reversion,1w,ETH-USD,2019-06-24 00:00:00+00:00,2019-06-29 00:00:00+00:00,0.0,,0.03103560009264661
ht2.vwap_reversion,5w,ETH-USD,2019-06-24 00:00:00+00:00,2019-07-19 00:00:00+00:00,0.0,,-0.2869979992127405
ht2.vwap_reversion,1d,ETH-USD,2019-07-30 00:00:00+00:00,2019-07-31 00:00:00+00:00,0.0,,0.03862552565596822
ht2.vwap_reversion,1w,ETH-USD,2019-07-30 00:00:00+00:00,2019-08-04 00:00:00+00:00,0.0,,0.05769986378734382
ht2.vwap_reversion,5w,ETH-USD,2019-07-30 00:00:00+00:00,2019-08-24 00:00:00+00:00,0.0,,-0.09135851630619829
ht2.vwap_reversion,1d,ETH-USD,2019-09-04 00:00:00+00:00,2019-09-05 00:00:00+00:00,0.0,,-0.010089935121516014
ht2.vwap_reversion,1w,ETH-USD,2019-09-04 00:00:00+00:00,2019-09-09 00:00:00+00:00,0.0,,0.0292998793986754
ht2.vwap_reversion,5w,ETH-USD,2019-09-04 00:00:00+00:00,2019-09-29 00:00:00+00:00,0.0,,-0.03119109197519998
ht2.vwap_reversion,1d,ETH-USD,2019-10-09 00:00:00+00:00,2019-10-10 00:00:00+00:00,-1.0,1.0,-0.00845135888084203
ht2.vwap_reversion,1w,ETH-USD,2019-10-09 00:00:00+00:00,2019-10-14 00:00:00+00:00,-1.0,1.0,-0.032760333848371626
ht2.vwap_reversion,5w,ETH-USD,2019-10-09 00:00:00+00:00,2019-11-03 00:00:00+00:00,-1.0,1.0,-0.05622669114999623
ht2.vwap_reversion,1d,ETH-USD,2019-11-13 00:00:00+00:00,2019-11-14 00:00:00+00:00,0.0,,-0.012000024315665936
ht2.vwap_reversion,1w,ETH-USD,2019-11-13 00:00:00+00:00,2019-11-18 00:00:00+00:00,0.0,,-0.04089659965674419
ht2.vwap_reversion,5w,ETH-USD,2019-11-13 00:00:00+00:00,2019-12-08 00:00:00+00:00,0.0,,-0.19650624406039197
ht2.vwap_reversion,1d,ETH-USD,2019-12-19 00:00:00+00:00,2019-12-20 00:00:00+00:00,0.0,,-0.0019724631542183957
ht2.vwap_reversion,1w,ETH-USD,2019-12-19 00:00:00+00:00,2019-12-24 00:00:00+00:00,0.0,,-0.0019892179408367294
ht2.vwap_reversion,5w,ETH-USD,2019-12-19 00:00:00+00:00,2020-01-13 00:00:00+00:00,0.0,,0.11525924492548256
ht2.vwap_reversion,1d,ETH-USD,2020-01-28 00:00:00+00:00,2020-01-29 00:00:00+00:00,-1.0,1.0,-0.007484121137455557
ht2.vwap_reversion,1w,ETH-USD,2020-01-28 00:00:00+00:00,2020-02-02 00:00:00+00:00,-1.0,0.0,0.06944038662104979
ht2.vwap_reversion,5w,ETH-USD,2020-01-28 00:00:00+00:00,2020-02-22 00:00:00+00:00,-1.0,0.0,0.4873916013221318
ht2.vwap_reversion,1d,ETH-USD,2020-03-04 00:00:00+00:00,2020-03-05 00:00:00+00:00,0.0,,0.02115738673549905
ht2.vwap_reversion,1w,ETH-USD,2020-03-04 00:00:00+00:00,2020-03-09 00:00:00+00:00,0.0,,-0.1003556474407723
ht2.vwap_reversion,5w,ETH-USD,2020-03-04 00:00:00+00:00,2020-03-29 00:00:00+00:00,0.0,,-0.4406517665816455
ht2.vwap_reversion,1d,ETH-USD,2020-04-08 00:00:00+00:00,2020-04-09 00:00:00+00:00,0.0,,-0.010626600139346465
ht2.vwap_reversion,1w,ETH-USD,2020-04-08 00:00:00+00:00,2020-04-13 00:00:00+00:00,0.0,,-0.09477535804630077
ht2.vwap_reversion,5w,ETH-USD,2020-04-08 00:00:00+00:00,2020-05-03 00:00:00+00:00,0.0,,0.22179695709366132
ht2.vwap_reversion,1d,ETH-USD,2020-05-14 00:00:00+00:00,2020-05-15 00:00:00+00:00,0.0,,-0.03609984668213273
ht2.vwap_reversion,1w,ETH-USD,2020-05-14 00:00:00+00:00,2020-05-19 00:00:00+00:00,0.0,,0.05174703574429507
ht2.vwap_reversion,5w,ETH-USD,2020-05-14 00:00:00+00:00,2020-06-08 00:00:00+00:00,0.0,,0.21365362071361038
ht2.vwap_reversion,1d,ETH-USD,2020-06-19 00:00:00+00:00,2020-06-20 00:00:00+00:00,0.0,,0.009403835282570716
ht2.vwap_reversion,1w,ETH-USD,2020-06-19 00:00:00+00:00,2020-06-24 00:00:00+00:00,0.0,,0.03801283577868331
ht2.vwap_reversion,5w,ETH-USD,2020-06-19 00:00:00+00:00,2020-07-14 00:00:00+00:00,0.0,,0.057556109926718335
ht2.vwap_reversion,1d,ETH-USD,2020-07-27 00:00:00+00:00,2020-07-28 00:00:00+00:00,0.0,,-0.015106155699835422
ht2.vwap_reversion,1w,ETH-USD,2020-07-27 00:00:00+00:00,2020-08-01 00:00:00+00:00,0.0,,0.19808029596291532
ht2.vwap_reversion,5w,ETH-USD,2020-07-27 00:00:00+00:00,2020-08-21 00:00:00+00:00,0.0,,0.2102932463527163
ht2.vwap_reversion,1d,ETH-USD,2020-08-31 00:00:00+00:00,2020-09-01 00:00:00+00:00,-1.0,0.0,0.09647005795804109
ht2.vwap_reversion,1w,ETH-USD,2020-08-31 00:00:00+00:00,2020-09-05 00:00:00+00:00,-1.0,1.0,-0.22942845160515135
ht2.vwap_reversion,5w,ETH-USD,2020-08-31 00:00:00+00:00,2020-09-25 00:00:00+00:00,-1.0,1.0,-0.19053170324983504
ht2.vwap_reversion,1d,ETH-USD,2020-10-06 00:00:00+00:00,2020-10-07 00:00:00+00:00,1.0,1.0,0.0029130036979352347
ht2.vwap_reversion,1w,ETH-USD,2020-10-06 00:00:00+00:00,2020-10-11 00:00:00+00:00,1.0,1.0,0.10071773860940536
ht2.vwap_reversion,5w,ETH-USD,2020-10-06 00:00:00+00:00,2020-10-31 00:00:00+00:00,1.0,1.0,0.13430852516517522
ht2.vwap_reversion,1d,ETH-USD,2020-11-10 00:00:00+00:00,2020-11-11 00:00:00+00:00,0.0,,0.029534169495399443
ht2.vwap_reversion,1w,ETH-USD,2020-11-10 00:00:00+00:00,2020-11-15 00:00:00+00:00,0.0,,-0.004715678249122446
ht2.vwap_reversion,5w,ETH-USD,2020-11-10 00:00:00+00:00,2020-12-05 00:00:00+00:00,0.0,,0.3267122277131167
ht2.vwap_reversion,1d,ETH-USD,2020-12-16 00:00:00+00:00,2020-12-17 00:00:00+00:00,-1.0,0.0,0.010511356250089365
ht2.vwap_reversion,1w,ETH-USD,2020-12-16 00:00:00+00:00,2020-12-21 00:00:00+00:00,-1.0,1.0,-0.04144090832731551
ht2.vwap_reversion,5w,ETH-USD,2020-12-16 00:00:00+00:00,2021-01-10 00:00:00+00:00,-1.0,0.0,0.9840974026889815
ht2.vwap_reversion,1d,ETH-USD,2021-01-25 00:00:00+00:00,2021-01-26 00:00:00+00:00,0.0,,0.0246473466409749
ht2.vwap_reversion,1w,ETH-USD,2021-01-25 00:00:00+00:00,2021-01-30 00:00:00+00:00,0.0,,0.03903662492444426
ht2.vwap_reversion,5w,ETH-USD,2021-01-25 00:00:00+00:00,2021-02-19 00:00:00+00:00,0.0,,0.4800233298794445
ht2.vwap_reversion,1d,ETH-USD,2021-03-02 00:00:00+00:00,2021-03-03 00:00:00+00:00,0.0,,0.055771067902868676
ht2.vwap_reversion,1w,ETH-USD,2021-03-02 00:00:00+00:00,2021-03-07 00:00:00+00:00,0.0,,0.15445778519169684
ht2.vwap_reversion,5w,ETH-USD,2021-03-02 00:00:00+00:00,2021-03-27 00:00:00+00:00,0.0,,0.1499963483803779
ht2.vwap_reversion,1d,ETH-USD,2021-04-07 00:00:00+00:00,2021-04-08 00:00:00+00:00,0.0,,0.059610275923209555
ht2.vwap_reversion,1w,ETH-USD,2021-04-07 00:00:00+00:00,2021-04-12 00:00:00+00:00,0.0,,0.08537260486658105
ht2.vwap_reversion,5w,ETH-USD,2021-04-07 00:00:00+00:00,2021-05-02 00:00:00+00:00,0.0,,0.49768666937304085
ht2.vwap_reversion,1d,ETH-USD,2021-05-12 00:00:00+00:00,2021-05-13 00:00:00+00:00,0.0,,-0.0186748605582725
ht2.vwap_reversion,1w,ETH-USD,2021-05-12 00:00:00+00:00,2021-05-17 00:00:00+00:00,0.0,,-0.13298231824983509
ht2.vwap_reversion,5w,ETH-USD,2021-05-12 00:00:00+00:00,2021-06-06 00:00:00+00:00,0.0,,-0.2828311333143654
ht2.vwap_reversion,1d,ETH-USD,2021-06-17 00:00:00+00:00,2021-06-18 00:00:00+00:00,0.0,,-0.05913519533292433
ht2.vwap_reversion,1w,ETH-USD,2021-06-17 00:00:00+00:00,2021-06-22 00:00:00+00:00,0.0,,-0.20954952386441772
ht2.vwap_reversion,5w,ETH-USD,2021-06-17 00:00:00+00:00,2021-07-12 00:00:00+00:00,0.0,,-0.1413493287167602
ht2.vwap_reversion,1d,ETH-USD,2021-07-23 00:00:00+00:00,2021-07-24 00:00:00+00:00,-1.0,0.0,0.03032890061397775
ht2.vwap_reversion,1w,ETH-USD,2021-07-23 00:00:00+00:00,2021-07-28 00:00:00+00:00,-1.0,0.0,0.08084087424171993
ht2.vwap_reversion,5w,ETH-USD,2021-07-23 00:00:00+00:00,2021-08-17 00:00:00+00:00,-1.0,0.0,0.41890019458617256
ht2.vwap_reversion,1d,ETH-USD,2021-08-27 00:00:00+00:00,2021-08-28 00:00:00+00:00,0.0,,-0.008009999118418598
ht2.vwap_reversion,1w,ETH-USD,2021-08-27 00:00:00+00:00,2021-09-01 00:00:00+00:00,0.0,,0.17251487547271172
ht2.vwap_reversion,5w,ETH-USD,2021-08-27 00:00:00+00:00,2021-09-21 00:00:00+00:00,0.0,,-0.1547635141162378
ht2.vwap_reversion,1d,ETH-USD,2021-10-04 00:00:00+00:00,2021-10-05 00:00:00+00:00,0.0,,0.040954376881792376
ht2.vwap_reversion,1w,ETH-USD,2021-10-04 00:00:00+00:00,2021-10-09 00:00:00+00:00,0.0,,0.057876487602425364
ht2.vwap_reversion,5w,ETH-USD,2021-10-04 00:00:00+00:00,2021-10-29 00:00:00+00:00,0.0,,0.3061036075160104
ht2.vwap_reversion,1d,ETH-USD,2021-11-08 00:00:00+00:00,2021-11-09 00:00:00+00:00,-1.0,1.0,-0.01600522772092372
ht2.vwap_reversion,1w,ETH-USD,2021-11-08 00:00:00+00:00,2021-11-13 00:00:00+00:00,-1.0,1.0,-0.03337989103164796
ht2.vwap_reversion,5w,ETH-USD,2021-11-08 00:00:00+00:00,2021-12-03 00:00:00+00:00,-1.0,1.0,-0.12289497222519585
ht2.vwap_reversion,1d,ETH-USD,2021-12-14 00:00:00+00:00,2021-12-15 00:00:00+00:00,0.0,,0.07287480532970947
ht2.vwap_reversion,1w,ETH-USD,2021-12-14 00:00:00+00:00,2021-12-19 00:00:00+00:00,0.0,,0.04729806892807953
ht2.vwap_reversion,5w,ETH-USD,2021-12-14 00:00:00+00:00,2022-01-08 00:00:00+00:00,0.0,,-0.1744702086990666
ht2.vwap_reversion,1d,ETH-USD,2022-01-20 00:00:00+00:00,2022-01-21 00:00:00+00:00,1.0,0.0,-0.14767435465989753
ht2.vwap_reversion,1w,ETH-USD,2022-01-20 00:00:00+00:00,2022-01-25 00:00:00+00:00,1.0,0.0,-0.18166052583882253
ht2.vwap_reversion,5w,ETH-USD,2022-01-20 00:00:00+00:00,2022-02-14 00:00:00+00:00,1.0,0.0,-0.02253862246094962
ht2.vwap_reversion,1d,ETH-USD,2022-02-25 00:00:00+00:00,2022-02-26 00:00:00+00:00,0.0,,0.005996005841990337
ht2.vwap_reversion,1w,ETH-USD,2022-02-25 00:00:00+00:00,2022-03-02 00:00:00+00:00,0.0,,0.06712981402102414
ht2.vwap_reversion,5w,ETH-USD,2022-02-25 00:00:00+00:00,2022-03-22 00:00:00+00:00,0.0,,0.07545406744782412
ht2.vwap_reversion,1d,ETH-USD,2022-04-01 00:00:00+00:00,2022-04-02 00:00:00+00:00,0.0,,-0.0013024646682661123
ht2.vwap_reversion,1w,ETH-USD,2022-04-01 00:00:00+00:00,2022-04-06 00:00:00+00:00,0.0,,-0.08054968637658622
ht2.vwap_reversion,5w,ETH-USD,2022-04-01 00:00:00+00:00,2022-04-26 00:00:00+00:00,0.0,,-0.18589482358939535
ht2.vwap_reversion,1d,ETH-USD,2022-05-09 00:00:00+00:00,2022-05-10 00:00:00+00:00,1.0,1.0,0.04368007377831029
ht2.vwap_reversion,1w,ETH-USD,2022-05-09 00:00:00+00:00,2022-05-14 00:00:00+00:00,1.0,0.0,-0.08424063932794068
ht2.vwap_reversion,5w,ETH-USD,2022-05-09 00:00:00+00:00,2022-06-03 00:00:00+00:00,1.0,0.0,-0.20947066650009571
ht2.vwap_reversion,1d,ETH-USD,2022-06-14 00:00:00+00:00,2022-06-15 00:00:00+00:00,0.0,,0.017780176430609806
ht2.vwap_reversion,1w,ETH-USD,2022-06-14 00:00:00+00:00,2022-06-19 00:00:00+00:00,0.0,,-0.06933145488861414
ht2.vwap_reversion,5w,ETH-USD,2022-06-14 00:00:00+00:00,2022-07-09 00:00:00+00:00,0.0,,0.0043868884182478585
ht2.vwap_reversion,1d,ETH-USD,2022-07-21 00:00:00+00:00,2022-07-22 00:00:00+00:00,0.0,,-0.02495282862569259
ht2.vwap_reversion,1w,ETH-USD,2022-07-21 00:00:00+00:00,2022-07-26 00:00:00+00:00,0.0,,-0.08558287034212675
ht2.vwap_reversion,5w,ETH-USD,2022-07-21 00:00:00+00:00,2022-08-15 00:00:00+00:00,0.0,,0.20769223980183216
ht2.vwap_reversion,1d,ETH-USD,2022-08-25 00:00:00+00:00,2022-08-26 00:00:00+00:00,0.0,,-0.11121660664574373
ht2.vwap_reversion,1w,ETH-USD,2022-08-25 00:00:00+00:00,2022-08-30 00:00:00+00:00,0.0,,-0.1017521581052423
ht2.vwap_reversion,5w,ETH-USD,2022-08-25 00:00:00+00:00,2022-09-19 00:00:00+00:00,0.0,,-0.1879892290458285
ht2.vwap_reversion,1d,ETH-USD,2022-09-30 00:00:00+00:00,2022-10-01 00:00:00+00:00,0.0,,-0.012300068730000668
ht2.vwap_reversion,1w,ETH-USD,2022-09-30 00:00:00+00:00,2022-10-05 00:00:00+00:00,0.0,,0.018719066558897435
ht2.vwap_reversion,5w,ETH-USD,2022-09-30 00:00:00+00:00,2022-10-25 00:00:00+00:00,0.0,,0.10066936604502641
ht2.vwap_reversion,1d,ETH-USD,2022-11-04 00:00:00+00:00,2022-11-05 00:00:00+00:00,0.0,,-0.010409966011469485
ht2.vwap_reversion,1w,ETH-USD,2022-11-04 00:00:00+00:00,2022-11-09 00:00:00+00:00,0.0,,-0.3312417333594032
ht2.vwap_reversion,5w,ETH-USD,2022-11-04 00:00:00+00:00,2022-11-29 00:00:00+00:00,0.0,,-0.26028439655239577
ht2.vwap_reversion,1d,ETH-USD,2022-12-12 00:00:00+00:00,2022-12-13 00:00:00+00:00,0.0,,0.03603443469196854
ht2.vwap_reversion,1w,ETH-USD,2022-12-12 00:00:00+00:00,2022-12-17 00:00:00+00:00,0.0,,-0.06783947294300086
ht2.vwap_reversion,5w,ETH-USD,2022-12-12 00:00:00+00:00,2023-01-06 00:00:00+00:00,0.0,,-0.004111024673330799
ht2.vwap_reversion,1d,ETH-USD,2023-01-19 00:00:00+00:00,2023-01-20 00:00:00+00:00,0.0,,0.0690458804911851
ht2.vwap_reversion,1w,ETH-USD,2023-01-19 00:00:00+00:00,2023-01-24 00:00:00+00:00,0.0,,0.002607138254751451
ht2.vwap_reversion,5w,ETH-USD,2023-01-19 00:00:00+00:00,2023-02-13 00:00:00+00:00,0.0,,-0.02923605321773104
ht2.vwap_reversion,1d,ETH-USD,2023-02-24 00:00:00+00:00,2023-02-25 00:00:00+00:00,0.0,,-0.00836761779727413
ht2.vwap_reversion,1w,ETH-USD,2023-02-24 00:00:00+00:00,2023-03-01 00:00:00+00:00,0.0,,0.034233689008320134
ht2.vwap_reversion,5w,ETH-USD,2023-02-24 00:00:00+00:00,2023-03-21 00:00:00+00:00,0.0,,0.12334673138838781
ht2.vwap_reversion,1d,ETH-USD,2023-03-31 00:00:00+00:00,2023-04-01 00:00:00+00:00,0.0,,-0.004479363366151845
ht2.vwap_reversion,1w,ETH-USD,2023-03-31 00:00:00+00:00,2023-04-05 00:00:00+00:00,0.0,,0.04779959540412859
ht2.vwap_reversion,5w,ETH-USD,2023-03-31 00:00:00+00:00,2023-04-25 00:00:00+00:00,0.0,,0.02455050765425848
ht2.vwap_reversion,1d,ETH-USD,2023-05-08 00:00:00+00:00,2023-05-09 00:00:00+00:00,0.0,,-0.0002377312267921594
ht2.vwap_reversion,1w,ETH-USD,2023-05-08 00:00:00+00:00,2023-05-13 00:00:00+00:00,0.0,,-0.0286244637513684
ht2.vwap_reversion,5w,ETH-USD,2023-05-08 00:00:00+00:00,2023-06-02 00:00:00+00:00,0.0,,0.03148324612120468
ht2.vwap_reversion,1d,ETH-USD,2023-06-13 00:00:00+00:00,2023-06-14 00:00:00+00:00,0.0,,-0.050900745714856144
ht2.vwap_reversion,1w,ETH-USD,2023-06-13 00:00:00+00:00,2023-06-18 00:00:00+00:00,0.0,,-0.010615114378603296
ht2.vwap_reversion,5w,ETH-USD,2023-06-13 00:00:00+00:00,2023-07-08 00:00:00+00:00,0.0,,0.07274250613988453
ht2.vwap_reversion,1d,ETH-USD,2023-07-20 00:00:00+00:00,2023-07-21 00:00:00+00:00,0.0,,0.0005875092853386832
ht2.vwap_reversion,1w,ETH-USD,2023-07-20 00:00:00+00:00,2023-07-25 00:00:00+00:00,0.0,,-0.017571504773246538
ht2.vwap_reversion,5w,ETH-USD,2023-07-20 00:00:00+00:00,2023-08-14 00:00:00+00:00,0.0,,-0.024740396230825357
ht2.vwap_reversion,1d,ETH-USD,2023-08-24 00:00:00+00:00,2023-08-25 00:00:00+00:00,0.0,,-0.004222744282248891
ht2.vwap_reversion,1w,ETH-USD,2023-08-24 00:00:00+00:00,2023-08-29 00:00:00+00:00,0.0,,0.042038227521067784
ht2.vwap_reversion,5w,ETH-USD,2023-08-24 00:00:00+00:00,2023-09-18 00:00:00+00:00,0.0,,-0.013613426888398839
ht2.vwap_reversion,1d,ETH-USD,2023-09-29 00:00:00+00:00,2023-09-30 00:00:00+00:00,0.0,,0.001929332083119517
ht2.vwap_reversion,1w,ETH-USD,2023-09-29 00:00:00+00:00,2023-10-04 00:00:00+00:00,0.0,,-0.01205419050460066
ht2.vwap_reversion,5w,ETH-USD,2023-09-29 00:00:00+00:00,2023-10-24 00:00:00+00:00,0.0,,0.06984267036773684
ht2.vwap_reversion,1d,ETH-USD,2023-11-03 00:00:00+00:00,2023-11-04 00:00:00+00:00,0.0,,0.013587684453004512
ht2.vwap_reversion,1w,ETH-USD,2023-11-03 00:00:00+00:00,2023-11-08 00:00:00+00:00,0.0,,0.03084208357149576
ht2.vwap_reversion,5w,ETH-USD,2023-11-03 00:00:00+00:00,2023-11-28 00:00:00+00:00,0.0,,0.11814902874321187
ht2.vwap_reversion,1d,ETH-USD,2023-12-11 00:00:00+00:00,2023-12-12 00:00:00+00:00,0.0,,-0.010132601687358522
ht2.vwap_reversion,1w,ETH-USD,2023-12-11 00:00:00+00:00,2023-12-16 00:00:00+00:00,0.0,,0.0010553261540571235
ht2.vwap_reversion,5w,ETH-USD,2023-12-11 00:00:00+00:00,2024-01-05 00:00:00+00:00,0.0,,0.019809753755401616
ht2.vwap_reversion,1d,ETH-USD,2024-01-18 00:00:00+00:00,2024-01-19 00:00:00+00:00,0.0,,0.009112105809166549
ht2.vwap_reversion,1w,ETH-USD,2024-01-18 00:00:00+00:00,2024-01-23 00:00:00+00:00,0.0,,-0.09174342886215003
ht2.vwap_reversion,5w,ETH-USD,2024-01-18 00:00:00+00:00,2024-02-12 00:00:00+00:00,0.0,,0.07746076684114622
ht2.vwap_reversion,1d,ETH-USD,2024-02-23 00:00:00+00:00,2024-02-24 00:00:00+00:00,0.0,,0.02420809632265497
ht2.vwap_reversion,1w,ETH-USD,2024-02-23 00:00:00+00:00,2024-02-28 00:00:00+00:00,0.0,,0.15882954885021539
ht2.vwap_reversion,5w,ETH-USD,2024-02-23 00:00:00+00:00,2024-03-19 00:00:00+00:00,0.0,,0.08076234266045135
ht2.vwap_reversion,1d,ETH-USD,2024-04-01 00:00:00+00:00,2024-04-02 00:00:00+00:00,0.0,,-0.0649910010049034
ht2.vwap_reversion,1w,ETH-USD,2024-04-01 00:00:00+00:00,2024-04-06 00:00:00+00:00,0.0,,-0.043037061065211546
ht2.vwap_reversion,5w,ETH-USD,2024-04-01 00:00:00+00:00,2024-04-26 00:00:00+00:00,0.0,,-0.10695064842288948
ht2.vwap_reversion,1d,ETH-USD,2024-05-06 00:00:00+00:00,2024-05-07 00:00:00+00:00,0.0,,-0.01833385054066039
ht2.vwap_reversion,1w,ETH-USD,2024-05-06 00:00:00+00:00,2024-05-11 00:00:00+00:00,0.0,,-0.049343810973303426
ht2.vwap_reversion,5w,ETH-USD,2024-05-06 00:00:00+00:00,2024-05-31 00:00:00+00:00,0.0,,0.22767208795070082
ht2.vwap_reversion,1d,ETH-USD,2024-06-11 00:00:00+00:00,2024-06-12 00:00:00+00:00,1.0,1.0,0.01751895888957078
ht2.vwap_reversion,1w,ETH-USD,2024-06-11 00:00:00+00:00,2024-06-16 00:00:00+00:00,1.0,1.0,0.0349403545022382
ht2.vwap_reversion,5w,ETH-USD,2024-06-11 00:00:00+00:00,2024-07-06 00:00:00+00:00,1.0,0.0,-0.12261638189309321
ht2.vwap_reversion,1d,ETH-USD,2024-07-18 00:00:00+00:00,2024-07-19 00:00:00+00:00,0.0,,0.023196240831611536
ht2.vwap_reversion,1w,ETH-USD,2024-07-18 00:00:00+00:00,2024-07-23 00:00:00+00:00,0.0,,0.016267687904086836
ht2.vwap_reversion,5w,ETH-USD,2024-07-18 00:00:00+00:00,2024-08-12 00:00:00+00:00,0.0,,-0.2048376241765062
ht2.vwap_reversion,1d,ETH-USD,2024-08-22 00:00:00+00:00,2024-08-23 00:00:00+00:00,0.0,,0.05394518732020126
ht2.vwap_reversion,1w,ETH-USD,2024-08-22 00:00:00+00:00,2024-08-27 00:00:00+00:00,0.0,,-0.06261071116791384
ht2.vwap_reversion,5w,ETH-USD,2024-08-22 00:00:00+00:00,2024-09-16 00:00:00+00:00,0.0,,-0.12492329160526972
ht2.vwap_reversion,1d,ETH-USD,2024-09-27 00:00:00+00:00,2024-09-28 00:00:00+00:00,0.0,,-0.006810923232421495
ht2.vwap_reversion,1w,ETH-USD,2024-09-27 00:00:00+00:00,2024-10-02 00:00:00+00:00,0.0,,-0.12265620663027421
ht2.vwap_reversion,5w,ETH-USD,2024-09-27 00:00:00+00:00,2024-10-22 00:00:00+00:00,0.0,,-0.028080829101693294
ht2.vwap_reversion,1d,ETH-USD,2024-11-01 00:00:00+00:00,2024-11-02 00:00:00+00:00,0.0,,-0.00828735806127956
ht2.vwap_reversion,1w,ETH-USD,2024-11-01 00:00:00+00:00,2024-11-06 00:00:00+00:00,0.0,,0.08451169114647628
ht2.vwap_reversion,5w,ETH-USD,2024-11-01 00:00:00+00:00,2024-11-26 00:00:00+00:00,0.0,,0.324310895767709
ht2.vwap_reversion,1d,ETH-USD,2024-12-09 00:00:00+00:00,2024-12-10 00:00:00+00:00,0.0,,-0.02335679484361486
ht2.vwap_reversion,1w,ETH-USD,2024-12-09 00:00:00+00:00,2024-12-14 00:00:00+00:00,0.0,,0.04026009870431224
ht2.vwap_reversion,5w,ETH-USD,2024-12-09 00:00:00+00:00,2025-01-03 00:00:00+00:00,0.0,,-0.03057008003542072
ht2.vwap_reversion,1d,ETH-USD,2025-01-16 00:00:00+00:00,2025-01-17 00:00:00+00:00,0.0,,0.05010419171097702
ht2.vwap_reversion,1w,ETH-USD,2025-01-16 00:00:00+00:00,2025-01-21 00:00:00+00:00,0.0,,0.005761501269797353
ht2.vwap_reversion,5w,ETH-USD,2025-01-16 00:00:00+00:00,2025-02-10 00:00:00+00:00,0.0,,-0.19561999270606367
ht2.vwap_reversion,1d,ETH-USD,2025-02-24 00:00:00+00:00,2025-02-25 00:00:00+00:00,1.0,0.0,-0.008047015853369976
ht2.vwap_reversion,1w,ETH-USD,2025-02-24 00:00:00+00:00,2025-03-01 00:00:00+00:00,1.0,0.0,-0.11821762342797804
ht2.vwap_reversion,5w,ETH-USD,2025-02-24 00:00:00+00:00,2025-03-21 00:00:00+00:00,1.0,0.0,-0.2183821726991364
ht2.vwap_reversion,1d,ETH-USD,2025-03-31 00:00:00+00:00,2025-04-01 00:00:00+00:00,0.0,,0.044975253629213396
ht2.vwap_reversion,1w,ETH-USD,2025-03-31 00:00:00+00:00,2025-04-05 00:00:00+00:00,0.0,,-0.009600716242953888
ht2.vwap_reversion,5w,ETH-USD,2025-03-31 00:00:00+00:00,2025-04-25 00:00:00+00:00,0.0,,-0.02020612201890115
ht2.vwap_reversion,1d,ETH-USD,2025-05-06 00:00:00+00:00,2025-05-07 00:00:00+00:00,0.0,,-0.0019177229274721652
ht2.vwap_reversion,1w,ETH-USD,2025-05-06 00:00:00+00:00,2025-05-11 00:00:00+00:00,0.0,,0.3829844341964128
ht2.vwap_reversion,5w,ETH-USD,2025-05-06 00:00:00+00:00,2025-05-31 00:00:00+00:00,0.0,,0.39336939311517627
ht2.vwap_reversion,1d,ETH-USD,2025-06-11 00:00:00+00:00,2025-06-12 00:00:00+00:00,0.0,,-0.04389141697422694
ht2.vwap_reversion,1w,ETH-USD,2025-06-11 00:00:00+00:00,2025-06-16 00:00:00+00:00,0.0,,-0.08398119921382885
ht2.vwap_reversion,5w,ETH-USD,2025-06-11 00:00:00+00:00,2025-07-06 00:00:00+00:00,0.0,,-0.07293693448174599
ht2.vwap_reversion,1d,ETH-USD,2025-07-18 00:00:00+00:00,2025-07-19 00:00:00+00:00,0.0,,0.013033843623181607
ht2.vwap_reversion,1w,ETH-USD,2025-07-18 00:00:00+00:00,2025-07-23 00:00:00+00:00,0.0,,0.02273510396497258
ht2.vwap_reversion,5w,ETH-USD,2025-07-18 00:00:00+00:00,2025-08-12 00:00:00+00:00,0.0,,0.2935766821944159
ht2.vwap_reversion,1d,ETH-USD,2025-08-22 00:00:00+00:00,2025-08-23 00:00:00+00:00,0.0,,-0.011437448418844975
ht2.vwap_reversion,1w,ETH-USD,2025-08-22 00:00:00+00:00,2025-08-27 00:00:00+00:00,0.0,,-0.06788074952383127
ht2.vwap_reversion,5w,ETH-USD,2025-08-22 00:00:00+00:00,2025-09-16 00:00:00+00:00,0.0,,-0.06784527563614984
ht2.vwap_reversion,1d,ETH-USD,2025-09-29 00:00:00+00:00,2025-09-30 00:00:00+00:00,0.0,,-0.016926367551390986
ht2.vwap_reversion,1w,ETH-USD,2025-09-29 00:00:00+00:00,2025-10-04 00:00:00+00:00,0.0,,0.06446133176861357
ht2.vwap_reversion,5w,ETH-USD,2025-09-29 00:00:00+00:00,2025-10-24 00:00:00+00:00,0.0,,-0.06705039043125038
ht2.vwap_reversion,1d,ETH-USD,2025-11-03 00:00:00+00:00,2025-11-04 00:00:00+00:00,1.0,0.0,-0.08598199640611282
ht2.vwap_reversion,1w,ETH-USD,2025-11-03 00:00:00+00:00,2025-11-08 00:00:00+00:00,1.0,0.0,-0.05605631805888345
ht2.vwap_reversion,5w,ETH-USD,2025-11-03 00:00:00+00:00,2025-11-28 00:00:00+00:00,1.0,0.0,-0.15823290107918275
ht2.vwap_reversion,1d,ETH-USD,2025-12-09 00:00:00+00:00,2025-12-10 00:00:00+00:00,0.0,,0.0012872624094455443
ht2.vwap_reversion,1w,ETH-USD,2025-12-09 00:00:00+00:00,2025-12-14 00:00:00+00:00,0.0,,-0.07844361439996084
ht2.vwap_reversion,5w,ETH-USD,2025-12-09 00:00:00+00:00,2026-01-03 00:00:00+00:00,0.0,,-0.058774691734431506
ht2.vwap_reversion,1d,ETH-USD,2026-01-15 00:00:00+00:00,2026-01-16 00:00:00+00:00,0.0,,-0.006517479736100618
ht2.vwap_reversion,1w,ETH-USD,2026-01-15 00:00:00+00:00,2026-01-20 00:00:00+00:00,0.0,,-0.11500872866236
ht2.vwap_reversion,5w,ETH-USD,2026-01-15 00:00:00+00:00,2026-02-09 00:00:00+00:00,0.0,,-0.36584161137606097
ht2.vwap_reversion,1d,ETH-USD,2026-02-23 00:00:00+00:00,2026-02-24 00:00:00+00:00,1.0,0.0,-0.001365303886856295
ht2.vwap_reversion,1w,ETH-USD,2026-02-23 00:00:00+00:00,2026-02-28 00:00:00+00:00,1.0,1.0,0.05903937684301708
ht2.vwap_reversion,5w,ETH-USD,2026-02-23 00:00:00+00:00,2026-03-20 00:00:00+00:00,1.0,1.0,0.15682771349131164
ht2.vwap_reversion,1d,ETH-USD,2026-03-30 00:00:00+00:00,2026-03-31 00:00:00+00:00,0.0,,0.040124913175980215
ht2.vwap_reversion,1w,ETH-USD,2026-03-30 00:00:00+00:00,2026-04-04 00:00:00+00:00,0.0,,0.02067524685650901
ht2.vwap_reversion,5w,ETH-USD,2026-03-30 00:00:00+00:00,2026-04-24 00:00:00+00:00,0.0,,0.14438998894467958
ht2.vwap_reversion,1d,ETH-USD,2026-05-05 00:00:00+00:00,2026-05-06 00:00:00+00:00,0.0,,-0.004396362720448854
ht2.vwap_reversion,1w,ETH-USD,2026-05-05 00:00:00+00:00,2026-05-10 00:00:00+00:00,0.0,,0.003329402845750229
ht2.vwap_reversion,5w,ETH-USD,2026-05-05 00:00:00+00:00,2026-05-30 00:00:00+00:00,0.0,,-0.14472593637904074
ht2.vwap_reversion,1d,ETH-USD,2026-06-10 00:00:00+00:00,2026-06-11 00:00:00+00:00,0.0,,0.032184267106926345
ht2.vwap_reversion,1w,ETH-USD,2026-06-10 00:00:00+00:00,2026-06-15 00:00:00+00:00,0.0,,0.1079065605558942
ht2.vwap_reversion,5w,ETH-USD,2026-06-10 00:00:00+00:00,2026-07-05 00:00:00+00:00,0.0,,0.10052743455326962
ht2.vwap_reversion,1d,ETH-USD,2026-07-17 00:00:00+00:00,2026-07-18 00:00:00+00:00,0.0,,0.011083140628755705
ht2.vwap_reversion,1w,ETH-USD,2026-07-17 00:00:00+00:00,2026-07-22 00:00:00+00:00,0.0,,0.050245816445781744
ht2.vwap_reversion,5w,ETH-USD,2026-07-17 00:00:00+00:00,2026-08-11 00:00:00+00:00,0.0,,0.02193679289852546
ht2.vwap_reversion,1d,EVC,2018-09-05 00:00:00+00:00,2018-09-06 00:00:00+00:00,0.0,,-0.019607860404033728
ht2.vwap_reversion,1w,EVC,2018-09-05 00:00:00+00:00,2018-09-12 00:00:00+00:00,0.0,,0.009804370504874926
ht2.vwap_reversion,5w,EVC,2018-09-05 00:00:00+00:00,2018-10-10 00:00:00+00:00,0.0,,-0.10701678375787338
ht2.vwap_reversion,1d,EVC,2018-10-10 00:00:00+00:00,2018-10-11 00:00:00+00:00,1.0,0.0,-0.011086258578178021
ht2.vwap_reversion,1w,EVC,2018-10-10 00:00:00+00:00,2018-10-17 00:00:00+00:00,1.0,1.0,0.057650105993523715
ht2.vwap_reversion,5w,EVC,2018-10-10 00:00:00+00:00,2018-11-14 00:00:00+00:00,1.0,0.0,-0.26607530092858145
ht2.vwap_reversion,1d,EVC,2018-11-14 00:00:00+00:00,2018-11-15 00:00:00+00:00,0.0,,0.0
ht2.vwap_reversion,1w,EVC,2018-11-14 00:00:00+00:00,2018-11-21 00:00:00+00:00,0.0,,0.018127092877459283
ht2.vwap_reversion,5w,EVC,2018-11-14 00:00:00+00:00,2018-12-21 00:00:00+00:00,0.0,,-0.16700504294870644
ht2.vwap_reversion,1d,EVC,2018-12-21 00:00:00+00:00,2018-12-24 00:00:00+00:00,0.0,,-0.022140075326139153
ht2.vwap_reversion,1w,EVC,2018-12-21 00:00:00+00:00,2018-12-31 00:00:00+00:00,0.0,,0.07380094558917061
ht2.vwap_reversion,5w,EVC,2018-12-21 00:00:00+00:00,2019-01-30 00:00:00+00:00,0.0,,0.43911423837165
ht2.vwap_reversion,1d,EVC,2019-01-30 00:00:00+00:00,2019-01-31 00:00:00+00:00,0.0,,0.010256561619604199
ht2.vwap_reversion,1w,EVC,2019-01-30 00:00:00+00:00,2019-02-06 00:00:00+00:00,0.0,,-0.02820507743139855
ht2.vwap_reversion,5w,EVC,2019-01-30 00:00:00+00:00,2019-03-07 00:00:00+00:00,0.0,,-0.030769031027294447
ht2.vwap_reversion,1d,EVC,2019-03-07 00:00:00+00:00,2019-03-08 00:00:00+00:00,1.0,1.0,0.00793633431807117
ht2.vwap_reversion,1w,EVC,2019-03-07 00:00:00+00:00,2019-03-14 00:00:00+00:00,1.0,0.0,-0.01587315048466731
ht2.vwap_reversion,5w,EVC,2019-03-07 00:00:00+00:00,2019-04-11 00:00:00+00:00,1.0,0.0,-0.1606456962976205
ht2.vwap_reversion,1d,EVC,2019-04-11 00:00:00+00:00,2019-04-12 00:00:00+00:00,1.0,1.0,0.009584680676741897
ht2.vwap_reversion,1w,EVC,2019-04-11 00:00:00+00:00,2019-04-18 00:00:00+00:00,1.0,0.0,-0.054313094823124186
ht2.vwap_reversion,5w,EVC,2019-04-11 00:00:00+00:00,2019-05-17 00:00:00+00:00,1.0,0.0,-0.038338722706967365
ht2.vwap_reversion,1d,EVC,2019-05-17 00:00:00+00:00,2019-05-20 00:00:00+00:00,0.0,,0.03654475530253065
ht2.vwap_reversion,1w,EVC,2019-05-17 00:00:00+00:00,2019-05-24 00:00:00+00:00,0.0,,0.02990062336642696
ht2.vwap_reversion,5w,EVC,2019-05-17 00:00:00+00:00,2019-06-24 00:00:00+00:00,0.0,,0.00017037154129062593
ht2.vwap_reversion,1d,EVC,2019-06-24 00:00:00+00:00,2019-06-25 00:00:00+00:00,0.0,,-0.013513760321270385
ht2.vwap_reversion,1w,EVC,2019-06-24 00:00:00+00:00,2019-07-01 00:00:00+00:00,0.0,,0.054053847574361935
ht2.vwap_reversion,5w,EVC,2019-06-24 00:00:00+00:00,2019-07-30 00:00:00+00:00,0.0,,0.08783777089325007
ht2.vwap_reversion,1d,EVC,2019-07-30 00:00:00+00:00,2019-07-31 00:00:00+00:00,0.0,,0.012422148962419666
ht2.vwap_reversion,1w,EVC,2019-07-30 00:00:00+00:00,2019-08-06 00:00:00+00:00,0.0,,-0.01552834459754926
ht2.vwap_reversion,5w,EVC,2019-07-30 00:00:00+00:00,2019-09-04 00:00:00+00:00,0.0,,-0.0714285635905414
ht2.vwap_reversion,1d,EVC,2019-09-04 00:00:00+00:00,2019-09-05 00:00:00+00:00,0.0,,0.0
ht2.vwap_reversion,1w,EVC,2019-09-04 00:00:00+00:00,2019-09-11 00:00:00+00:00,0.0,,0.12040094335441975
ht2.vwap_reversion,5w,EVC,2019-09-04 00:00:00+00:00,2019-10-09 00:00:00+00:00,0.0,,-0.09332754126230192
ht2.vwap_reversion,1d,EVC,2019-10-09 00:00:00+00:00,2019-10-10 00:00:00+00:00,0.0,,-0.018726754315994354
ht2.vwap_reversion,1w,EVC,2019-10-09 00:00:00+00:00,2019-10-16 00:00:00+00:00,0.0,,-0.03370813170130005
ht2.vwap_reversion,5w,EVC,2019-10-09 00:00:00+00:00,2019-11-13 00:00:00+00:00,0.0,,0.07116059763369731
ht2.vwap_reversion,1d,EVC,2019-11-13 00:00:00+00:00,2019-11-14 00:00:00+00:00,0.0,,-0.006992571757590826
ht2.vwap_reversion,1w,EVC,2019-11-13 00:00:00+00:00,2019-11-20 00:00:00+00:00,0.0,,-0.08391584991854828
ht2.vwap_reversion,5w,EVC,2019-11-13 00:00:00+00:00,2019-12-19 00:00:00+00:00,0.0,,-0.0590335254072466
ht2.vwap_reversion,1d,EVC,2019-12-19 00:00:00+00:00,2019-12-20 00:00:00+00:00,0.0,,0.018939107394670085
ht2.vwap_reversion,1w,EVC,2019-12-19 00:00:00+00:00,2019-12-27 00:00:00+00:00,0.0,,0.0
ht2.vwap_reversion,5w,EVC,2019-12-19 00:00:00+00:00,2020-01-28 00:00:00+00:00,0.0,,-0.2462122755054339
ht2.vwap_reversion,1d,EVC,2020-01-28 00:00:00+00:00,2020-01-29 00:00:00+00:00,0.0,,0.010050187032686342
ht2.vwap_reversion,1w,EVC,2020-01-28 00:00:00+00:00,2020-02-04 00:00:00+00:00,0.0,,0.020100631390783885
ht2.vwap_reversion,5w,EVC,2020-01-28 00:00:00+00:00,2020-03-04 00:00:00+00:00,0.0,,-0.010050101257549127
ht2.vwap_reversion,1d,EVC,2020-03-04 00:00:00+00:00,2020-03-05 00:00:00+00:00,0.0,,-0.07106621811797742
ht2.vwap_reversion,1w,EVC,2020-03-04 00:00:00+00:00,2020-03-11 00:00:00+00:00,0.0,,0.020304349054198756
ht2.vwap_reversion,5w,EVC,2020-03-04 00:00:00+00:00,2020-04-08 00:00:00+00:00,0.0,,-0.2034364298685184
ht2.vwap_reversion,1d,EVC,2020-04-08 00:00:00+00:00,2020-04-09 00:00:00+00:00,0.0,,0.13725502993098138
ht2.vwap_reversion,1w,EVC,2020-04-08 00:00:00+00:00,2020-04-16 00:00:00+00:00,0.0,,-0.08496715603301808
ht2.vwap_reversion,5w,EVC,2020-04-08 00:00:00+00:00,2020-05-14 00:00:00+00:00,0.0,,-0.08496715603301808
ht2.vwap_reversion,1d,EVC,2020-05-14 00:00:00+00:00,2020-05-15 00:00:00+00:00,0.0,,-0.007142791761524325
ht2.vwap_reversion,1w,EVC,2020-05-14 00:00:00+00:00,2020-05-21 00:00:00+00:00,0.0,,0.05714292846794744
ht2.vwap_reversion,5w,EVC,2020-05-14 00:00:00+00:00,2020-06-19 00:00:00+00:00,0.0,,0.3127473271813854
ht2.vwap_reversion,1d,EVC,2020-06-19 00:00:00+00:00,2020-06-22 00:00:00+00:00,0.0,,-0.08287292417438763
ht2.vwap_reversion,1w,EVC,2020-06-19 00:00:00+00:00,2020-06-26 00:00:00+00:00,0.0,,-0.24309395317029425
ht2.vwap_reversion,5w,EVC,2020-06-19 00:00:00+00:00,2020-07-27 00:00:00+00:00,0.0,,-0.24309395317029425
ht2.vwap_reversion,1d,EVC,2020-07-27 00:00:00+00:00,2020-07-28 00:00:00+00:00,1.0,0.0,-0.014598607824232168
ht2.vwap_reversion,1w,EVC,2020-07-27 00:00:00+00:00,2020-08-03 00:00:00+00:00,1.0,0.0,-0.021897642551579666
ht2.vwap_reversion,5w,EVC,2020-07-27 00:00:00+00:00,2020-08-31 00:00:00+00:00,1.0,1.0,0.10948905022162281
ht2.vwap_reversion,1d,EVC,2020-08-31 00:00:00+00:00,2020-09-01 00:00:00+00:00,0.0,,0.0
ht2.vwap_reversion,1w,EVC,2020-08-31 00:00:00+00:00,2020-09-08 00:00:00+00:00,0.0,,-0.03947370549302476
ht2.vwap_reversion,5w,EVC,2020-08-31 00:00:00+00:00,2020-10-06 00:00:00+00:00,0.0,,0.06521099409375464
ht2.vwap_reversion,1d,EVC,2020-10-06 00:00:00+00:00,2020-10-07 00:00:00+00:00,0.0,,0.06918231353709547
ht2.vwap_reversion,1w,EVC,2020-10-06 00:00:00+00:00,2020-10-13 00:00:00+00:00,0.0,,0.13207540866810352
ht2.vwap_reversion,5w,EVC,2020-10-06 00:00:00+00:00,2020-11-10 00:00:00+00:00,0.0,,0.47798738127364193
ht2.vwap_reversion,1d,EVC,2020-11-10 00:00:00+00:00,2020-11-11 00:00:00+00:00,0.0,,0.04255333867386746
ht2.vwap_reversion,1w,EVC,2020-11-10 00:00:00+00:00,2020-11-17 00:00:00+00:00,0.0,,0.22553198950596043
ht2.vwap_reversion,5w,EVC,2020-11-10 00:00:00+00:00,2020-12-16 00:00:00+00:00,0.0,,0.29977655235293965
ht2.vwap_reversion,1d,EVC,2020-12-16 00:00:00+00:00,2020-12-17 00:00:00+00:00,0.0,,-0.009900979664344889
ht2.vwap_reversion,1w,EVC,2020-12-16 00:00:00+00:00,2020-12-23 00:00:00+00:00,0.0,,-0.1089110924781388
ht2.vwap_reversion,5w,EVC,2020-12-16 00:00:00+00:00,2021-01-25 00:00:00+00:00,0.0,,0.0363038380128653
ht2.vwap_reversion,1d,EVC,2021-01-25 00:00:00+00:00,2021-01-26 00:00:00+00:00,0.0,,0.03503204048966824
ht2.vwap_reversion,1w,EVC,2021-01-25 00:00:00+00:00,2021-02-01 00:00:00+00:00,0.0,,0.054139991683130884
ht2.vwap_reversion,5w,EVC,2021-01-25 00:00:00+00:00,2021-03-02 00:00:00+00:00,0.0,,0.041401289755433446
ht2.vwap_reversion,1d,EVC,2021-03-02 00:00:00+00:00,2021-03-03 00:00:00+00:00,0.0,,0.09480107033828755
ht2.vwap_reversion,1w,EVC,2021-03-02 00:00:00+00:00,2021-03-09 00:00:00+00:00,0.0,,0.07645237212390055
ht2.vwap_reversion,5w,EVC,2021-03-02 00:00:00+00:00,2021-04-07 00:00:00+00:00,0.0,,0.1723564561259836
ht2.vwap_reversion,1d,EVC,2021-04-07 00:00:00+00:00,2021-04-08 00:00:00+00:00,0.0,,0.03149608594828912
ht2.vwap_reversion,1w,EVC,2021-04-07 00:00:00+00:00,2021-04-14 00:00:00+00:00,0.0,,0.020997362866166824
ht2.vwap_reversion,5w,EVC,2021-04-07 00:00:00+00:00,2021-05-12 00:00:00+00:00,0.0,,0.0
ht2.vwap_reversion,1d,EVC,2021-05-12 00:00:00+00:00,2021-05-13 00:00:00+00:00,0.0,,0.020997362866166824
ht2.vwap_reversion,1w,EVC,2021-05-12 00:00:00+00:00,2021-05-19 00:00:00+00:00,0.0,,0.10761145345232626
ht2.vwap_reversion,5w,EVC,2021-05-12 00:00:00+00:00,2021-06-17 00:00:00+00:00,0.0,,0.4158612367315533
ht2.vwap_reversion,1d,EVC,2021-06-17 00:00:00+00:00,2021-06-18 00:00:00+00:00,0.0,,-0.01862200416695936
ht2.vwap_reversion,1w,EVC,2021-06-17 00:00:00+00:00,2021-06-24 00:00:00+00:00,0.0,,0.11731813206227781
ht2.vwap_reversion,5w,EVC,2021-06-17 00:00:00+00:00,2021-07-23 00:00:00+00:00,0.0,,0.16573529583069924
ht2.vwap_reversion,1d,EVC,2021-07-23 00:00:00+00:00,2021-07-26 00:00:00+00:00,0.0,,0.03354665061387019
ht2.vwap_reversion,1w,EVC,2021-07-23 00:00:00+00:00,2021-07-30 00:00:00+00:00,0.0,,-0.017571473502186463
ht2.vwap_reversion,5w,EVC,2021-07-23 00:00:00+00:00,2021-08-27 00:00:00+00:00,0.0,,0.11022388725575105
ht2.vwap_reversion,1d,EVC,2021-08-27 00:00:00+00:00,2021-08-30 00:00:00+00:00,0.0,,0.007194256377433872
ht2.vwap_reversion,1w,EVC,2021-08-27 00:00:00+00:00,2021-09-03 00:00:00+00:00,0.0,,0.06043149900948519
ht2.vwap_reversion,5w,EVC,2021-08-27 00:00:00+00:00,2021-10-04 00:00:00+00:00,0.0,,0.06136610138981191
ht2.vwap_reversion,1d,EVC,2021-10-04 00:00:00+00:00,2021-10-05 00:00:00+00:00,0.0,,0.034013812886339645
ht2.vwap_reversion,1w,EVC,2021-10-04 00:00:00+00:00,2021-10-11 00:00:00+00:00,0.0,,0.020408390521551745
ht2.vwap_reversion,5w,EVC,2021-10-04 00:00:00+00:00,2021-11-08 00:00:00+00:00,0.0,,0.2530609930380503
ht2.vwap_reversion,1d,EVC,2021-11-08 00:00:00+00:00,2021-11-09 00:00:00+00:00,0.0,,-0.06297479668294292
ht2.vwap_reversion,1w,EVC,2021-11-08 00:00:00+00:00,2021-11-15 00:00:00+00:00,0.0,,-0.07491815706597271
ht2.vwap_reversion,5w,EVC,2021-11-08 00:00:00+00:00,2021-12-14 00:00:00+00:00,0.0,,-0.28881624595057775
ht2.vwap_reversion,1d,EVC,2021-12-14 00:00:00+00:00,2021-12-15 00:00:00+00:00,1.0,1.0,0.0022990021573212616
ht2.vwap_reversion,1w,EVC,2021-12-14 00:00:00+00:00,2021-12-21 00:00:00+00:00,1.0,1.0,0.029884913401496682
ht2.vwap_reversion,5w,EVC,2021-12-14 00:00:00+00:00,2022-01-20 00:00:00+00:00,1.0,0.0,-0.1340995520415731
ht2.vwap_reversion,1d,EVC,2022-01-20 00:00:00+00:00,2022-01-21 00:00:00+00:00,1.0,0.0,-0.0017698800690901795
ht2.vwap_reversion,1w,EVC,2022-01-20 00:00:00+00:00,2022-01-27 00:00:00+00:00,1.0,0.0,-0.010619280414540855
ht2.vwap_reversion,5w,EVC,2022-01-20 00:00:00+00:00,2022-02-25 00:00:00+00:00,1.0,1.0,0.13274322530226934
ht2.vwap_reversion,1d,EVC,2022-02-25 00:00:00+00:00,2022-02-28 00:00:00+00:00,0.0,,0.0
ht2.vwap_reversion,1w,EVC,2022-02-25 00:00:00+00:00,2022-03-04 00:00:00+00:00,0.0,,-0.007812460188508008
ht2.vwap_reversion,5w,EVC,2022-02-25 00:00:00+00:00,2022-04-01 00:00:00+00:00,0.0,,0.019825388021175394
ht2.vwap_reversion,1d,EVC,2022-04-01 00:00:00+00:00,2022-04-04 00:00:00+00:00,0.0,,0.001538440102453853
ht2.vwap_reversion,1w,EVC,2022-04-01 00:00:00+00:00,2022-04-08 00:00:00+00:00,0.0,,-0.1123079532356489
ht2.vwap_reversion,5w,EVC,2022-04-01 00:00:00+00:00,2022-05-09 00:00:00+00:00,0.0,,-0.3123077130045274
ht2.vwap_reversion,1d,EVC,2022-05-09 00:00:00+00:00,2022-05-10 00:00:00+00:00,0.0,,0.01789719222317343
ht2.vwap_reversion,1w,EVC,2022-05-09 00:00:00+00:00,2022-05-16 00:00:00+00:00,0.0,,0.042505700531518587
ht2.vwap_reversion,5w,EVC,2022-05-09 00:00:00+00:00,2022-06-14 00:00:00+00:00,0.0,,0.0671139293763583
ht2.vwap_reversion,1d,EVC,2022-06-14 00:00:00+00:00,2022-06-15 00:00:00+00:00,0.0,,0.028451166216548085
ht2.vwap_reversion,1w,EVC,2022-06-14 00:00:00+00:00,2022-06-22 00:00:00+00:00,0.0,,-0.011590997626646948
ht2.vwap_reversion,5w,EVC,2022-06-14 00:00:00+00:00,2022-07-21 00:00:00+00:00,0.0,,0.07060080202962604
ht2.vwap_reversion,1d,EVC,2022-07-21 00:00:00+00:00,2022-07-22 00:00:00+00:00,0.0,,-0.0039370504893899705
ht2.vwap_reversion,1w,EVC,2022-07-21 00:00:00+00:00,2022-07-28 00:00:00+00:00,0.0,,0.02952766463049472
ht2.vwap_reversion,5w,EVC,2022-07-21 00:00:00+00:00,2022-08-25 00:00:00+00:00,0.0,,0.12007854164688081
ht2.vwap_reversion,1d,EVC,2022-08-25 00:00:00+00:00,2022-08-26 00:00:00+00:00,0.0,,-0.05975390191456209
ht2.vwap_reversion,1w,EVC,2022-08-25 00:00:00+00:00,2022-09-01 00:00:00+00:00,0.0,,-0.13356749406954416
ht2.vwap_reversion,5w,EVC,2022-08-25 00:00:00+00:00,2022-09-30 00:00:00+00:00,0.0,,-0.298569461788471
ht2.vwap_reversion,1d,EVC,2022-09-30 00:00:00+00:00,2022-10-03 00:00:00+00:00,0.0,,0.04785914185712037
ht2.vwap_reversion,1w,EVC,2022-09-30 00:00:00+00:00,2022-10-07 00:00:00+00:00,0.0,,0.030226810049055475
ht2.vwap_reversion,5w,EVC,2022-09-30 00:00:00+00:00,2022-11-04 00:00:00+00:00,0.0,,0.2921917706496189
ht2.vwap_reversion,1d,EVC,2022-11-04 00:00:00+00:00,2022-11-07 00:00:00+00:00,-1.0,0.0,0.031188907922587106
ht2.vwap_reversion,1w,EVC,2022-11-04 00:00:00+00:00,2022-11-11 00:00:00+00:00,-1.0,0.0,0.09551624887371002
ht2.vwap_reversion,5w,EVC,2022-11-04 00:00:00+00:00,2022-12-12 00:00:00+00:00,-1.0,0.0,0.027289978185606856
ht2.vwap_reversion,1d,EVC,2022-12-12 00:00:00+00:00,2022-12-13 00:00:00+00:00,0.0,,0.0455410887037333
ht2.vwap_reversion,1w,EVC,2022-12-12 00:00:00+00:00,2022-12-19 00:00:00+00:00,0.0,,-0.07168919724784883
ht2.vwap_reversion,5w,EVC,2022-12-12 00:00:00+00:00,2023-01-19 00:00:00+00:00,0.0,,0.1341785619167719
ht2.vwap_reversion,1d,EVC,2023-01-19 00:00:00+00:00,2023-01-20 00:00:00+00:00,0.0,,0.02352948110378672
ht2.vwap_reversion,1w,EVC,2023-01-19 00:00:00+00:00,2023-01-26 00:00:00+00:00,0.0,,0.06386535036599605
ht2.vwap_reversion,5w,EVC,2023-01-19 00:00:00+00:00,2023-02-24 00:00:00+00:00,0.0,,0.1176471987181662
ht2.vwap_reversion,1d,EVC,2023-02-24 00:00:00+00:00,2023-02-27 00:00:00+00:00,0.0,,0.0
ht2.vwap_reversion,1w,EVC,2023-02-24 00:00:00+00:00,2023-03-03 00:00:00+00:00,0.0,,0.006014935617568717
ht2.vwap_reversion,5w,EVC,2023-02-24 00:00:00+00:00,2023-03-31 00:00:00+00:00,0.0,,-0.08291230017558637
ht2.vwap_reversion,1d,EVC,2023-03-31 00:00:00+00:00,2023-04-03 00:00:00+00:00,0.0,,-0.038016555271229935
ht2.vwap_reversion,1w,EVC,2023-03-31 00:00:00+00:00,2023-04-10 00:00:00+00:00,0.0,,-0.006611697640630743
ht2.vwap_reversion,5w,EVC,2023-03-31 00:00:00+00:00,2023-05-08 00:00:00+00:00,0.0,,-0.1619833640244961
ht2.vwap_reversion,1d,EVC,2023-05-08 00:00:00+00:00,2023-05-09 00:00:00+00:00,1.0,0.0,-0.04142024905152697
ht2.vwap_reversion,1w,EVC,2023-05-08 00:00:00+00:00,2023-05-15 00:00:00+00:00,1.0,0.0,-0.0690337082925847
ht2.vwap_reversion,5w,EVC,2023-05-08 00:00:00+00:00,2023-06-13 00:00:00+00:00,1.0,0.0,-0.09072995470345868
ht2.vwap_reversion,1d,EVC,2023-06-13 00:00:00+00:00,2023-06-14 00:00:00+00:00,0.0,,-0.015184542888913133
ht2.vwap_reversion,1w,EVC,2023-06-13 00:00:00+00:00,2023-06-21 00:00:00+00:00,0.0,,-0.10949846154131293
ht2.vwap_reversion,5w,EVC,2023-06-13 00:00:00+00:00,2023-07-20 00:00:00+00:00,0.0,,0.002362531325550199
ht2.vwap_reversion,1d,EVC,2023-07-20 00:00:00+00:00,2023-07-21 00:00:00+00:00,0.0,,0.013128990128888685
ht2.vwap_reversion,1w,EVC,2023-07-20 00:00:00+00:00,2023-07-27 00:00:00+00:00,0.0,,0.026258112337515405
ht2.vwap_reversion,5w,EVC,2023-07-20 00:00:00+00:00,2023-08-24 00:00:00+00:00,0.0,,-0.20568929509572087
ht2.vwap_reversion,1d,EVC,2023-08-24 00:00:00+00:00,2023-08-25 00:00:00+00:00,1.0,1.0,0.01928374770166852
ht2.vwap_reversion,1w,EVC,2023-08-24 00:00:00+00:00,2023-08-31 00:00:00+00:00,1.0,1.0,0.05509644575936723
ht2.vwap_reversion,5w,EVC,2023-08-24 00:00:00+00:00,2023-09-29 00:00:00+00:00,1.0,1.0,0.019397817296592068
ht2.vwap_reversion,1d,EVC,2023-09-29 00:00:00+00:00,2023-10-02 00:00:00+00:00,0.0,,-0.024657580500604515
ht2.vwap_reversion,1w,EVC,2023-09-29 00:00:00+00:00,2023-10-06 00:00:00+00:00,0.0,,0.008219111941164536
ht2.vwap_reversion,5w,EVC,2023-09-29 00:00:00+00:00,2023-11-03 00:00:00+00:00,0.0,,0.12602730743360868
ht2.vwap_reversion,1d,EVC,2023-11-03 00:00:00+00:00,2023-11-06 00:00:00+00:00,-1.0,1.0,-0.024330802964012355
ht2.vwap_reversion,1w,EVC,2023-11-03 00:00:00+00:00,2023-11-10 00:00:00+00:00,-1.0,1.0,-0.038929371659356615
ht2.vwap_reversion,5w,EVC,2023-11-03 00:00:00+00:00,2023-12-11 00:00:00+00:00,-1.0,0.0,0.03163015974246508
ht2.vwap_reversion,1d,EVC,2023-12-11 00:00:00+00:00,2023-12-12 00:00:00+00:00,0.0,,-0.03537728761818104
ht2.vwap_reversion,1w,EVC,2023-12-11 00:00:00+00:00,2023-12-18 00:00:00+00:00,0.0,,-0.0023865090030317226
ht2.vwap_reversion,5w,EVC,2023-12-11 00:00:00+00:00,2024-01-18 00:00:00+00:00,0.0,,-0.0739855002253742
ht2.vwap_reversion,1d,EVC,2024-01-18 00:00:00+00:00,2024-01-19 00:00:00+00:00,0.0,,0.030927714678200102
ht2.vwap_reversion,1w,EVC,2024-01-18 00:00:00+00:00,2024-01-25 00:00:00+00:00,0.0,,0.1288659832896688
ht2.vwap_reversion,5w,EVC,2024-01-18 00:00:00+00:00,2024-02-23 00:00:00+00:00,0.0,,-0.01546408479782635
ht2.vwap_reversion,1d,EVC,2024-02-23 00:00:00+00:00,2024-02-26 00:00:00+00:00,0.0,,0.0026178939838417126
ht2.vwap_reversion,1w,EVC,2024-02-23 00:00:00+00:00,2024-03-01 00:00:00+00:00,0.0,,-0.007853296899165696
ht2.vwap_reversion,5w,EVC,2024-02-23 00:00:00+00:00,2024-04-01 00:00:00+00:00,0.0,,-0.5536648243964862
ht2.vwap_reversion,1d,EVC,2024-04-01 00:00:00+00:00,2024-04-02 00:00:00+00:00,0.0,,0.01818187308076702
ht2.vwap_reversion,1w,EVC,2024-04-01 00:00:00+00:00,2024-04-08 00:00:00+00:00,0.0,,0.15151509138773123
ht2.vwap_reversion,5w,EVC,2024-04-01 00:00:00+00:00,2024-05-06 00:00:00+00:00,0.0,,0.3151514314959736
ht2.vwap_reversion,1d,EVC,2024-05-06 00:00:00+00:00,2024-05-07 00:00:00+00:00,0.0,,-0.03225809837256188
ht2.vwap_reversion,1w,EVC,2024-05-06 00:00:00+00:00,2024-05-13 00:00:00+00:00,0.0,,0.027649658040398206
ht2.vwap_reversion,5w,EVC,2024-05-06 00:00:00+00:00,2024-06-11 00:00:00+00:00,0.0,,-0.0046083091384855335
ht2.vwap_reversion,1d,EVC,2024-06-11 00:00:00+00:00,2024-06-12 00:00:00+00:00,0.0,,0.018518509975857134
ht2.vwap_reversion,1w,EVC,2024-06-11 00:00:00+00:00,2024-06-18 00:00:00+00:00,0.0,,-0.05149052169165347
ht2.vwap_reversion,5w,EVC,2024-06-11 00:00:00+00:00,2024-07-18 00:00:00+00:00,0.0,,0.014905381667857043
ht2.vwap_reversion,1d,EVC,2024-07-18 00:00:00+00:00,2024-07-19 00:00:00+00:00,0.0,,-0.05140201025092295
ht2.vwap_reversion,1w,EVC,2024-07-18 00:00:00+00:00,2024-07-25 00:00:00+00:00,0.0,,-0.014018901254597038
ht2.vwap_reversion,5w,EVC,2024-07-18 00:00:00+00:00,2024-08-22 00:00:00+00:00,0.0,,-0.09345812962056943
ht2.vwap_reversion,1d,EVC,2024-08-22 00:00:00+00:00,2024-08-23 00:00:00+00:00,0.0,,0.06185582000245393
ht2.vwap_reversion,1w,EVC,2024-08-22 00:00:00+00:00,2024-08-29 00:00:00+00:00,0.0,,0.030927802561044437
ht2.vwap_reversion,5w,EVC,2024-08-22 00:00:00+00:00,2024-09-27 00:00:00+00:00,0.0,,0.12609050889901963
ht2.vwap_reversion,1d,EVC,2024-09-27 00:00:00+00:00,2024-09-30 00:00:00+00:00,0.0,,-0.028169136818368745
ht2.vwap_reversion,1w,EVC,2024-09-27 00:00:00+00:00,2024-10-04 00:00:00+00:00,0.0,,-0.023474270080873882
ht2.vwap_reversion,5w,EVC,2024-09-27 00:00:00+00:00,2024-11-01 00:00:00+00:00,0.0,,0.07042236499642307
ht2.vwap_reversion,1d,EVC,2024-11-01 00:00:00+00:00,2024-11-04 00:00:00+00:00,0.0,,0.008771989246526113
ht2.vwap_reversion,1w,EVC,2024-11-01 00:00:00+00:00,2024-11-08 00:00:00+00:00,0.0,,0.0833333630443156
ht2.vwap_reversion,5w,EVC,2024-11-01 00:00:00+00:00,2024-12-09 00:00:00+00:00,0.0,,0.1184210823425611
ht2.vwap_reversion,1d,EVC,2024-12-09 00:00:00+00:00,2024-12-10 00:00:00+00:00,-1.0,0.0,0.007843083916322602
ht2.vwap_reversion,1w,EVC,2024-12-09 00:00:00+00:00,2024-12-16 00:00:00+00:00,-1.0,1.0,-0.027451006228031316
ht2.vwap_reversion,5w,EVC,2024-12-09 00:00:00+00:00,2025-01-16 00:00:00+00:00,-1.0,1.0,-0.07948037364149996
ht2.vwap_reversion,1d,EVC,2025-01-16 00:00:00+00:00,2025-01-17 00:00:00+00:00,0.0,,0.02608699065043396
ht2.vwap_reversion,1w,EVC,2025-01-16 00:00:00+00:00,2025-01-24 00:00:00+00:00,0.0,,-0.004347870253502584
ht2.vwap_reversion,5w,EVC,2025-01-16 00:00:00+00:00,2025-02-24 00:00:00+00:00,0.0,,-0.03913042825800506
ht2.vwap_reversion,1d,EVC,2025-02-24 00:00:00+00:00,2025-02-25 00:00:00+00:00,0.0,,0.013574498096170284
ht2.vwap_reversion,1w,EVC,2025-02-24 00:00:00+00:00,2025-03-03 00:00:00+00:00,0.0,,-0.03619904202132651
ht2.vwap_reversion,5w,EVC,2025-02-24 00:00:00+00:00,2025-03-31 00:00:00+00:00,0.0,,-0.025028290591149083
ht2.vwap_reversion,1d,EVC,2025-03-31 00:00:00+00:00,2025-04-01 00:00:00+00:00,0.0,,0.004761908869246767
ht2.vwap_reversion,1w,EVC,2025-03-31 00:00:00+00:00,2025-04-07 00:00:00+00:00,0.0,,-0.10000002464405389
ht2.vwap_reversion,5w,EVC,2025-03-31 00:00:00+00:00,2025-05-06 00:00:00+00:00,0.0,,-0.09047620690555991
ht2.vwap_reversion,1d,EVC,2025-05-06 00:00:00+00:00,2025-05-07 00:00:00+00:00,0.0,,0.005235674443633487
ht2.vwap_reversion,1w,EVC,2025-05-06 00:00:00+00:00,2025-05-13 00:00:00+00:00,0.0,,0.0523561347863053
ht2.vwap_reversion,5w,EVC,2025-05-06 00:00:00+00:00,2025-06-11 00:00:00+00:00,0.0,,0.2513089863498006
ht2.vwap_reversion,1d,EVC,2025-06-11 00:00:00+00:00,2025-06-12 00:00:00+00:00,0.0,,-0.058577453423552805
ht2.vwap_reversion,1w,EVC,2025-06-11 00:00:00+00:00,2025-06-18 00:00:00+00:00,0.0,,-0.001092540958376742
ht2.vwap_reversion,5w,EVC,2025-06-11 00:00:00+00:00,2025-07-18 00:00:00+00:00,0.0,,0.007481702293794301
ht2.vwap_reversion,1d,EVC,2025-07-18 00:00:00+00:00,2025-07-21 00:00:00+00:00,0.0,,-0.01702113940660055
ht2.vwap_reversion,1w,EVC,2025-07-18 00:00:00+00:00,2025-07-25 00:00:00+00:00,0.0,,0.01702146180108932
ht2.vwap_reversion,5w,EVC,2025-07-18 00:00:00+00:00,2025-08-22 00:00:00+00:00,0.0,,0.05957463271207919
ht2.vwap_reversion,1d,EVC,2025-08-22 00:00:00+00:00,2025-08-25 00:00:00+00:00,0.0,,-0.004016031264129305
ht2.vwap_reversion,1w,EVC,2025-08-22 00:00:00+00:00,2025-08-29 00:00:00+00:00,0.0,,0.04016061690913775
ht2.vwap_reversion,5w,EVC,2025-08-22 00:00:00+00:00,2025-09-29 00:00:00+00:00,0.0,,-0.03757332601467733
ht2.vwap_reversion,1d,EVC,2025-09-29 00:00:00+00:00,2025-09-30 00:00:00+00:00,0.0,,-0.008510558924916367
ht2.vwap_reversion,1w,EVC,2025-09-29 00:00:00+00:00,2025-10-06 00:00:00+00:00,0.0,,-0.05106366969601739
ht2.vwap_reversion,5w,EVC,2025-09-29 00:00:00+00:00,2025-11-03 00:00:00+00:00,0.0,,-0.1531913779256594
ht2.vwap_reversion,1d,EVC,2025-11-03 00:00:00+00:00,2025-11-04 00:00:00+00:00,0.0,,-0.005025140324056765
ht2.vwap_reversion,1w,EVC,2025-11-03 00:00:00+00:00,2025-11-10 00:00:00+00:00,0.0,,0.46733661900519774
ht2.vwap_reversion,5w,EVC,2025-11-03 00:00:00+00:00,2025-12-09 00:00:00+00:00,0.0,,0.6231154712658855
ht2.vwap_reversion,1d,EVC,2025-12-09 00:00:00+00:00,2025-12-10 00:00:00+00:00,-1.0,0.0,0.0030959844897158195
ht2.vwap_reversion,1w,EVC,2025-12-09 00:00:00+00:00,2025-12-16 00:00:00+00:00,-1.0,1.0,-0.009188894232874056
ht2.vwap_reversion,5w,EVC,2025-12-09 00:00:00+00:00,2026-01-15 00:00:00+00:00,-1.0,0.0,0.06001057603022564
ht2.vwap_reversion,1d,EVC,2026-01-15 00:00:00+00:00,2026-01-16 00:00:00+00:00,-1.0,1.0,-0.02967364201588074
ht2.vwap_reversion,1w,EVC,2026-01-15 00:00:00+00:00,2026-01-23 00:00:00+00:00,-1.0,1.0,-0.059347139370496405
ht2.vwap_reversion,5w,EVC,2026-01-15 00:00:00+00:00,2026-02-23 00:00:00+00:00,-1.0,1.0,-0.12166171527321346
ht2.vwap_reversion,1d,EVC,2026-02-23 00:00:00+00:00,2026-02-24 00:00:00+00:00,0.0,,0.01351353688293866
ht2.vwap_reversion,1w,EVC,2026-02-23 00:00:00+00:00,2026-03-02 00:00:00+00:00,0.0,,0.04729721439148027
ht2.vwap_reversion,5w,EVC,2026-02-23 00:00:00+00:00,2026-03-30 00:00:00+00:00,0.0,,0.023705510632584303
ht2.vwap_reversion,1d,EVC,2026-03-30 00:00:00+00:00,2026-03-31 00:00:00+00:00,0.0,,-0.0033557381706931233
ht2.vwap_reversion,1w,EVC,2026-03-30 00:00:00+00:00,2026-04-07 00:00:00+00:00,0.0,,0.06375838170339176
ht2.vwap_reversion,5w,EVC,2026-03-30 00:00:00+00:00,2026-05-05 00:00:00+00:00,0.0,,0.3355704384854805
ht2.vwap_reversion,1d,EVC,2026-05-05 00:00:00+00:00,2026-05-06 00:00:00+00:00,0.0,,0.9321608485121968
ht2.vwap_reversion,1w,EVC,2026-05-05 00:00:00+00:00,2026-05-12 00:00:00+00:00,0.0,,1.0376883371854944
ht2.vwap_reversion,5w,EVC,2026-05-05 00:00:00+00:00,2026-06-10 00:00:00+00:00,0.0,,1.248743555455278
ht2.vwap_reversion,1d,EVC,2026-06-10 00:00:00+00:00,2026-06-11 00:00:00+00:00,0.0,,0.11508377937061609
ht2.vwap_reversion,1w,EVC,2026-06-10 00:00:00+00:00,2026-06-17 00:00:00+00:00,0.0,,0.05600608365605586
ht2.vwap_reversion,5w,EVC,2026-06-10 00:00:00+00:00,2026-07-17 00:00:00+00:00,0.0,,0.20092606907259491
ht2.vwap_reversion,1d,EVC,2026-07-17 00:00:00+00:00,2026-07-20 00:00:00+00:00,0.0,,0.03180544115378714
ht2.vwap_reversion,1w,EVC,2026-07-17 00:00:00+00:00,2026-07-24 00:00:00+00:00,0.0,,-0.0009353859307787982
ht2.vwap_reversion,5w,EVC,2026-07-17 00:00:00+00:00,2026-08-21 00:00:00+00:00,0.0,,-0.2450888670161332
ht2.vwap_reversion,1d,GOOGL,2018-09-05 00:00:00+00:00,2018-09-06 00:00:00+00:00,0.0,,-0.012601175771670525
ht2.vwap_reversion,1w,GOOGL,2018-09-05 00:00:00+00:00,2018-09-12 00:00:00+00:00,0.0,,-0.022933870305651305
ht2.vwap_reversion,5w,GOOGL,2018-09-05 00:00:00+00:00,2018-10-10 00:00:00+00:00,0.0,,-0.08918366449586157
ht2.vwap_reversion,1d,GOOGL,2018-10-10 00:00:00+00:00,2018-10-11 00:00:00+00:00,1.0,0.0,-0.0012999900841046408
ht2.vwap_reversion,1w,GOOGL,2018-10-10 00:00:00+00:00,2018-10-17 00:00:00+00:00,1.0,1.0,0.03244041177675738
ht2.vwap_reversion,5w,GOOGL,2018-10-10 00:00:00+00:00,2018-11-14 00:00:00+00:00,1.0,0.0,-0.034408861469868324
ht2.vwap_reversion,1d,GOOGL,2018-11-14 00:00:00+00:00,2018-11-15 00:00:00+00:00,0.0,,0.01561750516381899
ht2.vwap_reversion,1w,GOOGL,2018-11-14 00:00:00+00:00,2018-11-21 00:00:00+00:00,0.0,,-0.010572873710869901
ht2.vwap_reversion,5w,GOOGL,2018-11-14 00:00:00+00:00,2018-12-21 00:00:00+00:00,0.0,,-0.060052331564618866
ht2.vwap_reversion,1d,GOOGL,2018-12-21 00:00:00+00:00,2018-12-24 00:00:00+00:00,0.0,,-0.00663805682062335
ht2.vwap_reversion,1w,GOOGL,2018-12-21 00:00:00+00:00,2018-12-31 00:00:00+00:00,0.0,,0.05418425404499683
ht2.vwap_reversion,5w,GOOGL,2018-12-21 00:00:00+00:00,2019-01-30 00:00:00+00:00,0.0,,0.10768208299267679
ht2.vwap_reversion,1d,GOOGL,2019-01-30 00:00:00+00:00,2019-01-31 00:00:00+00:00,0.0,,0.0254102307585915
ht2.vwap_reversion,1w,GOOGL,2019-01-30 00:00:00+00:00,2019-02-06 00:00:00+00:00,0.0,,0.022677894363165585
ht2.vwap_reversion,5w,GOOGL,2019-01-30 00:00:00+00:00,2019-03-07 00:00:00+00:00,0.0,,0.048142593792492416
ht2.vwap_reversion,1d,GOOGL,2019-03-07 00:00:00+00:00,2019-03-08 00:00:00+00:00,0.0,,-0.0007646551036297744
ht2.vwap_reversion,1w,GOOGL,2019-03-07 00:00:00+00:00,2019-03-14 00:00:00+00:00,0.0,,0.0362166821084684
ht2.vwap_reversion,5w,GOOGL,2019-03-07 00:00:00+00:00,2019-04-11 00:00:00+00:00,0.0,,0.05104061112482561
ht2.vwap_reversion,1d,GOOGL,2019-04-11 00:00:00+00:00,2019-04-12 00:00:00+00:00,0.0,,0.01086319494953547
ht2.vwap_reversion,1w,GOOGL,2019-04-11 00:00:00+00:00,2019-04-18 00:00:00+00:00,0.0,,0.026356046042663728
ht2.vwap_reversion,5w,GOOGL,2019-04-11 00:00:00+00:00,2019-05-17 00:00:00+00:00,0.0,,-0.033738678802849975
ht2.vwap_reversion,1d,GOOGL,2019-05-17 00:00:00+00:00,2019-05-20 00:00:00+00:00,0.0,,-0.020636904554538704
ht2.vwap_reversion,1w,GOOGL,2019-05-17 00:00:00+00:00,2019-05-24 00:00:00+00:00,0.0,,-0.025813203701836596
ht2.vwap_reversion,5w,GOOGL,2019-05-17 00:00:00+00:00,2019-06-24 00:00:00+00:00,0.0,,-0.04455933428634862
ht2.vwap_reversion,1d,GOOGL,2019-06-24 00:00:00+00:00,2019-06-25 00:00:00+00:00,0.0,,-0.026076836881416376
ht2.vwap_reversion,1w,GOOGL,2019-06-24 00:00:00+00:00,2019-07-01 00:00:00+00:00,0.0,,-0.014954684476594315
ht2.vwap_reversion,5w,GOOGL,2019-06-24 00:00:00+00:00,2019-07-30 00:00:00+00:00,0.0,,0.09966871753508699
ht2.vwap_reversion,1d,GOOGL,2019-07-30 00:00:00+00:00,2019-07-31 00:00:00+00:00,0.0,,-0.007980545278028495
ht2.vwap_reversion,1w,GOOGL,2019-07-30 00:00:00+00:00,2019-08-06 00:00:00+00:00,0.0,,-0.046351822811498855
ht2.vwap_reversion,5w,GOOGL,2019-07-30 00:00:00+00:00,2019-09-04 00:00:00+00:00,0.0,,-0.03723947333402988
ht2.vwap_reversion,1d,GOOGL,2019-09-04 00:00:00+00:00,2019-09-05 00:00:00+00:00,0.0,,0.02530721258162738
ht2.vwap_reversion,1w,GOOGL,2019-09-04 00:00:00+00:00,2019-09-11 00:00:00+00:00,0.0,,0.03191318152130784
ht2.vwap_reversion,5w,GOOGL,2019-09-04 00:00:00+00:00,2019-10-09 00:00:00+00:00,0.0,,0.01702650929215843
ht2.vwap_reversion,1d,GOOGL,2019-10-09 00:00:00+00:00,2019-10-10 00:00:00+00:00,0.0,,0.0058798804934918625
ht2.vwap_reversion,1w,GOOGL,2019-10-09 00:00:00+00:00,2019-10-16 00:00:00+00:00,0.0,,0.03376579930219581
ht2.vwap_reversion,5w,GOOGL,2019-10-09 00:00:00+00:00,2019-11-13 00:00:00+00:00,0.0,,0.0779941793324821
ht2.vwap_reversion,1d,GOOGL,2019-11-13 00:00:00+00:00,2019-11-14 00:00:00+00:00,0.0,,0.010006194786118305
ht2.vwap_reversion,1w,GOOGL,2019-11-13 00:00:00+00:00,2019-11-20 00:00:00+00:00,0.0,,0.004382074835296512
ht2.vwap_reversion,5w,GOOGL,2019-11-13 00:00:00+00:00,2019-12-19 00:00:00+00:00,0.0,,0.046490349625367466
ht2.vwap_reversion,1d,GOOGL,2019-12-19 00:00:00+00:00,2019-12-20 00:00:00+00:00,0.0,,-0.0038482961679781047
ht2.vwap_reversion,1w,GOOGL,2019-12-19 00:00:00+00:00,2019-12-27 00:00:00+00:00,0.0,,-0.001326912583561879
ht2.vwap_reversion,5w,GOOGL,2019-12-19 00:00:00+00:00,2020-01-28 00:00:00+00:00,0.0,,0.06934332580674751
ht2.vwap_reversion,1d,GOOGL,2020-01-28 00:00:00+00:00,2020-01-29 00:00:00+00:00,0.0,,0.004274367823386749
ht2.vwap_reversion,1w,GOOGL,2020-01-28 00:00:00+00:00,2020-02-04 00:00:00+00:00,0.0,,-0.0035092798621504384
ht2.vwap_reversion,5w,GOOGL,2020-01-28 00:00:00+00:00,2020-03-04 00:00:00+00:00,0.0,,-0.04750082940247147
ht2.vwap_reversion,1d,GOOGL,2020-03-04 00:00:00+00:00,2020-03-05 00:00:00+00:00,0.0,,-0.04837885153125299
ht2.vwap_reversion,1w,GOOGL,2020-03-04 00:00:00+00:00,2020-03-11 00:00:00+00:00,0.0,,-0.12355251417513247
ht2.vwap_reversion,5w,GOOGL,2020-03-04 00:00:00+00:00,2020-04-08 00:00:00+00:00,0.0,,-0.12637522852693606
ht2.vwap_reversion,1d,GOOGL,2020-04-08 00:00:00+00:00,2020-04-09 00:00:00+00:00,0.0,,-0.0003562833051075076
ht2.vwap_reversion,1w,GOOGL,2020-04-08 00:00:00+00:00,2020-04-16 00:00:00+00:00,0.0,,0.041781248172589214
ht2.vwap_reversion,5w,GOOGL,2020-04-08 00:00:00+00:00,2020-05-14 00:00:00+00:00,0.0,,0.1241590881800223
ht2.vwap_reversion,1d,GOOGL,2020-05-14 00:00:00+00:00,2020-05-15 00:00:00+00:00,0.0,,0.011939309935455
ht2.vwap_reversion,1w,GOOGL,2020-05-14 00:00:00+00:00,2020-05-21 00:00:00+00:00,0.0,,0.03676889950160889
ht2.vwap_reversion,5w,GOOGL,2020-05-14 00:00:00+00:00,2020-06-19 00:00:00+00:00,0.0,,0.049953705179653474
ht2.vwap_reversion,1d,GOOGL,2020-06-19 00:00:00+00:00,2020-06-22 00:00:00+00:00,0.0,,0.018264272765318168
ht2.vwap_reversion,1w,GOOGL,2020-06-19 00:00:00+00:00,2020-06-26 00:00:00+00:00,0.0,,-0.04359011291959625
ht2.vwap_reversion,5w,GOOGL,2020-06-19 00:00:00+00:00,2020-07-27 00:00:00+00:00,0.0,,0.07355533725843144
ht2.vwap_reversion,1d,GOOGL,2020-07-27 00:00:00+00:00,2020-07-28 00:00:00+00:00,0.0,,-0.016855967121266913
ht2.vwap_reversion,1w,GOOGL,2020-07-27 00:00:00+00:00,2020-08-03 00:00:00+00:00,0.0,,-0.030514809199152615
ht2.vwap_reversion,5w,GOOGL,2020-07-27 00:00:00+00:00,2020-08-31 00:00:00+00:00,0.0,,0.06544906703212905
ht2.vwap_reversion,1d,GOOGL,2020-08-31 00:00:00+00:00,2020-09-01 00:00:00+00:00,0.0,,0.01567948529978591
ht2.vwap_reversion,1w,GOOGL,2020-08-31 00:00:00+00:00,2020-09-08 00:00:00+00:00,0.0,,-0.06500637102491125
ht2.vwap_reversion,5w,GOOGL,2020-08-31 00:00:00+00:00,2020-10-06 00:00:00+00:00,0.0,,-0.10954686368727418
ht2.vwap_reversion,1d,GOOGL,2020-10-06 00:00:00+00:00,2020-10-07 00:00:00+00:00,0.0,,0.005596009431111826
ht2.vwap_reversion,1w,GOOGL,2020-10-06 00:00:00+00:00,2020-10-13 00:00:00+00:00,0.0,,0.07997804754258087
ht2.vwap_reversion,5w,GOOGL,2020-10-06 00:00:00+00:00,2020-11-10 00:00:00+00:00,0.0,,0.1975851660289858
ht2.vwap_reversion,1d,GOOGL,2020-11-10 00:00:00+00:00,2020-11-11 00:00:00+00:00,0.0,,0.005472870097314564
ht2.vwap_reversion,1w,GOOGL,2020-11-10 00:00:00+00:00,2020-11-17 00:00:00+00:00,0.0,,0.01377647703222129
ht2.vwap_reversion,5w,GOOGL,2020-11-10 00:00:00+00:00,2020-12-16 00:00:00+00:00,0.0,,0.011204328190777879
ht2.vwap_reversion,1d,GOOGL,2020-12-16 00:00:00+00:00,2020-12-17 00:00:00+00:00,0.0,,-0.009492405584936803
ht2.vwap_reversion,1w,GOOGL,2020-12-16 00:00:00+00:00,2020-12-23 00:00:00+00:00,0.0,,-0.016480935467095725
ht2.vwap_reversion,5w,GOOGL,2020-12-16 00:00:00+00:00,2021-01-25 00:00:00+00:00,0.0,,0.07801647769403397
ht2.vwap_reversion,1d,GOOGL,2021-01-25 00:00:00+00:00,2021-01-26 00:00:00+00:00,0.0,,0.007216519727898163
ht2.vwap_reversion,1w,GOOGL,2021-01-25 00:00:00+00:00,2021-02-01 00:00:00+00:00,0.0,,-0.0006386710571001375
ht2.vwap_reversion,5w,GOOGL,2021-01-25 00:00:00+00:00,2021-03-02 00:00:00+00:00,0.0,,0.0898496160862865
ht2.vwap_reversion,1d,GOOGL,2021-03-02 00:00:00+00:00,2021-03-03 00:00:00+00:00,0.0,,-0.025706255974635495
ht2.vwap_reversion,1w,GOOGL,2021-03-02 00:00:00+00:00,2021-03-09 00:00:00+00:00,0.0,,-0.011683367062216732
ht2.vwap_reversion,5w,GOOGL,2021-03-02 00:00:00+00:00,2021-04-07 00:00:00+00:00,0.0,,0.08454901475371468
ht2.vwap_reversion,1d,GOOGL,2021-04-07 00:00:00+00:00,2021-04-08 00:00:00+00:00,0.0,,0.005091464368377929
ht2.vwap_reversion,1w,GOOGL,2021-04-07 00:00:00+00:00,2021-04-14 00:00:00+00:00,0.0,,0.001286238628616987
ht2.vwap_reversion,5w,GOOGL,2021-04-07 00:00:00+00:00,2021-05-12 00:00:00+00:00,0.0,,-0.017319944295994483
ht2.vwap_reversion,1d,GOOGL,2021-05-12 00:00:00+00:00,2021-05-13 00:00:00+00:00,1.0,1.0,0.013084890659443627
ht2.vwap_reversion,1w,GOOGL,2021-05-12 00:00:00+00:00,2021-05-19 00:00:00+00:00,1.0,1.0,0.03238262061772135
ht2.vwap_reversion,5w,GOOGL,2021-05-12 00:00:00+00:00,2021-06-17 00:00:00+00:00,1.0,1.0,0.1066332531555525
ht2.vwap_reversion,1d,GOOGL,2021-06-17 00:00:00+00:00,2021-06-18 00:00:00+00:00,0.0,,-0.01340925544817173
ht2.vwap_reversion,1w,GOOGL,2021-06-17 00:00:00+00:00,2021-06-24 00:00:00+00:00,0.0,,0.006213918760749282
ht2.vwap_reversion,5w,GOOGL,2021-06-17 00:00:00+00:00,2021-07-23 00:00:00+00:00,0.0,,0.09258400707951142
ht2.vwap_reversion,1d,GOOGL,2021-07-23 00:00:00+00:00,2021-07-26 00:00:00+00:00,-1.0,0.0,0.00766851853309225
ht2.vwap_reversion,1w,GOOGL,2021-07-23 00:00:00+00:00,2021-07-30 00:00:00+00:00,-1.0,0.0,0.012867084567229403
ht2.vwap_reversion,5w,GOOGL,2021-07-23 00:00:00+00:00,2021-08-27 00:00:00+00:00,-1.0,0.0,0.08261471472291682
ht2.vwap_reversion,1d,GOOGL,2021-08-27 00:00:00+00:00,2021-08-30 00:00:00+00:00,0.0,,0.004072907394165659
ht2.vwap_reversion,1w,GOOGL,2021-08-27 00:00:00+00:00,2021-09-03 00:00:00+00:00,0.0,,-0.0018366567438099501
ht2.vwap_reversion,5w,GOOGL,2021-08-27 00:00:00+00:00,2021-10-04 00:00:00+00:00,0.0,,-0.07183496878560114
ht2.vwap_reversion,1d,GOOGL,2021-10-04 00:00:00+00:00,2021-10-05 00:00:00+00:00,0.0,,0.017683236324213425
ht2.vwap_reversion,1w,GOOGL,2021-10-04 00:00:00+00:00,2021-10-11 00:00:00+00:00,0.0,,0.039312793744026076
ht2.vwap_reversion,5w,GOOGL,2021-10-04 00:00:00+00:00,2021-11-08 00:00:00+00:00,0.0,,0.11500513042473748
ht2.vwap_reversion,1d,GOOGL,2021-11-08 00:00:00+00:00,2021-11-09 00:00:00+00:00,0.0,,-0.0007546701282743484
ht2.vwap_reversion,1w,GOOGL,2021-11-08 00:00:00+00:00,2021-11-15 00:00:00+00:00,0.0,,-0.003885012071519922
ht2.vwap_reversion,5w,GOOGL,2021-11-08 00:00:00+00:00,2021-12-14 00:00:00+00:00,0.0,,-0.03438201079614189
ht2.vwap_reversion,1d,GOOGL,2021-12-14 00:00:00+00:00,2021-12-15 00:00:00+00:00,0.0,,0.01760842224441772
ht2.vwap_reversion,1w,GOOGL,2021-12-14 00:00:00+00:00,2021-12-21 00:00:00+00:00,0.0,,-0.00301929880168339
ht2.vwap_reversion,5w,GOOGL,2021-12-14 00:00:00+00:00,2022-01-20 00:00:00+00:00,0.0,,-0.07365537974862957
ht2.vwap_reversion,1d,GOOGL,2022-01-20 00:00:00+00:00,2022-01-21 00:00:00+00:00,0.0,,-0.022174101222543374
ht2.vwap_reversion,1w,GOOGL,2022-01-20 00:00:00+00:00,2022-01-27 00:00:00+00:00,0.0,,-0.03227479580010839
ht2.vwap_reversion,5w,GOOGL,2022-01-20 00:00:00+00:00,2022-02-25 00:00:00+00:00,0.0,,0.008641802234085061
ht2.vwap_reversion,1d,GOOGL,2022-02-25 00:00:00+00:00,2022-02-28 00:00:00+00:00,0.0,,0.004443764127189054
ht2.vwap_reversion,1w,GOOGL,2022-02-25 00:00:00+00:00,2022-03-04 00:00:00+00:00,0.0,,-0.0189871483007531
ht2.vwap_reversion,5w,GOOGL,2022-02-25 00:00:00+00:00,2022-04-01 00:00:00+00:00,0.0,,0.04232498142134733
ht2.vwap_reversion,1d,GOOGL,2022-04-01 00:00:00+00:00,2022-04-04 00:00:00+00:00,0.0,,0.02012834991949841
ht2.vwap_reversion,1w,GOOGL,2022-04-01 00:00:00+00:00,2022-04-08 00:00:00+00:00,0.0,,-0.04896874774142057
ht2.vwap_reversion,5w,GOOGL,2022-04-01 00:00:00+00:00,2022-05-09 00:00:00+00:00,0.0,,-0.19721294869803674
ht2.vwap_reversion,1d,GOOGL,2022-05-09 00:00:00+00:00,2022-05-10 00:00:00+00:00,0.0,,0.016744876970815614
ht2.vwap_reversion,1w,GOOGL,2022-05-09 00:00:00+00:00,2022-05-16 00:00:00+00:00,0.0,,0.017189483292065155
ht2.vwap_reversion,5w,GOOGL,2022-05-09 00:00:00+00:00,2022-06-14 00:00:00+00:00,0.0,,-0.05151043692644652
ht2.vwap_reversion,1d,GOOGL,2022-06-14 00:00:00+00:00,2022-06-15 00:00:00+00:00,0.0,,0.02857122043415128
ht2.vwap_reversion,1w,GOOGL,2022-06-14 00:00:00+00:00,2022-06-22 00:00:00+00:00,0.0,,0.04471694422493866
ht2.vwap_reversion,5w,GOOGL,2022-06-14 00:00:00+00:00,2022-07-21 00:00:00+00:00,0.0,,0.07144691223815469
ht2.vwap_reversion,1d,GOOGL,2022-07-21 00:00:00+00:00,2022-07-22 00:00:00+00:00,0.0,,-0.056323270537628756
ht2.vwap_reversion,1w,GOOGL,2022-07-21 00:00:00+00:00,2022-07-28 00:00:00+00:00,0.0,,-0.0010494074405674736
ht2.vwap_reversion,5w,GOOGL,2022-07-21 00:00:00+00:00,2022-08-25 00:00:00+00:00,0.0,,0.020202826648176853
ht2.vwap_reversion,1d,GOOGL,2022-08-25 00:00:00+00:00,2022-08-26 00:00:00+00:00,0.0,,-0.05409337701657324
ht2.vwap_reversion,1w,GOOGL,2022-08-25 00:00:00+00:00,2022-09-01 00:00:00+00:00,0.0,,-0.059237036299970125
ht2.vwap_reversion,5w,GOOGL,2022-08-25 00:00:00+00:00,2022-09-30 00:00:00+00:00,0.0,,-0.1800256335068363
ht2.vwap_reversion,1d,GOOGL,2022-09-30 00:00:00+00:00,2022-10-03 00:00:00+00:00,0.0,,0.03125966154243809
ht2.vwap_reversion,1w,GOOGL,2022-09-30 00:00:00+00:00,2022-10-07 00:00:00+00:00,0.0,,0.03167786902646075
ht2.vwap_reversion,5w,GOOGL,2022-09-30 00:00:00+00:00,2022-11-04 00:00:00+00:00,0.0,,-0.09482494592755075
ht2.vwap_reversion,1d,GOOGL,2022-11-04 00:00:00+00:00,2022-11-07 00:00:00+00:00,0.0,,0.022060687181395533
ht2.vwap_reversion,1w,GOOGL,2022-11-04 00:00:00+00:00,2022-11-11 00:00:00+00:00,0.0,,0.11353676424111336
ht2.vwap_reversion,5w,GOOGL,2022-11-04 00:00:00+00:00,2022-12-12 00:00:00+00:00,0.0,,0.077731542358068
ht2.vwap_reversion,1d,GOOGL,2022-12-12 00:00:00+00:00,2022-12-13 00:00:00+00:00,0.0,,0.02486333226427595
ht2.vwap_reversion,1w,GOOGL,2022-12-12 00:00:00+00:00,2022-12-19 00:00:00+00:00,0.0,,-0.052191517625584494
ht2.vwap_reversion,5w,GOOGL,2022-12-12 00:00:00+00:00,2023-01-19 00:00:00+00:00,0.0,,-0.0027863126371792113
ht2.vwap_reversion,1d,GOOGL,2023-01-19 00:00:00+00:00,2023-01-20 00:00:00+00:00,0.0,,0.05341203703780306
ht2.vwap_reversion,1w,GOOGL,2023-01-19 00:00:00+00:00,2023-01-26 00:00:00+00:00,0.0,,0.048038663736633236
ht2.vwap_reversion,5w,GOOGL,2023-01-19 00:00:00+00:00,2023-02-24 00:00:00+00:00,0.0,,-0.04212802755285894
ht2.vwap_reversion,1d,GOOGL,2023-02-24 00:00:00+00:00,2023-02-27 00:00:00+00:00,0.0,,0.00830258573446141
ht2.vwap_reversion,1w,GOOGL,2023-02-24 00:00:00+00:00,2023-03-03 00:00:00+00:00,0.0,,0.05071259643761361
ht2.vwap_reversion,5w,GOOGL,2023-02-24 00:00:00+00:00,2023-03-31 00:00:00+00:00,0.0,,0.16380590074099954
ht2.vwap_reversion,1d,GOOGL,2023-03-31 00:00:00+00:00,2023-04-03 00:00:00+00:00,0.0,,0.0060732677381531985
ht2.vwap_reversion,1w,GOOGL,2023-03-31 00:00:00+00:00,2023-04-10 00:00:00+00:00,0.0,,0.026125432230681422
ht2.vwap_reversion,5w,GOOGL,2023-03-31 00:00:00+00:00,2023-05-08 00:00:00+00:00,0.0,,0.038947063799474435
ht2.vwap_reversion,1d,GOOGL,2023-05-08 00:00:00+00:00,2023-05-09 00:00:00+00:00,0.0,,-0.003897232534231798
ht2.vwap_reversion,1w,GOOGL,2023-05-08 00:00:00+00:00,2023-05-15 00:00:00+00:00,0.0,,0.0810988185958137
ht2.vwap_reversion,5w,GOOGL,2023-05-08 00:00:00+00:00,2023-06-13 00:00:00+00:00,0.0,,0.14902123876386164
ht2.vwap_reversion,1d,GOOGL,2023-06-13 00:00:00+00:00,2023-06-14 00:00:00+00:00,0.0,,-0.0012922060933524548
ht2.vwap_reversion,1w,GOOGL,2023-06-13 00:00:00+00:00,2023-06-21 00:00:00+00:00,0.0,,-0.02648795614070143
ht2.vwap_reversion,5w,GOOGL,2023-06-13 00:00:00+00:00,2023-07-20 00:00:00+00:00,0.0,,-0.037390125342561364
ht2.vwap_reversion,1d,GOOGL,2023-07-20 00:00:00+00:00,2023-07-21 00:00:00+00:00,0.0,,0.006879235595432132
ht2.vwap_reversion,1w,GOOGL,2023-07-20 00:00:00+00:00,2023-07-27 00:00:00+00:00,0.0,,0.08557056199871127
ht2.vwap_reversion,5w,GOOGL,2023-07-20 00:00:00+00:00,2023-08-24 00:00:00+00:00,0.0,,0.08875850832007504
ht2.vwap_reversion,1d,GOOGL,2023-08-24 00:00:00+00:00,2023-08-25 00:00:00+00:00,0.0,,0.0007704162988062535
ht2.vwap_reversion,1w,GOOGL,2023-08-24 00:00:00+00:00,2023-08-31 00:00:00+00:00,0.0,,0.04923725227913334
ht2.vwap_reversion,5w,GOOGL,2023-08-24 00:00:00+00:00,2023-09-29 00:00:00+00:00,0.0,,0.008321682195388647
ht2.vwap_reversion,1d,GOOGL,2023-09-29 00:00:00+00:00,2023-10-02 00:00:00+00:00,0.0,,0.025294144703772004
ht2.vwap_reversion,1w,GOOGL,2023-09-29 00:00:00+00:00,2023-10-06 00:00:00+00:00,0.0,,0.051352700371724014
ht2.vwap_reversion,5w,GOOGL,2023-09-29 00:00:00+00:00,2023-11-03 00:00:00+00:00,0.0,,-0.013449362714414104
ht2.vwap_reversion,1d,GOOGL,2023-11-03 00:00:00+00:00,2023-11-06 00:00:00+00:00,0.0,,0.008907884606796923
ht2.vwap_reversion,1w,GOOGL,2023-11-03 00:00:00+00:00,2023-11-10 00:00:00+00:00,0.0,,0.02703332427295857
ht2.vwap_reversion,5w,GOOGL,2023-11-03 00:00:00+00:00,2023-12-11 00:00:00+00:00,0.0,,0.03245547861225906
ht2.vwap_reversion,1d,GOOGL,2023-12-11 00:00:00+00:00,2023-12-12 00:00:00+00:00,0.0,,-0.005776739827386135
ht2.vwap_reversion,1w,GOOGL,2023-12-11 00:00:00+00:00,2023-12-18 00:00:00+00:00,0.0,,0.018831284849357033
ht2.vwap_reversion,5w,GOOGL,2023-12-11 00:00:00+00:00,2024-01-18 00:00:00+00:00,0.0,,0.07644969687072267
ht2.vwap_reversion,1d,GOOGL,2024-01-18 00:00:00+00:00,2024-01-19 00:00:00+00:00,0.0,,0.020211882291621297
ht2.vwap_reversion,1w,GOOGL,2024-01-18 00:00:00+00:00,2024-01-25 00:00:00+00:00,0.0,,0.05847491614682454
ht2.vwap_reversion,5w,GOOGL,2024-01-18 00:00:00+00:00,2024-02-23 00:00:00+00:00,0.0,,0.003345651039895259
ht2.vwap_reversion,1d,GOOGL,2024-02-23 00:00:00+00:00,2024-02-26 00:00:00+00:00,0.0,,-0.04438761068779262
ht2.vwap_reversion,1w,GOOGL,2024-02-23 00:00:00+00:00,2024-03-01 00:00:00+00:00,0.0,,-0.04737446614984475
ht2.vwap_reversion,5w,GOOGL,2024-02-23 00:00:00+00:00,2024-04-01 00:00:00+00:00,0.0,,0.0800915047957893
ht2.vwap_reversion,1d,GOOGL,2024-04-01 00:00:00+00:00,2024-04-02 00:00:00+00:00,-1.0,1.0,-0.005981113253552106
ht2.vwap_reversion,1w,GOOGL,2024-04-01 00:00:00+00:00,2024-04-08 00:00:00+00:00,-1.0,1.0,-0.004115981699355675
ht2.vwap_reversion,5w,GOOGL,2024-04-01 00:00:00+00:00,2024-05-06 00:00:00+00:00,-1.0,0.0,0.08109842279113733
ht2.vwap_reversion,1d,GOOGL,2024-05-06 00:00:00+00:00,2024-05-07 00:00:00+00:00,0.0,,0.01873875949619097
ht2.vwap_reversion,1w,GOOGL,2024-05-06 00:00:00+00:00,2024-05-13 00:00:00+00:00,0.0,,0.006186941798149048
ht2.vwap_reversion,5w,GOOGL,2024-05-06 00:00:00+00:00,2024-06-11 00:00:00+00:00,0.0,,0.05189008965662567
ht2.vwap_reversion,1d,GOOGL,2024-06-11 00:00:00+00:00,2024-06-12 00:00:00+00:00,0.0,,0.006624442242613604
ht2.vwap_reversion,1w,GOOGL,2024-06-11 00:00:00+00:00,2024-06-18 00:00:00+00:00,0.0,,-0.008662765647829973
ht2.vwap_reversion,5w,GOOGL,2024-06-11 00:00:00+00:00,2024-07-18 00:00:00+00:00,0.0,,0.006058120380787679
ht2.vwap_reversion,1d,GOOGL,2024-07-18 00:00:00+00:00,2024-07-19 00:00:00+00:00,1.0,0.0,-0.00016883023492497706
ht2.vwap_reversion,1w,GOOGL,2024-07-18 00:00:00+00:00,2024-07-25 00:00:00+00:00,1.0,0.0,-0.058585129941734926
ht2.vwap_reversion,5w,GOOGL,2024-07-18 00:00:00+00:00,2024-08-22 00:00:00+00:00,1.0,0.0,-0.0781698698691855
ht2.vwap_reversion,1d,GOOGL,2024-08-22 00:00:00+00:00,2024-08-23 00:00:00+00:00,0.0,,0.011111030797293031
ht2.vwap_reversion,1w,GOOGL,2024-08-22 00:00:00+00:00,2024-08-29 00:00:00+00:00,0.0,,-0.012332134602663025
ht2.vwap_reversion,5w,GOOGL,2024-08-22 00:00:00+00:00,2024-09-27 00:00:00+00:00,0.0,,0.0022439472142958827
ht2.vwap_reversion,1d,GOOGL,2024-09-27 00:00:00+00:00,2024-09-30 00:00:00+00:00,0.0,,0.011588844010725907
ht2.vwap_reversion,1w,GOOGL,2024-09-27 00:00:00+00:00,2024-10-04 00:00:00+00:00,0.0,,0.01896931043619765
ht2.vwap_reversion,5w,GOOGL,2024-09-27 00:00:00+00:00,2024-11-01 00:00:00+00:00,0.0,,0.04476965944371036
ht2.vwap_reversion,1d,GOOGL,2024-11-01 00:00:00+00:00,2024-11-04 00:00:00+00:00,0.0,,-0.01196794455211847
ht2.vwap_reversion,1w,GOOGL,2024-11-01 00:00:00+00:00,2024-11-08 00:00:00+00:00,0.0,,0.0412167343057499
ht2.vwap_reversion,5w,GOOGL,2024-11-01 00:00:00+00:00,2024-12-09 00:00:00+00:00,0.0,,0.024992767523414505
ht2.vwap_reversion,1d,GOOGL,2024-12-09 00:00:00+00:00,2024-12-10 00:00:00+00:00,0.0,,0.055881794717724365
ht2.vwap_reversion,1w,GOOGL,2024-12-09 00:00:00+00:00,2024-12-16 00:00:00+00:00,0.0,,0.12140058932961773
ht2.vwap_reversion,5w,GOOGL,2024-12-09 00:00:00+00:00,2025-01-16 00:00:00+00:00,0.0,,0.10001705539855821
ht2.vwap_reversion,1d,GOOGL,2025-01-16 00:00:00+00:00,2025-01-17 00:00:00+00:00,0.0,,0.016017752605619107
ht2.vwap_reversion,1w,GOOGL,2025-01-16 00:00:00+00:00,2025-01-24 00:00:00+00:00,0.0,,0.03784156583464671
ht2.vwap_reversion,5w,GOOGL,2025-01-16 00:00:00+00:00,2025-02-24 00:00:00+00:00,0.0,,-0.07081021348893324
ht2.vwap_reversion,1d,GOOGL,2025-02-24 00:00:00+00:00,2025-02-25 00:00:00+00:00,0.0,,-0.02136683607318257
ht2.vwap_reversion,1w,GOOGL,2025-02-24 00:00:00+00:00,2025-03-03 00:00:00+00:00,0.0,,-0.06828447151054295
ht2.vwap_reversion,5w,GOOGL,2025-02-24 00:00:00+00:00,2025-03-31 00:00:00+00:00,0.0,,-0.13630059433756891
ht2.vwap_reversion,1d,GOOGL,2025-03-31 00:00:00+00:00,2025-04-01 00:00:00+00:00,0.0,,0.015713968676684953
ht2.vwap_reversion,1w,GOOGL,2025-03-31 00:00:00+00:00,2025-04-07 00:00:00+00:00,0.0,,-0.05102185181662544
ht2.vwap_reversion,5w,GOOGL,2025-03-31 00:00:00+00:00,2025-05-06 00:00:00+00:00,0.0,,0.055548257085790365
ht2.vwap_reversion,1d,GOOGL,2025-05-06 00:00:00+00:00,2025-05-07 00:00:00+00:00,0.0,,-0.07259684593170734
ht2.vwap_reversion,1w,GOOGL,2025-05-06 00:00:00+00:00,2025-05-13 00:00:00+00:00,0.0,,-0.02266749001066537
ht2.vwap_reversion,5w,GOOGL,2025-05-06 00:00:00+00:00,2025-06-11 00:00:00+00:00,0.0,,0.08781894841926308
ht2.vwap_reversion,1d,GOOGL,2025-06-11 00:00:00+00:00,2025-06-12 00:00:00+00:00,0.0,,-0.009303568861647182
ht2.vwap_reversion,1w,GOOGL,2025-06-11 00:00:00+00:00,2025-06-18 00:00:00+00:00,0.0,,-0.022723276247814228
ht2.vwap_reversion,5w,GOOGL,2025-06-11 00:00:00+00:00,2025-07-18 00:00:00+00:00,0.0,,0.043473429012163
ht2.vwap_reversion,1d,GOOGL,2025-07-18 00:00:00+00:00,2025-07-21 00:00:00+00:00,0.0,,0.02723442299029122
ht2.vwap_reversion,1w,GOOGL,2025-07-18 00:00:00+00:00,2025-07-25 00:00:00+00:00,0.0,,0.043877617171143246
ht2.vwap_reversion,5w,GOOGL,2025-07-18 00:00:00+00:00,2025-08-22 00:00:00+00:00,0.0,,0.11363869394634785
ht2.vwap_reversion,1d,GOOGL,2025-08-22 00:00:00+00:00,2025-08-25 00:00:00+00:00,0.0,,0.011645549281208867
ht2.vwap_reversion,1w,GOOGL,2025-08-22 00:00:00+00:00,2025-08-29 00:00:00+00:00,0.0,,0.033092483961113084
ht2.vwap_reversion,5w,GOOGL,2025-08-22 00:00:00+00:00,2025-09-29 00:00:00+00:00,0.0,,0.18525059452511194
ht2.vwap_reversion,1d,GOOGL,2025-09-29 00:00:00+00:00,2025-09-30 00:00:00+00:00,0.0,,-0.0038925435951915333
ht2.vwap_reversion,1w,GOOGL,2025-09-29 00:00:00+00:00,2025-10-06 00:00:00+00:00,0.0,,0.026142173939490476
ht2.vwap_reversion,5w,GOOGL,2025-09-29 00:00:00+00:00,2025-11-03 00:00:00+00:00,0.0,,0.1625487139589996
ht2.vwap_reversion,1d,GOOGL,2025-11-03 00:00:00+00:00,2025-11-04 00:00:00+00:00,0.0,,-0.02178195370901037
ht2.vwap_reversion,1w,GOOGL,2025-11-03 00:00:00+00:00,2025-11-10 00:00:00+00:00,0.0,,0.022486895370534832
ht2.vwap_reversion,5w,GOOGL,2025-11-03 00:00:00+00:00,2025-12-09 00:00:00+00:00,0.0,,0.11831164909359893
ht2.vwap_reversion,1d,GOOGL,2025-12-09 00:00:00+00:00,2025-12-10 00:00:00+00:00,0.0,,0.00987137368128388
ht2.vwap_reversion,1w,GOOGL,2025-12-09 00:00:00+00:00,2025-12-16 00:00:00+00:00,0.0,,-0.03314611668402945
ht2.vwap_reversion,5w,GOOGL,2025-12-09 00:00:00+00:00,2026-01-15 00:00:00+00:00,0.0,,0.04951433855310561
ht2.vwap_reversion,1d,GOOGL,2026-01-15 00:00:00+00:00,2026-01-16 00:00:00+00:00,0.0,,-0.008353810925792238
ht2.vwap_reversion,1w,GOOGL,2026-01-15 00:00:00+00:00,2026-01-23 00:00:00+00:00,0.0,,-0.01457417519477544
ht2.vwap_reversion,5w,GOOGL,2026-01-15 00:00:00+00:00,2026-02-23 00:00:00+00:00,0.0,,-0.06397621970037903
ht2.vwap_reversion,1d,GOOGL,2026-02-23 00:00:00+00:00,2026-02-24 00:00:00+00:00,0.0,,-0.0018940250460213193
ht2.vwap_reversion,1w,GOOGL,2026-02-23 00:00:00+00:00,2026-03-02 00:00:00+00:00,0.0,,-0.015955544808108346
ht2.vwap_reversion,5w,GOOGL,2026-02-23 00:00:00+00:00,2026-03-30 00:00:00+00:00,0.0,,-0.12134405440257567
ht2.vwap_reversion,1d,GOOGL,2026-03-30 00:00:00+00:00,2026-03-31 00:00:00+00:00,0.0,,0.05140767278298308
ht2.vwap_reversion,1w,GOOGL,2026-03-30 00:00:00+00:00,2026-04-07 00:00:00+00:00,0.0,,0.11685556440554312
ht2.vwap_reversion,5w,GOOGL,2026-03-30 00:00:00+00:00,2026-05-05 00:00:00+00:00,0.0,,0.4202193710226694
ht2.vwap_reversion,1d,GOOGL,2026-05-05 00:00:00+00:00,2026-05-06 00:00:00+00:00,0.0,,0.024740662220501752
ht2.vwap_reversion,1w,GOOGL,2026-05-05 00:00:00+00:00,2026-05-12 00:00:00+00:00,0.0,,-0.0027803990982727678
ht2.vwap_reversion,5w,GOOGL,2026-05-05 00:00:00+00:00,2026-06-10 00:00:00+00:00,0.0,,-0.08196359947536558
ht2.vwap_reversion,1d,GOOGL,2026-06-10 00:00:00+00:00,2026-06-11 00:00:00+00:00,0.0,,0.003900286525099661
ht2.vwap_reversion,1w,GOOGL,2026-06-10 00:00:00+00:00,2026-06-17 00:00:00+00:00,0.0,,0.020792422584274828
ht2.vwap_reversion,5w,GOOGL,2026-06-10 00:00:00+00:00,2026-07-17 00:00:00+00:00,0.0,,-0.026965642677682422
ht2.vwap_reversion,1d,GOOGL,2026-07-17 00:00:00+00:00,2026-07-20 00:00:00+00:00,0.0,,0.01505320929169951
ht2.vwap_reversion,1w,GOOGL,2026-07-17 00:00:00+00:00,2026-07-24 00:00:00+00:00,0.0,,-0.0779479183195152
ht2.vwap_reversion,5w,GOOGL,2026-07-17 00:00:00+00:00,2026-08-21 00:00:00+00:00,0.0,,-0.005623271191949164
ht2.vwap_reversion,1d,HIMX,2017-11-16 00:00:00+00:00,2017-11-17 00:00:00+00:00,-1.0,1.0,-0.023688694659352638
ht2.vwap_reversion,1w,HIMX,2017-11-16 00:00:00+00:00,2017-11-24 00:00:00+00:00,-1.0,0.0,0.10490670254963064
ht2.vwap_reversion,5w,HIMX,2017-11-16 00:00:00+00:00,2017-12-22 00:00:00+00:00,-1.0,1.0,-0.15397645840334617
ht2.vwap_reversion,1d,HIMX,2017-12-22 00:00:00+00:00,2017-12-26 00:00:00+00:00,0.0,,-0.012000046795603847
ht2.vwap_reversion,1w,HIMX,2017-12-22 00:00:00+00:00,2018-01-02 00:00:00+00:00,0.0,,0.041999928461893044
ht2.vwap_reversion,5w,HIMX,2017-12-22 00:00:00+00:00,2018-01-31 00:00:00+00:00,0.0,,-0.1470000521744088
ht2.vwap_reversion,1d,HIMX,2018-01-31 00:00:00+00:00,2018-02-01 00:00:00+00:00,0.0,,-0.018757243731137963
ht2.vwap_reversion,1w,HIMX,2018-01-31 00:00:00+00:00,2018-02-07 00:00:00+00:00,0.0,,-0.056271810015297796
ht2.vwap_reversion,5w,HIMX,2018-01-31 00:00:00+00:00,2018-03-08 00:00:00+00:00,0.0,,-0.09495893064557015
ht2.vwap_reversion,1d,HIMX,2018-03-08 00:00:00+00:00,2018-03-09 00:00:00+00:00,1.0,1.0,0.0038861344575871204
ht2.vwap_reversion,1w,HIMX,2018-03-08 00:00:00+00:00,2018-03-15 00:00:00+00:00,1.0,0.0,-0.05958542092982266
ht2.vwap_reversion,5w,HIMX,2018-03-08 00:00:00+00:00,2018-04-13 00:00:00+00:00,1.0,0.0,-0.07253888311758894
ht2.vwap_reversion,1d,HIMX,2018-04-13 00:00:00+00:00,2018-04-16 00:00:00+00:00,0.0,,0.01117322842409374
ht2.vwap_reversion,1w,HIMX,2018-04-13 00:00:00+00:00,2018-04-20 00:00:00+00:00,0.0,,0.019553102790302423
ht2.vwap_reversion,5w,HIMX,2018-04-13 00:00:00+00:00,2018-05-18 00:00:00+00:00,0.0,,0.018156566616944536
ht2.vwap_reversion,1d,HIMX,2018-05-18 00:00:00+00:00,2018-05-21 00:00:00+00:00,0.0,,0.04115218936343257
ht2.vwap_reversion,1w,HIMX,2018-05-18 00:00:00+00:00,2018-05-25 00:00:00+00:00,0.0,,0.0027433563186842758
ht2.vwap_reversion,5w,HIMX,2018-05-18 00:00:00+00:00,2018-06-25 00:00:00+00:00,0.0,,0.05212607578396167
ht2.vwap_reversion,1d,HIMX,2018-06-25 00:00:00+00:00,2018-06-26 00:00:00+00:00,0.0,,-0.0065188208214459475
ht2.vwap_reversion,1w,HIMX,2018-06-25 00:00:00+00:00,2018-07-02 00:00:00+00:00,0.0,,-0.03650592255888063
ht2.vwap_reversion,5w,HIMX,2018-06-25 00:00:00+00:00,2018-07-31 00:00:00+00:00,0.0,,-0.12702307854545747
ht2.vwap_reversion,1d,HIMX,2018-07-31 00:00:00+00:00,2018-08-01 00:00:00+00:00,0.0,,0.006051497525980221
ht2.vwap_reversion,1w,HIMX,2018-07-31 00:00:00+00:00,2018-08-07 00:00:00+00:00,0.0,,-0.0045385478333901386
ht2.vwap_reversion,5w,HIMX,2018-07-31 00:00:00+00:00,2018-09-05 00:00:00+00:00,0.0,,-0.033282884941114754
ht2.vwap_reversion,1d,HIMX,2018-09-05 00:00:00+00:00,2018-09-06 00:00:00+00:00,0.0,,-0.031298904213233336
ht2.vwap_reversion,1w,HIMX,2018-09-05 00:00:00+00:00,2018-09-12 00:00:00+00:00,0.0,,-0.042253551849450344
ht2.vwap_reversion,5w,HIMX,2018-09-05 00:00:00+00:00,2018-10-10 00:00:00+00:00,0.0,,-0.09546175133511814
ht2.vwap_reversion,1d,HIMX,2018-10-10 00:00:00+00:00,2018-10-11 00:00:00+00:00,0.0,,-0.008650462408728354
ht2.vwap_reversion,1w,HIMX,2018-10-10 00:00:00+00:00,2018-10-17 00:00:00+00:00,0.0,,0.06401399599573043
ht2.vwap_reversion,5w,HIMX,2018-10-10 00:00:00+00:00,2018-11-14 00:00:00+00:00,0.0,,-0.2923875241797822
ht2.vwap_reversion,1d,HIMX,2018-11-14 00:00:00+00:00,2018-11-15 00:00:00+00:00,0.0,,0.03667481900661218
ht2.vwap_reversion,1w,HIMX,2018-11-14 00:00:00+00:00,2018-11-21 00:00:00+00:00,0.0,,0.0073349962581352735
ht2.vwap_reversion,5w,HIMX,2018-11-14 00:00:00+00:00,2018-12-21 00:00:00+00:00,0.0,,-0.21760386119227337
ht2.vwap_reversion,1d,HIMX,2018-12-21 00:00:00+00:00,2018-12-24 00:00:00+00:00,0.0,,0.0
ht2.vwap_reversion,1w,HIMX,2018-12-21 00:00:00+00:00,2018-12-31 00:00:00+00:00,0.0,,0.0718749377742085
ht2.vwap_reversion,5w,HIMX,2018-12-21 00:00:00+00:00,2019-01-30 00:00:00+00:00,0.0,,0.22812504148386137
ht2.vwap_reversion,1d,HIMX,2019-01-30 00:00:00+00:00,2019-01-31 00:00:00+00:00,0.0,,-0.012722645880684502
ht2.vwap_reversion,1w,HIMX,2019-01-30 00:00:00+00:00,2019-02-06 00:00:00+00:00,0.0,,0.010178133593650607
ht2.vwap_reversion,5w,HIMX,2019-01-30 00:00:00+00:00,2019-03-07 00:00:00+00:00,0.0,,-0.08905860561030687
ht2.vwap_reversion,1d,HIMX,2019-03-07 00:00:00+00:00,2019-03-08 00:00:00+00:00,1.0,0.0,-0.002793277704476793
ht2.vwap_reversion,1w,HIMX,2019-03-07 00:00:00+00:00,2019-03-14 00:00:00+00:00,1.0,1.0,0.01955312933407871
ht2.vwap_reversion,5w,HIMX,2019-03-07 00:00:00+00:00,2019-04-11 00:00:00+00:00,1.0,0.0,-0.09217862775458652
ht2.vwap_reversion,1d,HIMX,2019-04-11 00:00:00+00:00,2019-04-12 00:00:00+00:00,0.0,,0.0030766981116854275
ht2.vwap_reversion,1w,HIMX,2019-04-11 00:00:00+00:00,2019-04-18 00:00:00+00:00,0.0,,-0.01538471592773838
ht2.vwap_reversion,5w,HIMX,2019-04-11 00:00:00+00:00,2019-05-17 00:00:00+00:00,0.0,,0.02461521871923167
ht2.vwap_reversion,1d,HIMX,2019-05-17 00:00:00+00:00,2019-05-20 00:00:00+00:00,0.0,,-0.0600599639905115
ht2.vwap_reversion,1w,HIMX,2019-05-17 00:00:00+00:00,2019-05-24 00:00:00+00:00,0.0,,-0.13213215996536587
ht2.vwap_reversion,5w,HIMX,2019-05-17 00:00:00+00:00,2019-06-24 00:00:00+00:00,0.0,,-0.006005866839837504
ht2.vwap_reversion,1d,HIMX,2019-06-24 00:00:00+00:00,2019-06-25 00:00:00+00:00,0.0,,0.006042155219511569
ht2.vwap_reversion,1w,HIMX,2019-06-24 00:00:00+00:00,2019-07-01 00:00:00+00:00,0.0,,0.04833824438709633
ht2.vwap_reversion,5w,HIMX,2019-06-24 00:00:00+00:00,2019-07-30 00:00:00+00:00,0.0,,-0.03625393394807319
ht2.vwap_reversion,1d,HIMX,2019-07-30 00:00:00+00:00,2019-07-31 00:00:00+00:00,0.0,,-0.018808654153156468
ht2.vwap_reversion,1w,HIMX,2019-07-30 00:00:00+00:00,2019-08-06 00:00:00+00:00,0.0,,-0.07210036109428353
ht2.vwap_reversion,5w,HIMX,2019-07-30 00:00:00+00:00,2019-09-04 00:00:00+00:00,0.0,,-0.31661432157209857
ht2.vwap_reversion,1d,HIMX,2019-09-04 00:00:00+00:00,2019-09-05 00:00:00+00:00,0.0,,-0.050458758194013575
ht2.vwap_reversion,1w,HIMX,2019-09-04 00:00:00+00:00,2019-09-11 00:00:00+00:00,0.0,,0.1376146705192105
ht2.vwap_reversion,5w,HIMX,2019-09-04 00:00:00+00:00,2019-10-09 00:00:00+00:00,0.0,,0.0045871252371050275
ht2.vwap_reversion,1d,HIMX,2019-10-09 00:00:00+00:00,2019-10-10 00:00:00+00:00,0.0,,0.04566217484230828
ht2.vwap_reversion,1w,HIMX,2019-10-09 00:00:00+00:00,2019-10-16 00:00:00+00:00,0.0,,0.09132427391500952
ht2.vwap_reversion,5w,HIMX,2019-10-09 00:00:00+00:00,2019-11-13 00:00:00+00:00,0.0,,0.28767113323448945
ht2.vwap_reversion,1d,HIMX,2019-11-13 00:00:00+00:00,2019-11-14 00:00:00+00:00,0.0,,-0.014184421367778866
ht2.vwap_reversion,1w,HIMX,2019-11-13 00:00:00+00:00,2019-11-20 00:00:00+00:00,0.0,,-0.2234041952248249
ht2.vwap_reversion,5w,HIMX,2019-11-13 00:00:00+00:00,2019-12-19 00:00:00+00:00,0.0,,-0.09574463828425095
ht2.vwap_reversion,1d,HIMX,2019-12-19 00:00:00+00:00,2019-12-20 00:00:00+00:00,0.0,,0.011764692867808346
ht2.vwap_reversion,1w,HIMX,2019-12-19 00:00:00+00:00,2019-12-27 00:00:00+00:00,0.0,,-0.019607843137254943
ht2.vwap_reversion,5w,HIMX,2019-12-19 00:00:00+00:00,2020-01-28 00:00:00+00:00,0.0,,0.46666682284120253
ht2.vwap_reversion,1d,HIMX,2020-01-28 00:00:00+00:00,2020-01-29 00:00:00+00:00,0.0,,0.0
ht2.vwap_reversion,1w,HIMX,2020-01-28 00:00:00+00:00,2020-02-04 00:00:00+00:00,0.0,,0.15508014414908144
ht2.vwap_reversion,5w,HIMX,2020-01-28 00:00:00+00:00,2020-03-04 00:00:00+00:00,0.0,,0.12299453282699657
ht2.vwap_reversion,1d,HIMX,2020-03-04 00:00:00+00:00,2020-03-05 00:00:00+00:00,0.0,,-0.023809523809523836
ht2.vwap_reversion,1w,HIMX,2020-03-04 00:00:00+00:00,2020-03-11 00:00:00+00:00,0.0,,-0.18571423830415867
ht2.vwap_reversion,5w,HIMX,2020-03-04 00:00:00+00:00,2020-04-08 00:00:00+00:00,0.0,,-0.2761904603871005
ht2.vwap_reversion,1d,HIMX,2020-04-08 00:00:00+00:00,2020-04-09 00:00:00+00:00,0.0,,0.0230262716195051
ht2.vwap_reversion,1w,HIMX,2020-04-08 00:00:00+00:00,2020-04-16 00:00:00+00:00,0.0,,0.08881585303534667
ht2.vwap_reversion,5w,HIMX,2020-04-08 00:00:00+00:00,2020-05-14 00:00:00+00:00,0.0,,0.003289451778778707
ht2.vwap_reversion,1d,HIMX,2020-05-14 00:00:00+00:00,2020-05-15 00:00:00+00:00,0.0,,0.013114667050258655
ht2.vwap_reversion,1w,HIMX,2020-05-14 00:00:00+00:00,2020-05-21 00:00:00+00:00,0.0,,0.022950776148080054
ht2.vwap_reversion,5w,HIMX,2020-05-14 00:00:00+00:00,2020-06-19 00:00:00+00:00,0.0,,0.13114754098360648
ht2.vwap_reversion,1d,HIMX,2020-06-19 00:00:00+00:00,2020-06-22 00:00:00+00:00,0.0,,-0.01739138130339457
ht2.vwap_reversion,1w,HIMX,2020-06-19 00:00:00+00:00,2020-06-26 00:00:00+00:00,0.0,,-0.03188413492658315
ht2.vwap_reversion,5w,HIMX,2020-06-19 00:00:00+00:00,2020-07-27 00:00:00+00:00,0.0,,0.11304349749976161
ht2.vwap_reversion,1d,HIMX,2020-07-27 00:00:00+00:00,2020-07-28 00:00:00+00:00,0.0,,-0.028645815553250076
ht2.vwap_reversion,1w,HIMX,2020-07-27 00:00:00+00:00,2020-08-03 00:00:00+00:00,0.0,,0.05989586686792103
ht2.vwap_reversion,5w,HIMX,2020-07-27 00:00:00+00:00,2020-08-31 00:00:00+00:00,0.0,,-0.020833367543114045
ht2.vwap_reversion,1d,HIMX,2020-08-31 00:00:00+00:00,2020-09-01 00:00:00+00:00,0.0,,0.0132978725751689
ht2.vwap_reversion,1w,HIMX,2020-08-31 00:00:00+00:00,2020-09-08 00:00:00+00:00,0.0,,-0.098404310014372
ht2.vwap_reversion,5w,HIMX,2020-08-31 00:00:00+00:00,2020-10-06 00:00:00+00:00,0.0,,-0.007978670586979986
ht2.vwap_reversion,1d,HIMX,2020-10-06 00:00:00+00:00,2020-10-07 00:00:00+00:00,0.0,,0.005361894514708476
ht2.vwap_reversion,1w,HIMX,2020-10-06 00:00:00+00:00,2020-10-13 00:00:00+00:00,0.0,,0.0
ht2.vwap_reversion,5w,HIMX,2020-10-06 00:00:00+00:00,2020-11-10 00:00:00+00:00,0.0,,0.03485240331902917
ht2.vwap_reversion,1d,HIMX,2020-11-10 00:00:00+00:00,2020-11-11 00:00:00+00:00,0.0,,0.06217627539027504
ht2.vwap_reversion,1w,HIMX,2020-11-10 00:00:00+00:00,2020-11-17 00:00:00+00:00,0.0,,0.23575147441825428
ht2.vwap_reversion,5w,HIMX,2020-11-10 00:00:00+00:00,2020-12-16 00:00:00+00:00,0.0,,0.8341971148208056
ht2.vwap_reversion,1d,HIMX,2020-12-16 00:00:00+00:00,2020-12-17 00:00:00+00:00,0.0,,-0.055084660355932624
ht2.vwap_reversion,1w,HIMX,2020-12-16 00:00:00+00:00,2020-12-23 00:00:00+00:00,0.0,,-0.03389826694962583
ht2.vwap_reversion,5w,HIMX,2020-12-16 00:00:00+00:00,2021-01-25 00:00:00+00:00,0.0,,0.24435043727738726
ht2.vwap_reversion,1d,HIMX,2021-01-25 00:00:00+00:00,2021-01-26 00:00:00+00:00,0.0,,0.10783195597516682
ht2.vwap_reversion,1w,HIMX,2021-01-25 00:00:00+00:00,2021-02-01 00:00:00+00:00,0.0,,0.2508510358739948
ht2.vwap_reversion,5w,HIMX,2021-01-25 00:00:00+00:00,2021-03-02 00:00:00+00:00,0.0,,0.5550507803824174
ht2.vwap_reversion,1d,HIMX,2021-03-02 00:00:00+00:00,2021-03-03 00:00:00+00:00,0.0,,-0.0605839300065365
ht2.vwap_reversion,1w,HIMX,2021-03-02 00:00:00+00:00,2021-03-09 00:00:00+00:00,0.0,,-0.1240875488044022
ht2.vwap_reversion,5w,HIMX,2021-03-02 00:00:00+00:00,2021-04-07 00:00:00+00:00,0.0,,0.0788321787455728
ht2.vwap_reversion,1d,HIMX,2021-04-07 00:00:00+00:00,2021-04-08 00:00:00+00:00,0.0,,0.04871451451465836
ht2.vwap_reversion,1w,HIMX,2021-04-07 00:00:00+00:00,2021-04-14 00:00:00+00:00,0.0,,-0.13464141058868417
ht2.vwap_reversion,5w,HIMX,2021-04-07 00:00:00+00:00,2021-05-12 00:00:00+00:00,0.0,,-0.2462786450829938
ht2.vwap_reversion,1d,HIMX,2021-05-12 00:00:00+00:00,2021-05-13 00:00:00+00:00,1.0,0.0,-0.031418456475288625
ht2.vwap_reversion,1w,HIMX,2021-05-12 00:00:00+00:00,2021-05-19 00:00:00+00:00,1.0,1.0,0.0026928607492606726
ht2.vwap_reversion,5w,HIMX,2021-05-12 00:00:00+00:00,2021-06-17 00:00:00+00:00,1.0,1.0,0.28545753906274673
ht2.vwap_reversion,1d,HIMX,2021-06-17 00:00:00+00:00,2021-06-18 00:00:00+00:00,0.0,,-0.02234622163581379
ht2.vwap_reversion,1w,HIMX,2021-06-17 00:00:00+00:00,2021-06-24 00:00:00+00:00,0.0,,0.014664893351244546
ht2.vwap_reversion,5w,HIMX,2021-06-17 00:00:00+00:00,2021-07-23 00:00:00+00:00,0.0,,-0.0612804265597956
ht2.vwap_reversion,1d,HIMX,2021-07-23 00:00:00+00:00,2021-07-26 00:00:00+00:00,0.0,,-0.0037878686881405166
ht2.vwap_reversion,1w,HIMX,2021-07-23 00:00:00+00:00,2021-07-30 00:00:00+00:00,0.0,,0.03560598541912019
ht2.vwap_reversion,5w,HIMX,2021-07-23 00:00:00+00:00,2021-08-27 00:00:00+00:00,0.0,,-0.056818129075104085
ht2.vwap_reversion,1d,HIMX,2021-08-27 00:00:00+00:00,2021-08-30 00:00:00+00:00,0.0,,-0.05140562913369906
ht2.vwap_reversion,1w,HIMX,2021-08-27 00:00:00+00:00,2021-09-03 00:00:00+00:00,0.0,,0.004819222108364718
ht2.vwap_reversion,5w,HIMX,2021-08-27 00:00:00+00:00,2021-10-04 00:00:00+00:00,0.0,,-0.17911648083289156
ht2.vwap_reversion,1d,HIMX,2021-10-04 00:00:00+00:00,2021-10-05 00:00:00+00:00,0.0,,0.03718199758373264
ht2.vwap_reversion,1w,HIMX,2021-10-04 00:00:00+00:00,2021-10-11 00:00:00+00:00,0.0,,0.01174167673444737
ht2.vwap_reversion,5w,HIMX,2021-10-04 00:00:00+00:00,2021-11-08 00:00:00+00:00,0.0,,0.07142848032293081
ht2.vwap_reversion,1d,HIMX,2021-11-08 00:00:00+00:00,2021-11-09 00:00:00+00:00,0.0,,-0.07488585100006484
ht2.vwap_reversion,1w,HIMX,2021-11-08 00:00:00+00:00,2021-11-15 00:00:00+00:00,0.0,,-0.06757983882536212
ht2.vwap_reversion,5w,HIMX,2021-11-08 00:00:00+00:00,2021-12-14 00:00:00+00:00,0.0,,0.04200933191511402
ht2.vwap_reversion,1d,HIMX,2021-12-14 00:00:00+00:00,2021-12-15 00:00:00+00:00,0.0,,0.011393345345850348
ht2.vwap_reversion,1w,HIMX,2021-12-14 00:00:00+00:00,2021-12-21 00:00:00+00:00,0.0,,0.04469746233673777
ht2.vwap_reversion,5w,HIMX,2021-12-14 00:00:00+00:00,2022-01-20 00:00:00+00:00,0.0,,-0.003505732602833378
ht2.vwap_reversion,1d,HIMX,2022-01-20 00:00:00+00:00,2022-01-21 00:00:00+00:00,0.0,,-0.03430097154386069
ht2.vwap_reversion,1w,HIMX,2022-01-20 00:00:00+00:00,2022-01-27 00:00:00+00:00,0.0,,-0.0800351990035778
ht2.vwap_reversion,5w,HIMX,2022-01-20 00:00:00+00:00,2022-02-25 00:00:00+00:00,0.0,,0.021987625891296547
ht2.vwap_reversion,1d,HIMX,2022-02-25 00:00:00+00:00,2022-02-28 00:00:00+00:00,0.0,,-0.04388990543280935
ht2.vwap_reversion,1w,HIMX,2022-02-25 00:00:00+00:00,2022-03-04 00:00:00+00:00,0.0,,-0.04561109359222837
ht2.vwap_reversion,5w,HIMX,2022-02-25 00:00:00+00:00,2022-04-01 00:00:00+00:00,0.0,,-0.07745268190910426
ht2.vwap_reversion,1d,HIMX,2022-04-01 00:00:00+00:00,2022-04-04 00:00:00+00:00,0.0,,0.027985120680155795
ht2.vwap_reversion,1w,HIMX,2022-04-01 00:00:00+00:00,2022-04-08 00:00:00+00:00,0.0,,-0.11287302418612988
ht2.vwap_reversion,5w,HIMX,2022-04-01 00:00:00+00:00,2022-05-09 00:00:00+00:00,0.0,,-0.23600753085904835
ht2.vwap_reversion,1d,HIMX,2022-05-09 00:00:00+00:00,2022-05-10 00:00:00+00:00,0.0,,0.023199026308421855
ht2.vwap_reversion,1w,HIMX,2022-05-09 00:00:00+00:00,2022-05-16 00:00:00+00:00,0.0,,0.15873022188982056
ht2.vwap_reversion,5w,HIMX,2022-05-09 00:00:00+00:00,2022-06-14 00:00:00+00:00,0.0,,0.13553119558139848
ht2.vwap_reversion,1d,HIMX,2022-06-14 00:00:00+00:00,2022-06-15 00:00:00+00:00,0.0,,-0.005376399850807845
ht2.vwap_reversion,1w,HIMX,2022-06-14 00:00:00+00:00,2022-06-22 00:00:00+00:00,0.0,,-0.04193549833966903
ht2.vwap_reversion,5w,HIMX,2022-06-14 00:00:00+00:00,2022-07-21 00:00:00+00:00,0.0,,-0.07496109354914715
ht2.vwap_reversion,1d,HIMX,2022-07-21 00:00:00+00:00,2022-07-22 00:00:00+00:00,-1.0,1.0,-0.045945999593612785
ht2.vwap_reversion,1w,HIMX,2022-07-21 00:00:00+00:00,2022-07-28 00:00:00+00:00,-1.0,1.0,-0.029729831291724906
ht2.vwap_reversion,5w,HIMX,2022-07-21 00:00:00+00:00,2022-08-25 00:00:00+00:00,-1.0,1.0,-0.09189192342525332
ht2.vwap_reversion,1d,HIMX,2022-08-25 00:00:00+00:00,2022-08-26 00:00:00+00:00,0.0,,-0.04761907542850263
ht2.vwap_reversion,1w,HIMX,2022-08-25 00:00:00+00:00,2022-09-01 00:00:00+00:00,0.0,,-0.10416673792839526
ht2.vwap_reversion,5w,HIMX,2022-08-25 00:00:00+00:00,2022-09-30 00:00:00+00:00,0.0,,-0.27976192214281415
ht2.vwap_reversion,1d,HIMX,2022-09-30 00:00:00+00:00,2022-10-03 00:00:00+00:00,0.0,,0.03925617154244665
ht2.vwap_reversion,1w,HIMX,2022-09-30 00:00:00+00:00,2022-10-07 00:00:00+00:00,0.0,,0.10743805290667963
ht2.vwap_reversion,5w,HIMX,2022-09-30 00:00:00+00:00,2022-11-04 00:00:00+00:00,0.0,,0.23347100641120377
ht2.vwap_reversion,1d,HIMX,2022-11-04 00:00:00+00:00,2022-11-07 00:00:00+00:00,0.0,,0.02680087561052802
ht2.vwap_reversion,1w,HIMX,2022-11-04 00:00:00+00:00,2022-11-11 00:00:00+00:00,0.0,,0.1842546933531921
ht2.vwap_reversion,5w,HIMX,2022-11-04 00:00:00+00:00,2022-12-12 00:00:00+00:00,0.0,,0.21105528723575095
ht2.vwap_reversion,1d,HIMX,2022-12-12 00:00:00+00:00,2022-12-13 00:00:00+00:00,0.0,,0.004149501469718597
ht2.vwap_reversion,1w,HIMX,2022-12-12 00:00:00+00:00,2022-12-19 00:00:00+00:00,0.0,,-0.047026261694802174
ht2.vwap_reversion,5w,HIMX,2022-12-12 00:00:00+00:00,2023-01-19 00:00:00+00:00,0.0,,0.02904565731082487
ht2.vwap_reversion,1d,HIMX,2023-01-19 00:00:00+00:00,2023-01-20 00:00:00+00:00,0.0,,0.014785035770855437
ht2.vwap_reversion,1w,HIMX,2023-01-19 00:00:00+00:00,2023-01-26 00:00:00+00:00,0.0,,0.08333335845155232
ht2.vwap_reversion,5w,HIMX,2023-01-19 00:00:00+00:00,2023-02-24 00:00:00+00:00,0.0,,0.03225804750056138
ht2.vwap_reversion,1d,HIMX,2023-02-24 00:00:00+00:00,2023-02-27 00:00:00+00:00,0.0,,-0.022135371897242795
ht2.vwap_reversion,1w,HIMX,2023-02-24 00:00:00+00:00,2023-03-03 00:00:00+00:00,0.0,,0.010416710010312746
ht2.vwap_reversion,5w,HIMX,2023-02-24 00:00:00+00:00,2023-03-31 00:00:00+00:00,0.0,,0.05859382043342487
ht2.vwap_reversion,1d,HIMX,2023-03-31 00:00:00+00:00,2023-04-03 00:00:00+00:00,0.0,,-0.008610112734564801
ht2.vwap_reversion,1w,HIMX,2023-03-31 00:00:00+00:00,2023-04-10 00:00:00+00:00,0.0,,-0.0713406779520761
ht2.vwap_reversion,5w,HIMX,2023-03-31 00:00:00+00:00,2023-05-08 00:00:00+00:00,0.0,,-0.16113160732953968
ht2.vwap_reversion,1d,HIMX,2023-05-08 00:00:00+00:00,2023-05-09 00:00:00+00:00,0.0,,-0.0029325838641794943
ht2.vwap_reversion,1w,HIMX,2023-05-08 00:00:00+00:00,2023-05-15 00:00:00+00:00,0.0,,-0.058651019642985025
ht2.vwap_reversion,5w,HIMX,2023-05-08 00:00:00+00:00,2023-06-13 00:00:00+00:00,0.0,,0.07771256814492489
ht2.vwap_reversion,1d,HIMX,2023-06-13 00:00:00+00:00,2023-06-14 00:00:00+00:00,0.0,,0.01904760233924363
ht2.vwap_reversion,1w,HIMX,2023-06-13 00:00:00+00:00,2023-06-21 00:00:00+00:00,0.0,,-0.029931924739564297
ht2.vwap_reversion,5w,HIMX,2023-06-13 00:00:00+00:00,2023-07-20 00:00:00+00:00,0.0,,0.03498545276222842
ht2.vwap_reversion,1d,HIMX,2023-07-20 00:00:00+00:00,2023-07-21 00:00:00+00:00,0.0,,0.007042231722838688
ht2.vwap_reversion,1w,HIMX,2023-07-20 00:00:00+00:00,2023-07-27 00:00:00+00:00,0.0,,-0.02957753537366481
ht2.vwap_reversion,5w,HIMX,2023-07-20 00:00:00+00:00,2023-08-24 00:00:00+00:00,0.0,,-0.14929576945781875
ht2.vwap_reversion,1d,HIMX,2023-08-24 00:00:00+00:00,2023-08-25 00:00:00+00:00,0.0,,0.006622478690256006
ht2.vwap_reversion,1w,HIMX,2023-08-24 00:00:00+00:00,2023-08-31 00:00:00+00:00,0.0,,0.011589489315521284
ht2.vwap_reversion,5w,HIMX,2023-08-24 00:00:00+00:00,2023-09-29 00:00:00+00:00,0.0,,-0.03311265334997704
ht2.vwap_reversion,1d,HIMX,2023-09-29 00:00:00+00:00,2023-10-02 00:00:00+00:00,0.0,,-0.003424593402893361
ht2.vwap_reversion,1w,HIMX,2023-09-29 00:00:00+00:00,2023-10-06 00:00:00+00:00,0.0,,-0.037671244230109924
ht2.vwap_reversion,5w,HIMX,2023-09-29 00:00:00+00:00,2023-11-03 00:00:00+00:00,0.0,,-0.027397284821859214
ht2.vwap_reversion,1d,HIMX,2023-11-03 00:00:00+00:00,2023-11-06 00:00:00+00:00,0.0,,-0.029929524428770726
ht2.vwap_reversion,1w,HIMX,2023-11-03 00:00:00+00:00,2023-11-10 00:00:00+00:00,0.0,,0.010563366982138334
ht2.vwap_reversion,5w,HIMX,2023-11-03 00:00:00+00:00,2023-12-11 00:00:00+00:00,0.0,,-0.04049289141090895
ht2.vwap_reversion,1d,HIMX,2023-12-11 00:00:00+00:00,2023-12-12 00:00:00+00:00,0.0,,-0.0018348759502498924
ht2.vwap_reversion,1w,HIMX,2023-12-11 00:00:00+00:00,2023-12-18 00:00:00+00:00,0.0,,0.12293572855165302
ht2.vwap_reversion,5w,HIMX,2023-12-11 00:00:00+00:00,2024-01-18 00:00:00+00:00,0.0,,0.08073396574194147
ht2.vwap_reversion,1d,HIMX,2024-01-18 00:00:00+00:00,2024-01-19 00:00:00+00:00,0.0,,0.02716479737206634
ht2.vwap_reversion,1w,HIMX,2024-01-18 00:00:00+00:00,2024-01-25 00:00:00+00:00,0.0,,0.037351540862109456
ht2.vwap_reversion,5w,HIMX,2024-01-18 00:00:00+00:00,2024-02-23 00:00:00+00:00,0.0,,-0.09168086908873041
ht2.vwap_reversion,1d,HIMX,2024-02-23 00:00:00+00:00,2024-02-26 00:00:00+00:00,0.0,,0.0018691727724582385
ht2.vwap_reversion,1w,HIMX,2024-02-23 00:00:00+00:00,2024-03-01 00:00:00+00:00,0.0,,0.0747664218677273
ht2.vwap_reversion,5w,HIMX,2024-02-23 00:00:00+00:00,2024-04-01 00:00:00+00:00,0.0,,0.011214938828628895
ht2.vwap_reversion,1d,HIMX,2024-04-01 00:00:00+00:00,2024-04-02 00:00:00+00:00,0.0,,-0.011090558889112256
ht2.vwap_reversion,1w,HIMX,2024-04-01 00:00:00+00:00,2024-04-08 00:00:00+00:00,0.0,,-0.0018484426017514322
ht2.vwap_reversion,5w,HIMX,2024-04-01 00:00:00+00:00,2024-05-06 00:00:00+00:00,0.0,,-0.04436213883505269
ht2.vwap_reversion,1d,HIMX,2024-05-06 00:00:00+00:00,2024-05-07 00:00:00+00:00,0.0,,0.009671047937236832
ht2.vwap_reversion,1w,HIMX,2024-05-06 00:00:00+00:00,2024-05-13 00:00:00+00:00,0.0,,0.17408119073126715
ht2.vwap_reversion,5w,HIMX,2024-05-06 00:00:00+00:00,2024-06-11 00:00:00+00:00,0.0,,0.35009663153452086
ht2.vwap_reversion,1d,HIMX,2024-06-11 00:00:00+00:00,2024-06-12 00:00:00+00:00,-1.0,0.0,0.007163301442795644
ht2.vwap_reversion,1w,HIMX,2024-06-11 00:00:00+00:00,2024-06-18 00:00:00+00:00,-1.0,0.0,0.06160451235364772
ht2.vwap_reversion,5w,HIMX,2024-06-11 00:00:00+00:00,2024-07-18 00:00:00+00:00,-1.0,0.0,0.11330361680977674
ht2.vwap_reversion,1d,HIMX,2024-07-18 00:00:00+00:00,2024-07-19 00:00:00+00:00,1.0,0.0,-0.015999967678465343
ht2.vwap_reversion,1w,HIMX,2024-07-18 00:00:00+00:00,2024-07-25 00:00:00+00:00,1.0,0.0,-0.05066669898820131
ht2.vwap_reversion,5w,HIMX,2024-07-18 00:00:00+00:00,2024-08-22 00:00:00+00:00,1.0,0.0,-0.21733336565486794
ht2.vwap_reversion,1d,HIMX,2024-08-22 00:00:00+00:00,2024-08-23 00:00:00+00:00,0.0,,0.015332167275649233
ht2.vwap_reversion,1w,HIMX,2024-08-22 00:00:00+00:00,2024-08-29 00:00:00+00:00,0.0,,0.0034071482834776567
ht2.vwap_reversion,5w,HIMX,2024-08-22 00:00:00+00:00,2024-09-27 00:00:00+00:00,0.0,,-0.049403736145178456
ht2.vwap_reversion,1d,HIMX,2024-09-27 00:00:00+00:00,2024-09-30 00:00:00+00:00,0.0,,-0.014336979522091675
ht2.vwap_reversion,1w,HIMX,2024-09-27 00:00:00+00:00,2024-10-04 00:00:00+00:00,0.0,,0.01433688901599961
ht2.vwap_reversion,5w,HIMX,2024-09-27 00:00:00+00:00,2024-11-01 00:00:00+00:00,0.0,,0.0322580907920913
ht2.vwap_reversion,1d,HIMX,2024-11-01 00:00:00+00:00,2024-11-04 00:00:00+00:00,0.0,,-0.005208322830266621
ht2.vwap_reversion,1w,HIMX,2024-11-01 00:00:00+00:00,2024-11-08 00:00:00+00:00,0.0,,0.024305506541244304
ht2.vwap_reversion,5w,HIMX,2024-11-01 00:00:00+00:00,2024-12-09 00:00:00+00:00,0.0,,0.18923599253301004
ht2.vwap_reversion,1d,HIMX,2024-12-09 00:00:00+00:00,2024-12-10 00:00:00+00:00,0.0,,-0.005839404864937059
ht2.vwap_reversion,1w,HIMX,2024-12-09 00:00:00+00:00,2024-12-16 00:00:00+00:00,0.0,,0.18978102674113306
ht2.vwap_reversion,5w,HIMX,2024-12-09 00:00:00+00:00,2025-01-16 00:00:00+00:00,0.0,,0.2802920970522005
ht2.vwap_reversion,1d,HIMX,2025-01-16 00:00:00+00:00,2025-01-17 00:00:00+00:00,0.0,,0.009121988456199936
ht2.vwap_reversion,1w,HIMX,2025-01-16 00:00:00+00:00,2025-01-24 00:00:00+00:00,0.0,,0.46522233263263413
ht2.vwap_reversion,5w,HIMX,2025-01-16 00:00:00+00:00,2025-02-24 00:00:00+00:00,0.0,,0.14481173949838055
ht2.vwap_reversion,1d,HIMX,2025-02-24 00:00:00+00:00,2025-02-25 00:00:00+00:00,0.0,,-0.040836525028216664
ht2.vwap_reversion,1w,HIMX,2025-02-24 00:00:00+00:00,2025-03-03 00:00:00+00:00,0.0,,-0.07370513900182907
ht2.vwap_reversion,5w,HIMX,2025-02-24 00:00:00+00:00,2025-03-31 00:00:00+00:00,0.0,,-0.26792822743304634
ht2.vwap_reversion,1d,HIMX,2025-03-31 00:00:00+00:00,2025-04-01 00:00:00+00:00,0.0,,0.012244942270604353
ht2.vwap_reversion,1w,HIMX,2025-03-31 00:00:00+00:00,2025-04-07 00:00:00+00:00,0.0,,-0.16734694887178325
ht2.vwap_reversion,5w,HIMX,2025-03-31 00:00:00+00:00,2025-05-06 00:00:00+00:00,0.0,,0.021768732817159853
ht2.vwap_reversion,1d,HIMX,2025-05-06 00:00:00+00:00,2025-05-07 00:00:00+00:00,0.0,,-0.0053262881927746974
ht2.vwap_reversion,1w,HIMX,2025-05-06 00:00:00+00:00,2025-05-13 00:00:00+00:00,0.0,,0.11984010577663384
ht2.vwap_reversion,5w,HIMX,2025-05-06 00:00:00+00:00,2025-06-11 00:00:00+00:00,0.0,,0.2183753950165095
ht2.vwap_reversion,1d,HIMX,2025-06-11 00:00:00+00:00,2025-06-12 00:00:00+00:00,0.0,,-0.004371576254487919
ht2.vwap_reversion,1w,HIMX,2025-06-11 00:00:00+00:00,2025-06-18 00:00:00+00:00,0.0,,0.025136729044952677
ht2.vwap_reversion,5w,HIMX,2025-06-11 00:00:00+00:00,2025-07-18 00:00:00+00:00,0.0,,0.08174324357888163
ht2.vwap_reversion,1d,HIMX,2025-07-18 00:00:00+00:00,2025-07-21 00:00:00+00:00,0.0,,0.008412176762350176
ht2.vwap_reversion,1w,HIMX,2025-07-18 00:00:00+00:00,2025-07-25 00:00:00+00:00,0.0,,0.003154553530108961
ht2.vwap_reversion,5w,HIMX,2025-07-18 00:00:00+00:00,2025-08-22 00:00:00+00:00,0.0,,-0.17770770606822706
ht2.vwap_reversion,1d,HIMX,2025-08-22 00:00:00+00:00,2025-08-25 00:00:00+00:00,-1.0,1.0,-0.006393861733887896
ht2.vwap_reversion,1w,HIMX,2025-08-22 00:00:00+00:00,2025-08-29 00:00:00+00:00,-1.0,0.0,0.040920739916811
ht2.vwap_reversion,5w,HIMX,2025-08-22 00:00:00+00:00,2025-09-29 00:00:00+00:00,-1.0,0.0,0.10741680266953213
ht2.vwap_reversion,1d,HIMX,2025-09-29 00:00:00+00:00,2025-09-30 00:00:00+00:00,0.0,,0.019630508280841452
ht2.vwap_reversion,1w,HIMX,2025-09-29 00:00:00+00:00,2025-10-06 00:00:00+00:00,0.0,,0.0588915248425248
ht2.vwap_reversion,5w,HIMX,2025-09-29 00:00:00+00:00,2025-11-03 00:00:00+00:00,0.0,,0.07390305044707235
ht2.vwap_reversion,1d,HIMX,2025-11-03 00:00:00+00:00,2025-11-04 00:00:00+00:00,0.0,,-0.058064453518759884
ht2.vwap_reversion,1w,HIMX,2025-11-03 00:00:00+00:00,2025-11-10 00:00:00+00:00,0.0,,-0.14408601107033092
ht2.vwap_reversion,5w,HIMX,2025-11-03 00:00:00+00:00,2025-12-09 00:00:00+00:00,0.0,,0.0032257855815220893
ht2.vwap_reversion,1d,HIMX,2025-12-09 00:00:00+00:00,2025-12-10 00:00:00+00:00,0.0,,0.016077170752459624
ht2.vwap_reversion,1w,HIMX,2025-12-09 00:00:00+00:00,2025-12-16 00:00:00+00:00,0.0,,-0.11254019526721692
ht2.vwap_reversion,5w,HIMX,2025-12-09 00:00:00+00:00,2026-01-15 00:00:00+00:00,0.0,,-0.09753479429228507
ht2.vwap_reversion,1d,HIMX,2026-01-15 00:00:00+00:00,2026-01-16 00:00:00+00:00,0.0,,0.020190046338850465
ht2.vwap_reversion,1w,HIMX,2026-01-15 00:00:00+00:00,2026-01-23 00:00:00+00:00,0.0,,0.0
ht2.vwap_reversion,5w,HIMX,2026-01-15 00:00:00+00:00,2026-02-23 00:00:00+00:00,0.0,,-0.0961995342487384
ht2.vwap_reversion,1d,HIMX,2026-02-23 00:00:00+00:00,2026-02-24 00:00:00+00:00,0.0,,0.011826531117787198
ht2.vwap_reversion,1w,HIMX,2026-02-23 00:00:00+00:00,2026-03-02 00:00:00+00:00,0.0,,-0.03942181290069302
ht2.vwap_reversion,5w,HIMX,2026-02-23 00:00:00+00:00,2026-03-30 00:00:00+00:00,0.0,,-0.017082823847562323
ht2.vwap_reversion,1d,HIMX,2026-03-30 00:00:00+00:00,2026-03-31 00:00:00+00:00,1.0,1.0,0.052139025812010464
ht2.vwap_reversion,1w,HIMX,2026-03-30 00:00:00+00:00,2026-04-07 00:00:00+00:00,1.0,1.0,0.16711230380148878
ht2.vwap_reversion,5w,HIMX,2026-03-30 00:00:00+00:00,2026-05-05 00:00:00+00:00,1.0,1.0,0.6283423920341387
ht2.vwap_reversion,1d,HIMX,2026-05-05 00:00:00+00:00,2026-05-06 00:00:00+00:00,0.0,,0.01231519047452112
ht2.vwap_reversion,1w,HIMX,2026-05-05 00:00:00+00:00,2026-05-12 00:00:00+00:00,0.0,,0.5689655447160176
ht2.vwap_reversion,5w,HIMX,2026-05-05 00:00:00+00:00,2026-06-10 00:00:00+00:00,0.0,,0.3325122143997654
ht2.vwap_reversion,1d,HIMX,2026-06-10 00:00:00+00:00,2026-06-11 00:00:00+00:00,0.0,,0.08934078791124711
ht2.vwap_reversion,1w,HIMX,2026-06-10 00:00:00+00:00,2026-06-17 00:00:00+00:00,0.0,,0.044362304541109454
ht2.vwap_reversion,5w,HIMX,2026-06-10 00:00:00+00:00,2026-07-17 00:00:00+00:00,0.0,,-0.19745634443254478
ht2.vwap_reversion,1d,HIMX,2026-07-17 00:00:00+00:00,2026-07-20 00:00:00+00:00,0.0,,-0.008593797555658256
ht2.vwap_reversion,1w,HIMX,2026-07-17 00:00:00+00:00,2026-07-24 00:00:00+00:00,0.0,,-0.014062523632309976
ht2.vwap_reversion,5w,HIMX,2026-07-17 00:00:00+00:00,2026-08-21 00:00:00+00:00,0.0,,0.07734373096609515
ht2.vwap_reversion,1d,INTC,2017-11-16 00:00:00+00:00,2017-11-17 00:00:00+00:00,0.0,,-0.022343900773052927
ht2.vwap_reversion,1w,INTC,2017-11-16 00:00:00+00:00,2017-11-24 00:00:00+00:00,0.0,,-0.019715329526499015
ht2.vwap_reversion,5w,INTC,2017-11-16 00:00:00+00:00,2017-12-22 00:00:00+00:00,0.0,,0.02300116801056573
ht2.vwap_reversion,1d,INTC,2017-12-22 00:00:00+00:00,2017-12-26 00:00:00+00:00,0.0,,-0.013276262100189729
ht2.vwap_reversion,1w,INTC,2017-12-22 00:00:00+00:00,2018-01-02 00:00:00+00:00,0.0,,0.0032121542655279
ht2.vwap_reversion,5w,INTC,2017-12-22 00:00:00+00:00,2018-01-31 00:00:00+00:00,0.0,,0.03083500734391542
ht2.vwap_reversion,1d,INTC,2018-01-31 00:00:00+00:00,2018-02-01 00:00:00+00:00,0.0,,-0.01017848308772995
ht2.vwap_reversion,1w,INTC,2018-01-31 00:00:00+00:00,2018-02-07 00:00:00+00:00,0.0,,-0.054701889624926614
ht2.vwap_reversion,5w,INTC,2018-01-31 00:00:00+00:00,2018-03-08 00:00:00+00:00,0.0,,0.061159721441521375
ht2.vwap_reversion,1d,INTC,2018-03-08 00:00:00+00:00,2018-03-09 00:00:00+00:00,0.0,,0.02857744933617945
ht2.vwap_reversion,1w,INTC,2018-03-08 00:00:00+00:00,2018-03-15 00:00:00+00:00,0.0,,0.002759284208586399
ht2.vwap_reversion,5w,INTC,2018-03-08 00:00:00+00:00,2018-04-13 00:00:00+00:00,0.0,,0.022073384150892217
ht2.vwap_reversion,1d,INTC,2018-04-13 00:00:00+00:00,2018-04-16 00:00:00+00:00,0.0,,0.01041279017346608
ht2.vwap_reversion,1w,INTC,2018-04-13 00:00:00+00:00,2018-04-20 00:00:00+00:00,0.0,,-0.006363076835242842
ht2.vwap_reversion,5w,INTC,2018-04-13 00:00:00+00:00,2018-05-18 00:00:00+00:00,0.0,,0.037577687969813534
ht2.vwap_reversion,1d,INTC,2018-05-18 00:00:00+00:00,2018-05-21 00:00:00+00:00,0.0,,0.015327163604071936
ht2.vwap_reversion,1w,INTC,2018-05-18 00:00:00+00:00,2018-05-25 00:00:00+00:00,0.0,,0.036261453747874484
ht2.vwap_reversion,5w,INTC,2018-05-18 00:00:00+00:00,2018-06-25 00:00:00+00:00,0.0,,-0.05214943066041677
ht2.vwap_reversion,1d,INTC,2018-06-25 00:00:00+00:00,2018-06-26 00:00:00+00:00,0.0,,-0.020509109225665623
ht2.vwap_reversion,1w,INTC,2018-06-25 00:00:00+00:00,2018-07-02 00:00:00+00:00,0.0,,-0.010057390780927156
ht2.vwap_reversion,5w,INTC,2018-06-25 00:00:00+00:00,2018-07-31 00:00:00+00:00,0.0,,-0.05146940593422422
ht2.vwap_reversion,1d,INTC,2018-07-31 00:00:00+00:00,2018-08-01 00:00:00+00:00,0.0,,0.014761214819431157
ht2.vwap_reversion,1w,INTC,2018-07-31 00:00:00+00:00,2018-08-07 00:00:00+00:00,0.0,,0.03954805791411786
ht2.vwap_reversion,5w,INTC,2018-07-31 00:00:00+00:00,2018-09-05 00:00:00+00:00,0.0,,-0.001866469875347887
ht2.vwap_reversion,1d,INTC,2018-09-05 00:00:00+00:00,2018-09-06 00:00:00+00:00,0.0,,-0.009639837795963335
ht2.vwap_reversion,1w,INTC,2018-09-05 00:00:00+00:00,2018-09-12 00:00:00+00:00,0.0,,-0.05846630370410255
ht2.vwap_reversion,5w,INTC,2018-09-05 00:00:00+00:00,2018-10-10 00:00:00+00:00,0.0,,-0.06119039233456569
ht2.vwap_reversion,1d,INTC,2018-10-10 00:00:00+00:00,2018-10-11 00:00:00+00:00,1.0,0.0,-0.012723254577298171
ht2.vwap_reversion,1w,INTC,2018-10-10 00:00:00+00:00,2018-10-17 00:00:00+00:00,1.0,1.0,0.024330217600190274
ht2.vwap_reversion,5w,INTC,2018-10-10 00:00:00+00:00,2018-11-14 00:00:00+00:00,1.0,1.0,0.057731050796542505
ht2.vwap_reversion,1d,INTC,2018-11-14 00:00:00+00:00,2018-11-15 00:00:00+00:00,0.0,,0.021660664431438104
ht2.vwap_reversion,1w,INTC,2018-11-14 00:00:00+00:00,2018-11-21 00:00:00+00:00,0.0,,-0.0012740238445304586
ht2.vwap_reversion,5w,INTC,2018-11-14 00:00:00+00:00,2018-12-21 00:00:00+00:00,0.0,,-0.047781024151388074
ht2.vwap_reversion,1d,INTC,2018-12-21 00:00:00+00:00,2018-12-24 00:00:00+00:00,0.0,,-0.027876862494752186
ht2.vwap_reversion,1w,INTC,2018-12-21 00:00:00+00:00,2018-12-31 00:00:00+00:00,0.0,,0.04661007692313013
ht2.vwap_reversion,5w,INTC,2018-12-21 00:00:00+00:00,2019-01-30 00:00:00+00:00,0.0,,0.06021429186425009
ht2.vwap_reversion,1d,INTC,2019-01-30 00:00:00+00:00,2019-01-31 00:00:00+00:00,0.0,,-0.00883477572698621
ht2.vwap_reversion,1w,INTC,2019-01-30 00:00:00+00:00,2019-02-06 00:00:00+00:00,0.0,,0.056295635486902196
ht2.vwap_reversion,5w,INTC,2019-01-30 00:00:00+00:00,2019-03-07 00:00:00+00:00,0.0,,0.11344979829549495
ht2.vwap_reversion,1d,INTC,2019-03-07 00:00:00+00:00,2019-03-08 00:00:00+00:00,0.0,,-0.00228125114353539
ht2.vwap_reversion,1w,INTC,2019-03-07 00:00:00+00:00,2019-03-14 00:00:00+00:00,0.0,,0.015969511639086775
ht2.vwap_reversion,5w,INTC,2019-03-07 00:00:00+00:00,2019-04-11 00:00:00+00:00,0.0,,0.06083662957641334
ht2.vwap_reversion,1d,INTC,2019-04-11 00:00:00+00:00,2019-04-12 00:00:00+00:00,0.0,,0.011111049717215105
ht2.vwap_reversion,1w,INTC,2019-04-11 00:00:00+00:00,2019-04-18 00:00:00+00:00,0.0,,0.0482078990263366
ht2.vwap_reversion,5w,INTC,2019-04-11 00:00:00+00:00,2019-05-17 00:00:00+00:00,0.0,,-0.19059299925406425
ht2.vwap_reversion,1d,INTC,2019-05-17 00:00:00+00:00,2019-05-20 00:00:00+00:00,0.0,,-0.029627873510814307
ht2.vwap_reversion,1w,INTC,2019-05-17 00:00:00+00:00,2019-05-24 00:00:00+00:00,0.0,,-0.007128469857990205
ht2.vwap_reversion,5w,INTC,2019-05-17 00:00:00+00:00,2019-06-24 00:00:00+00:00,0.0,,0.06103796200815004
ht2.vwap_reversion,1d,INTC,2019-06-24 00:00:00+00:00,2019-06-25 00:00:00+00:00,0.0,,-0.016376128528877154
ht2.vwap_reversion,1w,INTC,2019-06-24 00:00:00+00:00,2019-07-01 00:00:00+00:00,0.0,,0.008818212307868611
ht2.vwap_reversion,5w,INTC,2019-06-24 00:00:00+00:00,2019-07-30 00:00:00+00:00,0.0,,0.08545050116346697
ht2.vwap_reversion,1d,INTC,2019-07-30 00:00:00+00:00,2019-07-31 00:00:00+00:00,0.0,,-0.022243611450027956
ht2.vwap_reversion,1w,INTC,2019-07-30 00:00:00+00:00,2019-08-06 00:00:00+00:00,0.0,,-0.08555013712053072
ht2.vwap_reversion,5w,INTC,2019-07-30 00:00:00+00:00,2019-09-04 00:00:00+00:00,0.0,,-0.04738298225278359
ht2.vwap_reversion,1d,INTC,2019-09-04 00:00:00+00:00,2019-09-05 00:00:00+00:00,-1.0,0.0,0.024120841538812332
ht2.vwap_reversion,1w,INTC,2019-09-04 00:00:00+00:00,2019-09-11 00:00:00+00:00,-1.0,0.0,0.07910868387450587
ht2.vwap_reversion,5w,INTC,2019-09-04 00:00:00+00:00,2019-10-09 00:00:00+00:00,-1.0,0.0,0.03188868015009638
ht2.vwap_reversion,1d,INTC,2019-10-09 00:00:00+00:00,2019-10-10 00:00:00+00:00,0.0,,0.01248029952305374
ht2.vwap_reversion,1w,INTC,2019-10-09 00:00:00+00:00,2019-10-16 00:00:00+00:00,0.0,,0.03902529241468744
ht2.vwap_reversion,5w,INTC,2019-10-09 00:00:00+00:00,2019-11-13 00:00:00+00:00,0.0,,0.15310233842163257
ht2.vwap_reversion,1d,INTC,2019-11-13 00:00:00+00:00,2019-11-14 00:00:00+00:00,0.0,,-0.001381796281379244
ht2.vwap_reversion,1w,INTC,2019-11-13 00:00:00+00:00,2019-11-20 00:00:00+00:00,0.0,,0.0001727899010017797
ht2.vwap_reversion,5w,INTC,2019-11-13 00:00:00+00:00,2019-12-19 00:00:00+00:00,0.0,,0.001209081084182273
ht2.vwap_reversion,1d,INTC,2019-12-19 00:00:00+00:00,2019-12-20 00:00:00+00:00,0.0,,0.017080990963995735
ht2.vwap_reversion,1w,INTC,2019-12-19 00:00:00+00:00,2019-12-27 00:00:00+00:00,0.0,,0.03657722387300644
ht2.vwap_reversion,5w,INTC,2019-12-19 00:00:00+00:00,2020-01-28 00:00:00+00:00,0.0,,0.16131831471177072
ht2.vwap_reversion,1d,INTC,2020-01-28 00:00:00+00:00,2020-01-29 00:00:00+00:00,0.0,,-0.014559668536613612
ht2.vwap_reversion,1w,INTC,2020-01-28 00:00:00+00:00,2020-02-04 00:00:00+00:00,0.0,,-0.02748471290379073
ht2.vwap_reversion,5w,INTC,2020-01-28 00:00:00+00:00,2020-03-04 00:00:00+00:00,0.0,,-0.12391937927199925
ht2.vwap_reversion,1d,INTC,2020-03-04 00:00:00+00:00,2020-03-05 00:00:00+00:00,0.0,,-0.029311808657554006
ht2.vwap_reversion,1w,INTC,2020-03-04 00:00:00+00:00,2020-03-11 00:00:00+00:00,0.0,,-0.1196321508710334
ht2.vwap_reversion,5w,INTC,2020-03-04 00:00:00+00:00,2020-04-08 00:00:00+00:00,0.0,,0.00511238917784862
ht2.vwap_reversion,1d,INTC,2020-04-08 00:00:00+00:00,2020-04-09 00:00:00+00:00,0.0,,-0.031197242548745452
ht2.vwap_reversion,1w,INTC,2020-04-08 00:00:00+00:00,2020-04-16 00:00:00+00:00,0.0,,0.030688246466176405
ht2.vwap_reversion,5w,INTC,2020-04-08 00:00:00+00:00,2020-05-14 00:00:00+00:00,0.0,,0.007353811378134623
ht2.vwap_reversion,1d,INTC,2020-05-14 00:00:00+00:00,2020-05-15 00:00:00+00:00,0.0,,-0.01354102074597352
ht2.vwap_reversion,1w,INTC,2020-05-14 00:00:00+00:00,2020-05-21 00:00:00+00:00,0.0,,0.04908585615575389
ht2.vwap_reversion,5w,INTC,2020-05-14 00:00:00+00:00,2020-06-19 00:00:00+00:00,0.0,,0.009140026033237048
ht2.vwap_reversion,1d,INTC,2020-06-19 00:00:00+00:00,2020-06-22 00:00:00+00:00,0.0,,0.007883287184262677
ht2.vwap_reversion,1w,INTC,2020-06-19 00:00:00+00:00,2020-06-26 00:00:00+00:00,0.0,,-0.03555851811742794
ht2.vwap_reversion,5w,INTC,2020-06-19 00:00:00+00:00,2020-07-27 00:00:00+00:00,0.0,,-0.1685676093097047
ht2.vwap_reversion,1d,INTC,2020-07-27 00:00:00+00:00,2020-07-28 00:00:00+00:00,0.0,,-0.006657120606928468
ht2.vwap_reversion,1w,INTC,2020-07-27 00:00:00+00:00,2020-08-03 00:00:00+00:00,0.0,,-0.02562009461977066
ht2.vwap_reversion,5w,INTC,2020-07-27 00:00:00+00:00,2020-08-31 00:00:00+00:00,0.0,,0.0348199823599038
ht2.vwap_reversion,1d,INTC,2020-08-31 00:00:00+00:00,2020-09-01 00:00:00+00:00,0.0,,-0.003140103106767489
ht2.vwap_reversion,1w,INTC,2020-08-31 00:00:00+00:00,2020-09-08 00:00:00+00:00,0.0,,-0.04003908840657011
ht2.vwap_reversion,5w,INTC,2020-08-31 00:00:00+00:00,2020-10-06 00:00:00+00:00,0.0,,0.008243469317986696
ht2.vwap_reversion,1d,INTC,2020-10-06 00:00:00+00:00,2020-10-07 00:00:00+00:00,0.0,,0.02530646610847831
ht2.vwap_reversion,1w,INTC,2020-10-06 00:00:00+00:00,2020-10-13 00:00:00+00:00,0.0,,0.0478879616270127
ht2.vwap_reversion,5w,INTC,2020-10-06 00:00:00+00:00,2020-11-10 00:00:00+00:00,0.0,,-0.10900304335544542
ht2.vwap_reversion,1d,INTC,2020-11-10 00:00:00+00:00,2020-11-11 00:00:00+00:00,0.0,,0.020026203985275215
ht2.vwap_reversion,1w,INTC,2020-11-10 00:00:00+00:00,2020-11-17 00:00:00+00:00,0.0,,0.0019803890778282707
ht2.vwap_reversion,5w,INTC,2020-11-10 00:00:00+00:00,2020-12-16 00:00:00+00:00,0.0,,0.12500001160783247
ht2.vwap_reversion,1d,INTC,2020-12-16 00:00:00+00:00,2020-12-17 00:00:00+00:00,0.0,,-0.00919414610309055
ht2.vwap_reversion,1w,INTC,2020-12-16 00:00:00+00:00,2020-12-23 00:00:00+00:00,0.0,,-0.08900642320691488
ht2.vwap_reversion,5w,INTC,2020-12-16 00:00:00+00:00,2021-01-25 00:00:00+00:00,0.0,,0.08450691785534326
ht2.vwap_reversion,1d,INTC,2021-01-25 00:00:00+00:00,2021-01-26 00:00:00+00:00,0.0,,-0.004148666683208568
ht2.vwap_reversion,1w,INTC,2021-01-25 00:00:00+00:00,2021-02-01 00:00:00+00:00,0.0,,0.02254682025367072
ht2.vwap_reversion,5w,INTC,2021-01-25 00:00:00+00:00,2021-03-02 00:00:00+00:00,0.0,,0.11132259405570122
ht2.vwap_reversion,1d,INTC,2021-03-02 00:00:00+00:00,2021-03-03 00:00:00+00:00,0.0,,-0.02188103959422627
ht2.vwap_reversion,1w,INTC,2021-03-02 00:00:00+00:00,2021-03-09 00:00:00+00:00,0.0,,0.023350660634312126
ht2.vwap_reversion,5w,INTC,2021-03-02 00:00:00+00:00,2021-04-07 00:00:00+00:00,0.0,,0.08180922417665637
ht2.vwap_reversion,1d,INTC,2021-04-07 00:00:00+00:00,2021-04-08 00:00:00+00:00,0.0,,0.01207549496715643
ht2.vwap_reversion,1w,INTC,2021-04-07 00:00:00+00:00,2021-04-14 00:00:00+00:00,0.0,,-0.031094340979604174
ht2.vwap_reversion,5w,INTC,2021-04-07 00:00:00+00:00,2021-05-12 00:00:00+00:00,0.0,,-0.18565654881253524
ht2.vwap_reversion,1d,INTC,2021-05-12 00:00:00+00:00,2021-05-13 00:00:00+00:00,1.0,1.0,0.007273266098095199
ht2.vwap_reversion,1w,INTC,2021-05-12 00:00:00+00:00,2021-05-19 00:00:00+00:00,1.0,1.0,0.032450602297427356
ht2.vwap_reversion,5w,INTC,2021-05-12 00:00:00+00:00,2021-06-17 00:00:00+00:00,1.0,1.0,0.06639300312361107
ht2.vwap_reversion,1d,INTC,2021-06-17 00:00:00+00:00,2021-06-18 00:00:00+00:00,0.0,,-0.026407868770234932
ht2.vwap_reversion,1w,INTC,2021-06-17 00:00:00+00:00,2021-06-24 00:00:00+00:00,0.0,,-0.01941232090666989
ht2.vwap_reversion,5w,INTC,2021-06-17 00:00:00+00:00,2021-07-23 00:00:00+00:00,0.0,,-0.07310237435126166
ht2.vwap_reversion,1d,INTC,2021-07-23 00:00:00+00:00,2021-07-26 00:00:00+00:00,0.0,,0.024716884909736114
ht2.vwap_reversion,1w,INTC,2021-07-23 00:00:00+00:00,2021-07-30 00:00:00+00:00,0.0,,0.01358489960567133
ht2.vwap_reversion,5w,INTC,2021-07-23 00:00:00+00:00,2021-08-27 00:00:00+00:00,0.0,,0.0233997815367053
ht2.vwap_reversion,1d,INTC,2021-08-27 00:00:00+00:00,2021-08-30 00:00:00+00:00,0.0,,0.0009278518880015962
ht2.vwap_reversion,1w,INTC,2021-08-27 00:00:00+00:00,2021-09-03 00:00:00+00:00,0.0,,-0.007051459159107654
ht2.vwap_reversion,5w,INTC,2021-08-27 00:00:00+00:00,2021-10-04 00:00:00+00:00,0.0,,-0.0077934793677264524
ht2.vwap_reversion,1d,INTC,2021-10-04 00:00:00+00:00,2021-10-05 00:00:00+00:00,0.0,,0.008976816152723277
ht2.vwap_reversion,1w,INTC,2021-10-04 00:00:00+00:00,2021-10-11 00:00:00+00:00,0.0,,-0.0005611768773747805
ht2.vwap_reversion,5w,INTC,2021-10-04 00:00:00+00:00,2021-11-08 00:00:00+00:00,0.0,,-0.029203660190011527
ht2.vwap_reversion,1d,INTC,2021-11-08 00:00:00+00:00,2021-11-09 00:00:00+00:00,0.0,,-0.006789412365644454
ht2.vwap_reversion,1w,INTC,2021-11-08 00:00:00+00:00,2021-11-15 00:00:00+00:00,0.0,,-0.023860443243451934
ht2.vwap_reversion,5w,INTC,2021-11-08 00:00:00+00:00,2021-12-14 00:00:00+00:00,0.0,,-0.03588740685043379
ht2.vwap_reversion,1d,INTC,2021-12-14 00:00:00+00:00,2021-12-15 00:00:00+00:00,0.0,,0.019517030964992133
ht2.vwap_reversion,1w,INTC,2021-12-14 00:00:00+00:00,2021-12-21 00:00:00+00:00,0.0,,0.02152910539776043
ht2.vwap_reversion,5w,INTC,2021-12-14 00:00:00+00:00,2022-01-20 00:00:00+00:00,0.0,,0.04708260793248731
ht2.vwap_reversion,1d,INTC,2022-01-20 00:00:00+00:00,2022-01-21 00:00:00+00:00,1.0,0.0,0.0
ht2.vwap_reversion,1w,INTC,2022-01-20 00:00:00+00:00,2022-01-27 00:00:00+00:00,1.0,0.0,-0.07667180347495672
ht2.vwap_reversion,5w,INTC,2022-01-20 00:00:00+00:00,2022-02-25 00:00:00+00:00,1.0,0.0,-0.07622161483991197
ht2.vwap_reversion,1d,INTC,2022-02-25 00:00:00+00:00,2022-02-28 00:00:00+00:00,0.0,,-0.00020952967304632697
ht2.vwap_reversion,1w,INTC,2022-02-25 00:00:00+00:00,2022-03-04 00:00:00+00:00,0.0,,0.007545720504014364
ht2.vwap_reversion,5w,INTC,2022-02-25 00:00:00+00:00,2022-04-01 00:00:00+00:00,0.0,,0.008384095867910668
ht2.vwap_reversion,1d,INTC,2022-04-01 00:00:00+00:00,2022-04-04 00:00:00+00:00,0.0,,0.022656480409595225
ht2.vwap_reversion,1w,INTC,2022-04-01 00:00:00+00:00,2022-04-08 00:00:00+00:00,0.0,,-0.022656480409595225
ht2.vwap_reversion,5w,INTC,2022-04-01 00:00:00+00:00,2022-05-09 00:00:00+00:00,0.0,,-0.09768331716170842
ht2.vwap_reversion,1d,INTC,2022-05-09 00:00:00+00:00,2022-05-10 00:00:00+00:00,0.0,,0.02182491342316384
ht2.vwap_reversion,1w,INTC,2022-05-09 00:00:00+00:00,2022-05-16 00:00:00+00:00,0.0,,0.00023225695555506576
ht2.vwap_reversion,5w,INTC,2022-05-09 00:00:00+00:00,2022-06-14 00:00:00+00:00,0.0,,-0.1193406761009379
ht2.vwap_reversion,1d,INTC,2022-06-14 00:00:00+00:00,2022-06-15 00:00:00+00:00,0.0,,0.018982422077703065
ht2.vwap_reversion,1w,INTC,2022-06-14 00:00:00+00:00,2022-06-22 00:00:00+00:00,0.0,,-0.014500280387442888
ht2.vwap_reversion,5w,INTC,2022-06-14 00:00:00+00:00,2022-07-21 00:00:00+00:00,0.0,,0.07065656787831931
ht2.vwap_reversion,1d,INTC,2022-07-21 00:00:00+00:00,2022-07-22 00:00:00+00:00,0.0,,-0.03472052547461668
ht2.vwap_reversion,1w,INTC,2022-07-21 00:00:00+00:00,2022-07-28 00:00:00+00:00,0.0,,-0.022162177579449382
ht2.vwap_reversion,5w,INTC,2022-07-21 00:00:00+00:00,2022-08-25 00:00:00+00:00,0.0,,-0.13217863855210477
ht2.vwap_reversion,1d,INTC,2022-08-25 00:00:00+00:00,2022-08-26 00:00:00+00:00,0.0,,-0.043851885186220296
ht2.vwap_reversion,1w,INTC,2022-08-25 00:00:00+00:00,2022-09-01 00:00:00+00:00,0.0,,-0.08971050403403746
ht2.vwap_reversion,5w,INTC,2022-08-25 00:00:00+00:00,2022-09-30 00:00:00+00:00,0.0,,-0.2613929610275947
ht2.vwap_reversion,1d,INTC,2022-09-30 00:00:00+00:00,2022-10-03 00:00:00+00:00,0.0,,0.04656588753980473
ht2.vwap_reversion,1w,INTC,2022-09-30 00:00:00+00:00,2022-10-07 00:00:00+00:00,0.0,,-0.001940232348677795
ht2.vwap_reversion,5w,INTC,2022-09-30 00:00:00+00:00,2022-11-04 00:00:00+00:00,0.0,,0.10907550468523208
ht2.vwap_reversion,1d,INTC,2022-11-04 00:00:00+00:00,2022-11-07 00:00:00+00:00,0.0,,0.007446636065538748
ht2.vwap_reversion,1w,INTC,2022-11-04 00:00:00+00:00,2022-11-11 00:00:00+00:00,0.0,,0.0790779231737786
ht2.vwap_reversion,5w,INTC,2022-11-04 00:00:00+00:00,2022-12-12 00:00:00+00:00,0.0,,0.017375811482724712
ht2.vwap_reversion,1d,INTC,2022-12-12 00:00:00+00:00,2022-12-13 00:00:00+00:00,0.0,,0.0013941883951018585
ht2.vwap_reversion,1w,INTC,2022-12-12 00:00:00+00:00,2022-12-19 00:00:00+00:00,0.0,,-0.06622518976185032
ht2.vwap_reversion,5w,INTC,2022-12-12 00:00:00+00:00,2023-01-19 00:00:00+00:00,0.0,,-0.009411012971426103
ht2.vwap_reversion,1d,INTC,2023-01-19 00:00:00+00:00,2023-01-20 00:00:00+00:00,0.0,,0.02814923224494681
ht2.vwap_reversion,1w,INTC,2023-01-19 00:00:00+00:00,2023-01-26 00:00:00+00:00,0.0,,0.05876143879236029
ht2.vwap_reversion,5w,INTC,2023-01-19 00:00:00+00:00,2023-02-24 00:00:00+00:00,0.0,,-0.10463297799261329
ht2.vwap_reversion,1d,INTC,2023-02-24 00:00:00+00:00,2023-02-27 00:00:00+00:00,0.0,,-0.009546642157083896
ht2.vwap_reversion,1w,INTC,2023-02-24 00:00:00+00:00,2023-03-03 00:00:00+00:00,0.0,,0.0501192883307624
ht2.vwap_reversion,5w,INTC,2023-02-24 00:00:00+00:00,2023-03-31 00:00:00+00:00,0.0,,0.2995224580143321
ht2.vwap_reversion,1d,INTC,2023-03-31 00:00:00+00:00,2023-04-03 00:00:00+00:00,0.0,,0.006734050438115036
ht2.vwap_reversion,1w,INTC,2023-03-31 00:00:00+00:00,2023-04-10 00:00:00+00:00,0.0,,-0.004591253923271199
ht2.vwap_reversion,5w,INTC,2023-03-31 00:00:00+00:00,2023-05-08 00:00:00+00:00,0.0,,-0.05430032875593682
ht2.vwap_reversion,1d,INTC,2023-05-08 00:00:00+00:00,2023-05-09 00:00:00+00:00,0.0,,-0.021774453233559088
ht2.vwap_reversion,1w,INTC,2023-05-08 00:00:00+00:00,2023-05-15 00:00:00+00:00,0.0,,-0.03152430470496459
ht2.vwap_reversion,5w,INTC,2023-05-08 00:00:00+00:00,2023-06-13 00:00:00+00:00,0.0,,0.10204744603872196
ht2.vwap_reversion,1d,INTC,2023-06-13 00:00:00+00:00,2023-06-14 00:00:00+00:00,-1.0,0.0,0.04924806579815977
ht2.vwap_reversion,1w,INTC,2023-06-13 00:00:00+00:00,2023-06-21 00:00:00+00:00,-1.0,1.0,-0.029784659378334966
ht2.vwap_reversion,5w,INTC,2023-06-13 00:00:00+00:00,2023-07-20 00:00:00+00:00,-1.0,1.0,-0.015924615687831545
ht2.vwap_reversion,1d,INTC,2023-07-20 00:00:00+00:00,2023-07-21 00:00:00+00:00,0.0,,0.01947882433714576
ht2.vwap_reversion,1w,INTC,2023-07-20 00:00:00+00:00,2023-07-27 00:00:00+00:00,0.0,,0.035361125542721306
ht2.vwap_reversion,5w,INTC,2023-07-20 00:00:00+00:00,2023-08-24 00:00:00+00:00,0.0,,-0.019860720900333417
ht2.vwap_reversion,1d,INTC,2023-08-24 00:00:00+00:00,2023-08-25 00:00:00+00:00,0.0,,0.020251618044408337
ht2.vwap_reversion,1w,INTC,2023-08-24 00:00:00+00:00,2023-08-31 00:00:00+00:00,0.0,,0.07824499067922641
ht2.vwap_reversion,5w,INTC,2023-08-24 00:00:00+00:00,2023-09-29 00:00:00+00:00,0.0,,0.0908254168642213
ht2.vwap_reversion,1d,INTC,2023-09-29 00:00:00+00:00,2023-10-02 00:00:00+00:00,0.0,,-0.0025316613131385335
ht2.vwap_reversion,1w,INTC,2023-09-29 00:00:00+00:00,2023-10-06 00:00:00+00:00,0.0,,0.018002779427003457
ht2.vwap_reversion,5w,INTC,2023-09-29 00:00:00+00:00,2023-11-03 00:00:00+00:00,0.0,,0.07285522301203229
ht2.vwap_reversion,1d,INTC,2023-11-03 00:00:00+00:00,2023-11-06 00:00:00+00:00,0.0,,-0.0017097323358250538
ht2.vwap_reversion,1w,INTC,2023-11-03 00:00:00+00:00,2023-11-10 00:00:00+00:00,0.0,,0.022228045732111124
ht2.vwap_reversion,5w,INTC,2023-11-03 00:00:00+00:00,2023-12-11 00:00:00+00:00,0.0,,0.17164276773459597
ht2.vwap_reversion,1d,INTC,2023-12-11 00:00:00+00:00,2023-12-12 00:00:00+00:00,0.0,,-0.011225797279489247
ht2.vwap_reversion,1w,INTC,2023-12-11 00:00:00+00:00,2023-12-18 00:00:00+00:00,0.0,,0.02581953336810283
ht2.vwap_reversion,5w,INTC,2023-12-11 00:00:00+00:00,2024-01-18 00:00:00+00:00,0.0,,0.049393803127989244
ht2.vwap_reversion,1d,INTC,2024-01-18 00:00:00+00:00,2024-01-19 00:00:00+00:00,0.0,,0.030166950052941566
ht2.vwap_reversion,1w,INTC,2024-01-18 00:00:00+00:00,2024-01-25 00:00:00+00:00,0.0,,0.060119850972840005
ht2.vwap_reversion,5w,INTC,2024-01-18 00:00:00+00:00,2024-02-23 00:00:00+00:00,0.0,,-0.07753508032053114
ht2.vwap_reversion,1d,INTC,2024-02-23 00:00:00+00:00,2024-02-26 00:00:00+00:00,0.0,,0.0
ht2.vwap_reversion,1w,INTC,2024-02-23 00:00:00+00:00,2024-03-01 00:00:00+00:00,0.0,,0.01930678377474515
ht2.vwap_reversion,5w,INTC,2024-02-23 00:00:00+00:00,2024-04-01 00:00:00+00:00,0.0,,0.03558969016150493
ht2.vwap_reversion,1d,INTC,2024-04-01 00:00:00+00:00,2024-04-02 00:00:00+00:00,0.0,,-0.01302786019599722
ht2.vwap_reversion,1w,INTC,2024-04-01 00:00:00+00:00,2024-04-08 00:00:00+00:00,0.0,,-0.1469002620740648
ht2.vwap_reversion,5w,INTC,2024-04-01 00:00:00+00:00,2024-05-06 00:00:00+00:00,0.0,,-0.30153209866175146
ht2.vwap_reversion,1d,INTC,2024-05-06 00:00:00+00:00,2024-05-07 00:00:00+00:00,0.0,,-0.00936389476540389
ht2.vwap_reversion,1w,INTC,2024-05-06 00:00:00+00:00,2024-05-13 00:00:00+00:00,0.0,,-0.01485307018114701
ht2.vwap_reversion,5w,INTC,2024-05-06 00:00:00+00:00,2024-06-11 00:00:00+00:00,0.0,,-0.001614456066082015
ht2.vwap_reversion,1d,INTC,2024-06-11 00:00:00+00:00,2024-06-12 00:00:00+00:00,0.0,,-0.005174626013351613
ht2.vwap_reversion,1w,INTC,2024-06-11 00:00:00+00:00,2024-06-18 00:00:00+00:00,0.0,,-0.009379036808273122
ht2.vwap_reversion,5w,INTC,2024-06-11 00:00:00+00:00,2024-07-18 00:00:00+00:00,0.0,,0.12774901812965922
ht2.vwap_reversion,1d,INTC,2024-07-18 00:00:00+00:00,2024-07-19 00:00:00+00:00,0.0,,-0.05420131801738126
ht2.vwap_reversion,1w,INTC,2024-07-18 00:00:00+00:00,2024-07-25 00:00:00+00:00,0.0,,-0.10811584725442402
ht2.vwap_reversion,5w,INTC,2024-07-18 00:00:00+00:00,2024-08-22 00:00:00+00:00,0.0,,-0.4199166275841265
ht2.vwap_reversion,1d,INTC,2024-08-22 00:00:00+00:00,2024-08-23 00:00:00+00:00,0.0,,0.02189057341825995
ht2.vwap_reversion,1w,INTC,2024-08-22 00:00:00+00:00,2024-08-29 00:00:00+00:00,0.0,,0.0014924765536090678
ht2.vwap_reversion,5w,INTC,2024-08-22 00:00:00+00:00,2024-09-27 00:00:00+00:00,0.0,,0.18955220863850508
ht2.vwap_reversion,1d,INTC,2024-09-27 00:00:00+00:00,2024-09-30 00:00:00+00:00,0.0,,-0.018820609193276883
ht2.vwap_reversion,1w,INTC,2024-09-27 00:00:00+00:00,2024-10-04 00:00:00+00:00,0.0,,-0.05520701393760519
ht2.vwap_reversion,5w,INTC,2024-09-27 00:00:00+00:00,2024-11-01 00:00:00+00:00,0.0,,-0.029694650313831006
ht2.vwap_reversion,1d,INTC,2024-11-01 00:00:00+00:00,2024-11-04 00:00:00+00:00,0.0,,-0.029310357017834243
ht2.vwap_reversion,1w,INTC,2024-11-01 00:00:00+00:00,2024-11-08 00:00:00+00:00,0.0,,0.1293103405751741
ht2.vwap_reversion,5w,INTC,2024-11-01 00:00:00+00:00,2024-12-09 00:00:00+00:00,0.0,,-0.10301729389659964
ht2.vwap_reversion,1d,INTC,2024-12-09 00:00:00+00:00,2024-12-10 00:00:00+00:00,0.0,,-0.031234965651684043
ht2.vwap_reversion,1w,INTC,2024-12-09 00:00:00+00:00,2024-12-16 00:00:00+00:00,0.0,,0.0009610984275325585
ht2.vwap_reversion,5w,INTC,2024-12-09 00:00:00+00:00,2025-01-16 00:00:00+00:00,0.0,,-0.05478132719388862
ht2.vwap_reversion,1d,INTC,2025-01-16 00:00:00+00:00,2025-01-17 00:00:00+00:00,0.0,,0.09252667451779328
ht2.vwap_reversion,1w,INTC,2025-01-16 00:00:00+00:00,2025-01-24 00:00:00+00:00,0.0,,0.058973047428206415
ht2.vwap_reversion,5w,INTC,2025-01-16 00:00:00+00:00,2025-02-24 00:00:00+00:00,0.0,,0.23385868650878106
ht2.vwap_reversion,1d,INTC,2025-02-24 00:00:00+00:00,2025-02-25 00:00:00+00:00,0.0,,-0.05274003553782591
ht2.vwap_reversion,1w,INTC,2025-02-24 00:00:00+00:00,2025-03-03 00:00:00+00:00,0.0,,-0.06304081820303709
ht2.vwap_reversion,5w,INTC,2025-02-24 00:00:00+00:00,2025-03-31 00:00:00+00:00,0.0,,-0.06427694041480703
ht2.vwap_reversion,1d,INTC,2025-03-31 00:00:00+00:00,2025-04-01 00:00:00+00:00,0.0,,-0.029062081638892123
ht2.vwap_reversion,1w,INTC,2025-03-31 00:00:00+00:00,2025-04-07 00:00:00+00:00,0.0,,-0.1382650601600124
ht2.vwap_reversion,5w,INTC,2025-03-31 00:00:00+00:00,2025-05-06 00:00:00+00:00,0.0,,-0.12197264033836752
ht2.vwap_reversion,1d,INTC,2025-05-06 00:00:00+00:00,2025-05-07 00:00:00+00:00,0.0,,0.018555612937562582
ht2.vwap_reversion,1w,INTC,2025-05-06 00:00:00+00:00,2025-05-13 00:00:00+00:00,0.0,,0.13139412546202278
ht2.vwap_reversion,5w,INTC,2025-05-06 00:00:00+00:00,2025-06-11 00:00:00+00:00,0.0,,0.03711132152951757
ht2.vwap_reversion,1d,INTC,2025-06-11 00:00:00+00:00,2025-06-12 00:00:00+00:00,0.0,,0.004352038262076974
ht2.vwap_reversion,1w,INTC,2025-06-11 00:00:00+00:00,2025-06-18 00:00:00+00:00,0.0,,0.03916825212713637
ht2.vwap_reversion,5w,INTC,2025-06-11 00:00:00+00:00,2025-07-18 00:00:00+00:00,0.0,,0.11702127855811817
ht2.vwap_reversion,1d,INTC,2025-07-18 00:00:00+00:00,2025-07-21 00:00:00+00:00,0.0,,0.006926400206489269
ht2.vwap_reversion,1w,INTC,2025-07-18 00:00:00+00:00,2025-07-25 00:00:00+00:00,0.0,,-0.10389608566653952
ht2.vwap_reversion,5w,INTC,2025-07-18 00:00:00+00:00,2025-08-22 00:00:00+00:00,0.0,,0.07359302283624714
ht2.vwap_reversion,1d,INTC,2025-08-22 00:00:00+00:00,2025-08-25 00:00:00+00:00,0.0,,-0.01008064547140819
ht2.vwap_reversion,1w,INTC,2025-08-22 00:00:00+00:00,2025-08-29 00:00:00+00:00,0.0,,-0.018145115703001813
ht2.vwap_reversion,5w,INTC,2025-08-22 00:00:00+00:00,2025-09-29 00:00:00+00:00,0.0,,0.390322604958399
ht2.vwap_reversion,1d,INTC,2025-09-29 00:00:00+00:00,2025-09-30 00:00:00+00:00,0.0,,-0.02697216698151561
ht2.vwap_reversion,1w,INTC,2025-09-29 00:00:00+00:00,2025-10-06 00:00:00+00:00,0.0,,0.06119491410569511
ht2.vwap_reversion,5w,INTC,2025-09-29 00:00:00+00:00,2025-11-03 00:00:00+00:00,0.0,,0.1455916625409004
ht2.vwap_reversion,1d,INTC,2025-11-03 00:00:00+00:00,2025-11-04 00:00:00+00:00,0.0,,-0.06253167647349667
ht2.vwap_reversion,1w,INTC,2025-11-03 00:00:00+00:00,2025-11-10 00:00:00+00:00,0.0,,-0.026582259166089806
ht2.vwap_reversion,5w,INTC,2025-11-03 00:00:00+00:00,2025-12-09 00:00:00+00:00,0.0,,0.025316455696202445
ht2.vwap_reversion,1d,INTC,2025-12-09 00:00:00+00:00,2025-12-10 00:00:00+00:00,0.0,,0.006913550106095956
ht2.vwap_reversion,1w,INTC,2025-12-09 00:00:00+00:00,2025-12-16 00:00:00+00:00,0.0,,-0.07876539819034534
ht2.vwap_reversion,5w,INTC,2025-12-09 00:00:00+00:00,2026-01-15 00:00:00+00:00,0.0,,0.19308641221788192
ht2.vwap_reversion,1d,INTC,2026-01-15 00:00:00+00:00,2026-01-16 00:00:00+00:00,0.0,,-0.02814570817344686
ht2.vwap_reversion,1w,INTC,2026-01-15 00:00:00+00:00,2026-01-23 00:00:00+00:00,0.0,,-0.06725993419962961
ht2.vwap_reversion,5w,INTC,2026-01-15 00:00:00+00:00,2026-02-23 00:00:00+00:00,0.0,,-0.09706123047039983
ht2.vwap_reversion,1d,INTC,2026-02-23 00:00:00+00:00,2026-02-24 00:00:00+00:00,0.0,,0.05707077246874559
ht2.vwap_reversion,1w,INTC,2026-02-23 00:00:00+00:00,2026-03-02 00:00:00+00:00,0.0,,0.0428603916136816
ht2.vwap_reversion,5w,INTC,2026-02-23 00:00:00+00:00,2026-03-30 00:00:00+00:00,0.0,,-0.05592487695787407
ht2.vwap_reversion,1d,INTC,2026-03-30 00:00:00+00:00,2026-03-31 00:00:00+00:00,1.0,1.0,0.07137660935729828
ht2.vwap_reversion,1w,INTC,2026-03-30 00:00:00+00:00,2026-04-07 00:00:00+00:00,1.0,1.0,0.28453512045284435
ht2.vwap_reversion,5w,INTC,2026-03-30 00:00:00+00:00,2026-05-05 00:00:00+00:00,1.0,1.0,1.625637415189201
ht2.vwap_reversion,1d,INTC,2026-05-05 00:00:00+00:00,2026-05-06 00:00:00+00:00,0.0,,0.044937591694704127
ht2.vwap_reversion,1w,INTC,2026-05-05 00:00:00+00:00,2026-05-12 00:00:00+00:00,0.0,,0.1152103458962146
ht2.vwap_reversion,5w,INTC,2026-05-05 00:00:00+00:00,2026-06-10 00:00:00+00:00,0.0,,-0.010263528383639975
ht2.vwap_reversion,1d,INTC,2026-06-10 00:00:00+00:00,2026-06-11 00:00:00+00:00,0.0,,0.09267561737759955
ht2.vwap_reversion,1w,INTC,2026-06-10 00:00:00+00:00,2026-06-17 00:00:00+00:00,0.0,,0.13135274138954345
ht2.vwap_reversion,5w,INTC,2026-06-10 00:00:00+00:00,2026-07-17 00:00:00+00:00,0.0,,-0.11210762235951421
ht2.vwap_reversion,1d,INTC,2026-07-17 00:00:00+00:00,2026-07-20 00:00:00+00:00,0.0,,0.021254173228195006
ht2.vwap_reversion,1w,INTC,2026-07-17 00:00:00+00:00,2026-07-24 00:00:00+00:00,0.0,,-0.028619541187932973
ht2.vwap_reversion,5w,INTC,2026-07-17 00:00:00+00:00,2026-08-21 00:00:00+00:00,0.0,,-0.05229378338411972
ht2.vwap_reversion,1d,META,2017-11-16 00:00:00+00:00,2017-11-17 00:00:00+00:00,0.0,,-0.0032853764876376035
ht2.vwap_reversion,1w,META,2017-11-16 00:00:00+00:00,2017-11-24 00:00:00+00:00,0.0,,0.01776259784303913
ht2.vwap_reversion,5w,META,2017-11-16 00:00:00+00:00,2017-12-22 00:00:00+00:00,0.0,,-0.013308213244084488
ht2.vwap_reversion,1d,META,2017-12-22 00:00:00+00:00,2017-12-26 00:00:00+00:00,0.0,,-0.006828506916372601
ht2.vwap_reversion,1w,META,2017-12-22 00:00:00+00:00,2018-01-02 00:00:00+00:00,0.0,,0.023814775110283737
ht2.vwap_reversion,5w,META,2017-12-22 00:00:00+00:00,2018-01-31 00:00:00+00:00,0.0,,0.054683997506229876
ht2.vwap_reversion,1d,META,2018-01-31 00:00:00+00:00,2018-02-01 00:00:00+00:00,0.0,,0.03317458451877431
ht2.vwap_reversion,1w,META,2018-01-31 00:00:00+00:00,2018-02-07 00:00:00+00:00,0.0,,-0.03590351131578451
ht2.vwap_reversion,5w,META,2018-01-31 00:00:00+00:00,2018-03-08 00:00:00+00:00,0.0,,-0.024345950793330684
ht2.vwap_reversion,1d,META,2018-03-08 00:00:00+00:00,2018-03-09 00:00:00+00:00,0.0,,0.015849571776819893
ht2.vwap_reversion,1w,META,2018-03-08 00:00:00+00:00,2018-03-15 00:00:00+00:00,0.0,,0.00833602837931946
ht2.vwap_reversion,5w,META,2018-03-08 00:00:00+00:00,2018-04-13 00:00:00+00:00,0.0,,-0.09772950078800036
ht2.vwap_reversion,1d,META,2018-04-13 00:00:00+00:00,2018-04-16 00:00:00+00:00,0.0,,0.0018844279875496195
ht2.vwap_reversion,1w,META,2018-04-13 00:00:00+00:00,2018-04-20 00:00:00+00:00,0.0,,0.010697854927581352
ht2.vwap_reversion,5w,META,2018-04-13 00:00:00+00:00,2018-05-18 00:00:00+00:00,0.0,,0.11038167221862327
ht2.vwap_reversion,1d,META,2018-05-18 00:00:00+00:00,2018-05-21 00:00:00+00:00,0.0,,0.009908158117651444
ht2.vwap_reversion,1w,META,2018-05-18 00:00:00+00:00,2018-05-25 00:00:00+00:00,0.0,,0.01226198710689852
ht2.vwap_reversion,5w,META,2018-05-18 00:00:00+00:00,2018-06-25 00:00:00+00:00,0.0,,0.07483044384358939
ht2.vwap_reversion,1d,META,2018-06-25 00:00:00+00:00,2018-06-26 00:00:00+00:00,0.0,,0.013496183005033746
ht2.vwap_reversion,1w,META,2018-06-25 00:00:00+00:00,2018-07-02 00:00:00+00:00,0.0,,0.0051437063582031595
ht2.vwap_reversion,5w,META,2018-06-25 00:00:00+00:00,2018-07-31 00:00:00+00:00,0.0,,-0.1210593277175086
ht2.vwap_reversion,1d,META,2018-07-31 00:00:00+00:00,2018-08-01 00:00:00+00:00,0.0,,-0.005388901479849606
ht2.vwap_reversion,1w,META,2018-07-31 00:00:00+00:00,2018-08-07 00:00:00+00:00,0.0,,0.06507112584684593
ht2.vwap_reversion,5w,META,2018-07-31 00:00:00+00:00,2018-09-05 00:00:00+00:00,0.0,,-0.03128986053645344
ht2.vwap_reversion,1d,META,2018-09-05 00:00:00+00:00,2018-09-06 00:00:00+00:00,1.0,0.0,-0.02781446124379927
ht2.vwap_reversion,1w,META,2018-09-05 00:00:00+00:00,2018-09-12 00:00:00+00:00,1.0,0.0,-0.03098453880527574
ht2.vwap_reversion,5w,META,2018-09-05 00:00:00+00:00,2018-10-10 00:00:00+00:00,1.0,0.0,-0.09450900765155257
ht2.vwap_reversion,1d,META,2018-10-10 00:00:00+00:00,2018-10-11 00:00:00+00:00,1.0,1.0,0.013013910144891394
ht2.vwap_reversion,1w,META,2018-10-10 00:00:00+00:00,2018-10-17 00:00:00+00:00,1.0,1.0,0.0531114160925894
ht2.vwap_reversion,5w,META,2018-10-10 00:00:00+00:00,2018-11-14 00:00:00+00:00,1.0,0.0,-0.04729809221171599
ht2.vwap_reversion,1d,META,2018-11-14 00:00:00+00:00,2018-11-15 00:00:00+00:00,0.0,,-0.0025653929178462986
ht2.vwap_reversion,1w,META,2018-11-14 00:00:00+00:00,2018-11-21 00:00:00+00:00,0.0,,-0.06517822788728111
ht2.vwap_reversion,5w,META,2018-11-14 00:00:00+00:00,2018-12-21 00:00:00+00:00,0.0,,-0.13361544188081853
ht2.vwap_reversion,1d,META,2018-12-21 00:00:00+00:00,2018-12-24 00:00:00+00:00,1.0,0.0,-0.007122936625882703
ht2.vwap_reversion,1w,META,2018-12-21 00:00:00+00:00,2018-12-31 00:00:00+00:00,1.0,1.0,0.049139700904416994
ht2.vwap_reversion,5w,META,2018-12-21 00:00:00+00:00,2019-01-30 00:00:00+00:00,1.0,1.0,0.20384170449828476
ht2.vwap_reversion,1d,META,2019-01-30 00:00:00+00:00,2019-01-31 00:00:00+00:00,0.0,,0.10816403947928954
ht2.vwap_reversion,1w,META,2019-01-30 00:00:00+00:00,2019-02-06 00:00:00+00:00,0.0,,0.13342644184045804
ht2.vwap_reversion,5w,META,2019-01-30 00:00:00+00:00,2019-03-07 00:00:00+00:00,0.0,,0.12438499726415309
ht2.vwap_reversion,1d,META,2019-03-07 00:00:00+00:00,2019-03-08 00:00:00+00:00,0.0,,0.002779129046658335
ht2.vwap_reversion,1w,META,2019-03-07 00:00:00+00:00,2019-03-14 00:00:00+00:00,0.0,,0.006149014140011344
ht2.vwap_reversion,5w,META,2019-03-07 00:00:00+00:00,2019-04-11 00:00:00+00:00,0.0,,0.049547695291471294
ht2.vwap_reversion,1d,META,2019-04-11 00:00:00+00:00,2019-04-12 00:00:00+00:00,0.0,,0.0089573159130929
ht2.vwap_reversion,1w,META,2019-04-11 00:00:00+00:00,2019-04-18 00:00:00+00:00,0.0,,0.004337746030055767
ht2.vwap_reversion,5w,META,2019-04-11 00:00:00+00:00,2019-05-17 00:00:00+00:00,0.0,,0.04388474323592395
ht2.vwap_reversion,1d,META,2019-05-17 00:00:00+00:00,2019-05-20 00:00:00+00:00,0.0,,-0.013923203533844908
ht2.vwap_reversion,1w,META,2019-05-17 00:00:00+00:00,2019-05-24 00:00:00+00:00,0.0,,-0.022881672582048873
ht2.vwap_reversion,5w,META,2019-05-17 00:00:00+00:00,2019-06-24 00:00:00+00:00,0.0,,0.03939556604668537
ht2.vwap_reversion,1d,META,2019-06-24 00:00:00+00:00,2019-06-25 00:00:00+00:00,0.0,,-0.019522145872790997
ht2.vwap_reversion,1w,META,2019-06-24 00:00:00+00:00,2019-07-01 00:00:00+00:00,0.0,,0.0020769073509272484
ht2.vwap_reversion,5w,META,2019-06-24 00:00:00+00:00,2019-07-30 00:00:00+00:00,0.0,,0.02305305620349296
ht2.vwap_reversion,1d,META,2019-07-30 00:00:00+00:00,2019-07-31 00:00:00+00:00,0.0,,-0.014261137700590676
ht2.vwap_reversion,1w,META,2019-07-30 00:00:00+00:00,2019-08-06 00:00:00+00:00,0.0,,-0.06359124998574295
ht2.vwap_reversion,5w,META,2019-07-30 00:00:00+00:00,2019-09-04 00:00:00+00:00,0.0,,-0.050243570676274496
ht2.vwap_reversion,1d,META,2019-09-04 00:00:00+00:00,2019-09-05 00:00:00+00:00,0.0,,0.02009188622400848
ht2.vwap_reversion,1w,META,2019-09-04 00:00:00+00:00,2019-09-11 00:00:00+00:00,0.0,,0.007213897692677884
ht2.vwap_reversion,5w,META,2019-09-04 00:00:00+00:00,2019-10-09 00:00:00+00:00,0.0,,-0.03895475143045812
ht2.vwap_reversion,1d,META,2019-10-09 00:00:00+00:00,2019-10-10 00:00:00+00:00,0.0,,0.0010008519309150365
ht2.vwap_reversion,1w,META,2019-10-09 00:00:00+00:00,2019-10-16 00:00:00+00:00,0.0,,0.05393362881316954
ht2.vwap_reversion,5w,META,2019-10-09 00:00:00+00:00,2019-11-13 00:00:00+00:00,0.0,,0.07417276515344051
ht2.vwap_reversion,1d,META,2019-11-13 00:00:00+00:00,2019-11-14 00:00:00+00:00,0.0,,-0.00020700067024237434
ht2.vwap_reversion,1w,META,2019-11-13 00:00:00+00:00,2019-11-20 00:00:00+00:00,0.0,,0.022361410740642018
ht2.vwap_reversion,5w,META,2019-11-13 00:00:00+00:00,2019-12-19 00:00:00+00:00,0.0,,0.06661860022927879
ht2.vwap_reversion,1d,META,2019-12-19 00:00:00+00:00,2019-12-20 00:00:00+00:00,0.0,,0.0011645059425358095
ht2.vwap_reversion,1w,META,2019-12-19 00:00:00+00:00,2019-12-27 00:00:00+00:00,0.0,,0.009899906572096606
ht2.vwap_reversion,5w,META,2019-12-19 00:00:00+00:00,2020-01-28 00:00:00+00:00,0.0,,0.05692506039347878
ht2.vwap_reversion,1d,META,2020-01-28 00:00:00+00:00,2020-01-29 00:00:00+00:00,0.0,,0.024978095372785836
ht2.vwap_reversion,1w,META,2020-01-28 00:00:00+00:00,2020-02-04 00:00:00+00:00,0.0,,-0.03654901106006114
ht2.vwap_reversion,5w,META,2020-01-28 00:00:00+00:00,2020-03-04 00:00:00+00:00,0.0,,-0.11951893996658525
ht2.vwap_reversion,1d,META,2020-03-04 00:00:00+00:00,2020-03-05 00:00:00+00:00,0.0,,-0.03436574549420235
ht2.vwap_reversion,1w,META,2020-03-04 00:00:00+00:00,2020-03-11 00:00:00+00:00,0.0,,-0.11222349915711327
ht2.vwap_reversion,5w,META,2020-03-04 00:00:00+00:00,2020-04-08 00:00:00+00:00,0.0,,-0.09115554509177115
ht2.vwap_reversion,1d,META,2020-04-08 00:00:00+00:00,2020-04-09 00:00:00+00:00,0.0,,0.005221517715614521
ht2.vwap_reversion,1w,META,2020-04-08 00:00:00+00:00,2020-04-16 00:00:00+00:00,0.0,,0.011303734870303783
ht2.vwap_reversion,5w,META,2020-04-08 00:00:00+00:00,2020-05-14 00:00:00+00:00,0.0,,0.18665369155270084
ht2.vwap_reversion,1d,META,2020-05-14 00:00:00+00:00,2020-05-15 00:00:00+00:00,0.0,,0.019679855963839143
ht2.vwap_reversion,1w,META,2020-05-14 00:00:00+00:00,2020-05-21 00:00:00+00:00,0.0,,0.11885298032862912
ht2.vwap_reversion,5w,META,2020-05-14 00:00:00+00:00,2020-06-19 00:00:00+00:00,0.0,,0.15463471255102612
ht2.vwap_reversion,1d,META,2020-06-19 00:00:00+00:00,2020-06-22 00:00:00+00:00,0.0,,0.0018007347590864864
ht2.vwap_reversion,1w,META,2020-06-19 00:00:00+00:00,2020-06-26 00:00:00+00:00,0.0,,-0.09510451545763343
ht2.vwap_reversion,5w,META,2020-06-19 00:00:00+00:00,2020-07-27 00:00:00+00:00,0.0,,-0.02215332423307459
ht2.vwap_reversion,1d,META,2020-07-27 00:00:00+00:00,2020-07-28 00:00:00+00:00,0.0,,-0.014475546073043577
ht2.vwap_reversion,1w,META,2020-07-27 00:00:00+00:00,2020-08-03 00:00:00+00:00,0.0,,0.07905780336722934
ht2.vwap_reversion,5w,META,2020-07-27 00:00:00+00:00,2020-08-31 00:00:00+00:00,0.0,,0.25567454840964854
ht2.vwap_reversion,1d,META,2020-08-31 00:00:00+00:00,2020-09-01 00:00:00+00:00,0.0,,0.007639902926760422
ht2.vwap_reversion,1w,META,2020-08-31 00:00:00+00:00,2020-09-08 00:00:00+00:00,0.0,,-0.07517054648479105
ht2.vwap_reversion,5w,META,2020-08-31 00:00:00+00:00,2020-10-06 00:00:00+00:00,0.0,,-0.11780362398220989
ht2.vwap_reversion,1d,META,2020-10-06 00:00:00+00:00,2020-10-07 00:00:00+00:00,0.0,,-0.002087660682210113
ht2.vwap_reversion,1w,META,2020-10-06 00:00:00+00:00,2020-10-13 00:00:00+00:00,0.0,,0.06757912532129295
ht2.vwap_reversion,5w,META,2020-10-06 00:00:00+00:00,2020-11-10 00:00:00+00:00,0.0,,0.05323597224847254
ht2.vwap_reversion,1d,META,2020-11-10 00:00:00+00:00,2020-11-11 00:00:00+00:00,0.0,,0.014866074919575034
ht2.vwap_reversion,1w,META,2020-11-10 00:00:00+00:00,2020-11-17 00:00:00+00:00,0.0,,0.009433653103372519
ht2.vwap_reversion,5w,META,2020-11-10 00:00:00+00:00,2020-12-16 00:00:00+00:00,0.0,,0.011892950338536101
ht2.vwap_reversion,1d,META,2020-12-16 00:00:00+00:00,2020-12-17 00:00:00+00:00,0.0,,-0.004316702626159796
ht2.vwap_reversion,1w,META,2020-12-16 00:00:00+00:00,2020-12-23 00:00:00+00:00,0.0,,-0.02742413887064854
ht2.vwap_reversion,5w,META,2020-12-16 00:00:00+00:00,2021-01-25 00:00:00+00:00,0.0,,0.008488562200988925
ht2.vwap_reversion,1d,META,2021-01-25 00:00:00+00:00,2021-01-26 00:00:00+00:00,0.0,,0.014531592881968924
ht2.vwap_reversion,1w,META,2021-01-25 00:00:00+00:00,2021-02-01 00:00:00+00:00,0.0,,-0.05755198669934247
ht2.vwap_reversion,5w,META,2021-01-25 00:00:00+00:00,2021-03-02 00:00:00+00:00,0.0,,-0.0683791462539689
ht2.vwap_reversion,1d,META,2021-03-02 00:00:00+00:00,2021-03-03 00:00:00+00:00,0.0,,-0.013860700144811
ht2.vwap_reversion,1w,META,2021-03-02 00:00:00+00:00,2021-03-09 00:00:00+00:00,0.0,,0.026023320251642668
ht2.vwap_reversion,5w,META,2021-03-02 00:00:00+00:00,2021-04-07 00:00:00+00:00,0.0,,0.20884185497474106
ht2.vwap_reversion,1d,META,2021-04-07 00:00:00+00:00,2021-04-08 00:00:00+00:00,0.0,,-0.0002235982923933788
ht2.vwap_reversion,1w,META,2021-04-07 00:00:00+00:00,2021-04-14 00:00:00+00:00,0.0,,-0.032802085816119986
ht2.vwap_reversion,5w,META,2021-04-07 00:00:00+00:00,2021-05-12 00:00:00+00:00,0.0,,-0.03366432566924127
ht2.vwap_reversion,1d,META,2021-05-12 00:00:00+00:00,2021-05-13 00:00:00+00:00,0.0,,0.008957272318315557
ht2.vwap_reversion,1w,META,2021-05-12 00:00:00+00:00,2021-05-19 00:00:00+00:00,0.0,,0.036489775742071684
ht2.vwap_reversion,5w,META,2021-05-12 00:00:00+00:00,2021-06-17 00:00:00+00:00,0.0,,0.11224587915512307
ht2.vwap_reversion,1d,META,2021-06-17 00:00:00+00:00,2021-06-18 00:00:00+00:00,0.0,,-0.020355929147175433
ht2.vwap_reversion,1w,META,2021-06-17 00:00:00+00:00,2021-06-24 00:00:00+00:00,0.0,,0.0198210171999762
ht2.vwap_reversion,5w,META,2021-06-17 00:00:00+00:00,2021-07-23 00:00:00+00:00,0.0,,0.09889750686387999
ht2.vwap_reversion,1d,META,2021-07-23 00:00:00+00:00,2021-07-26 00:00:00+00:00,-1.0,0.0,0.007220235240405826
ht2.vwap_reversion,1w,META,2021-07-23 00:00:00+00:00,2021-07-30 00:00:00+00:00,-1.0,1.0,-0.03648030348831233
ht2.vwap_reversion,5w,META,2021-07-23 00:00:00+00:00,2021-08-27 00:00:00+00:00,-1.0,0.0,0.007679949969184419
ht2.vwap_reversion,1d,META,2021-08-27 00:00:00+00:00,2021-08-30 00:00:00+00:00,0.0,,0.021549569329993412
ht2.vwap_reversion,1w,META,2021-08-27 00:00:00+00:00,2021-09-03 00:00:00+00:00,0.0,,0.009741617824187143
ht2.vwap_reversion,5w,META,2021-08-27 00:00:00+00:00,2021-10-04 00:00:00+00:00,0.0,,-0.12452025343259154
ht2.vwap_reversion,1d,META,2021-10-04 00:00:00+00:00,2021-10-05 00:00:00+00:00,0.0,,0.02062962496017673
ht2.vwap_reversion,1w,META,2021-10-04 00:00:00+00:00,2021-10-11 00:00:00+00:00,0.0,,-0.0023908996335514354
ht2.vwap_reversion,5w,META,2021-10-04 00:00:00+00:00,2021-11-08 00:00:00+00:00,0.0,,0.03797931233891427
ht2.vwap_reversion,1d,META,2021-11-08 00:00:00+00:00,2021-11-09 00:00:00+00:00,0.0,,-0.009597602903964386
ht2.vwap_reversion,1w,META,2021-11-08 00:00:00+00:00,2021-11-15 00:00:00+00:00,0.0,,0.0264012039301742
ht2.vwap_reversion,5w,META,2021-11-08 00:00:00+00:00,2021-12-14 00:00:00+00:00,0.0,,-0.01441135984087727
ht2.vwap_reversion,1d,META,2021-12-14 00:00:00+00:00,2021-12-15 00:00:00+00:00,0.0,,0.023731010846622436
ht2.vwap_reversion,1w,META,2021-12-14 00:00:00+00:00,2021-12-21 00:00:00+00:00,0.0,,0.0013783123265693753
ht2.vwap_reversion,5w,META,2021-12-14 00:00:00+00:00,2022-01-20 00:00:00+00:00,0.0,,-0.051477410233973675
ht2.vwap_reversion,1d,META,2022-01-20 00:00:00+00:00,2022-01-21 00:00:00+00:00,0.0,,-0.042298364501750396
ht2.vwap_reversion,1w,META,2022-01-20 00:00:00+00:00,2022-01-27 00:00:00+00:00,0.0,,-0.06924420324625624
ht2.vwap_reversion,5w,META,2022-01-20 00:00:00+00:00,2022-02-25 00:00:00+00:00,0.0,,-0.3351023336391532
ht2.vwap_reversion,1d,META,2022-02-25 00:00:00+00:00,2022-02-28 00:00:00+00:00,0.0,,0.002613219587014326
ht2.vwap_reversion,1w,META,2022-02-25 00:00:00+00:00,2022-03-04 00:00:00+00:00,0.0,,-0.04950571294865569
ht2.vwap_reversion,5w,META,2022-02-25 00:00:00+00:00,2022-04-01 00:00:00+00:00,0.0,,0.06827280248548728
ht2.vwap_reversion,1d,META,2022-04-01 00:00:00+00:00,2022-04-04 00:00:00+00:00,0.0,,0.04020442930153312
ht2.vwap_reversion,1w,META,2022-04-01 00:00:00+00:00,2022-04-08 00:00:00+00:00,0.0,,-0.011207739588478649
ht2.vwap_reversion,5w,META,2022-04-01 00:00:00+00:00,2022-05-09 00:00:00+00:00,0.0,,-0.12737378996193394
ht2.vwap_reversion,1d,META,2022-05-09 00:00:00+00:00,2022-05-10 00:00:00+00:00,0.0,,0.00733889218250483
ht2.vwap_reversion,1w,META,2022-05-09 00:00:00+00:00,2022-05-16 00:00:00+00:00,0.0,,0.01951959549640514
ht2.vwap_reversion,5w,META,2022-05-09 00:00:00+00:00,2022-06-14 00:00:00+00:00,0.0,,-0.16553701795176123
ht2.vwap_reversion,1d,META,2022-06-14 00:00:00+00:00,2022-06-15 00:00:00+00:00,0.0,,0.03432479047743864
ht2.vwap_reversion,1w,META,2022-06-14 00:00:00+00:00,2022-06-22 00:00:00+00:00,0.0,,-0.048127999374248054
ht2.vwap_reversion,5w,META,2022-06-14 00:00:00+00:00,2022-07-21 00:00:00+00:00,0.0,,0.11873211516017701
ht2.vwap_reversion,1d,META,2022-07-21 00:00:00+00:00,2022-07-22 00:00:00+00:00,0.0,,-0.07588599474341107
ht2.vwap_reversion,1w,META,2022-07-21 00:00:00+00:00,2022-07-28 00:00:00+00:00,0.0,,-0.12256376866302532
ht2.vwap_reversion,5w,META,2022-07-21 00:00:00+00:00,2022-08-25 00:00:00+00:00,0.0,,-0.07856092893520628
ht2.vwap_reversion,1d,META,2022-08-25 00:00:00+00:00,2022-08-26 00:00:00+00:00,0.0,,-0.041474150464783976
ht2.vwap_reversion,1w,META,2022-08-25 00:00:00+00:00,2022-09-01 00:00:00+00:00,0.0,,-0.02026315295072134
ht2.vwap_reversion,5w,META,2022-08-25 00:00:00+00:00,2022-09-30 00:00:00+00:00,0.0,,-0.1961134451290748
ht2.vwap_reversion,1d,META,2022-09-30 00:00:00+00:00,2022-10-03 00:00:00+00:00,0.0,,0.02159505488558766
ht2.vwap_reversion,1w,META,2022-09-30 00:00:00+00:00,2022-10-07 00:00:00+00:00,0.0,,-0.0164356122478847
ht2.vwap_reversion,5w,META,2022-09-30 00:00:00+00:00,2022-11-04 00:00:00+00:00,0.0,,-0.3308518968365599
ht2.vwap_reversion,1d,META,2022-11-04 00:00:00+00:00,2022-11-07 00:00:00+00:00,0.0,,0.06531549020399052
ht2.vwap_reversion,1w,META,2022-11-04 00:00:00+00:00,2022-11-11 00:00:00+00:00,0.0,,0.24485064811100554
ht2.vwap_reversion,5w,META,2022-11-04 00:00:00+00:00,2022-12-12 00:00:00+00:00,0.0,,0.2634650838609218
ht2.vwap_reversion,1d,META,2022-12-12 00:00:00+00:00,2022-12-13 00:00:00+00:00,0.0,,0.047423962813628595
ht2.vwap_reversion,1w,META,2022-12-12 00:00:00+00:00,2022-12-19 00:00:00+00:00,0.0,,-0.002005047507830593
ht2.vwap_reversion,5w,META,2022-12-12 00:00:00+00:00,2023-01-19 00:00:00+00:00,0.0,,0.1869060011533521
ht2.vwap_reversion,1d,META,2023-01-19 00:00:00+00:00,2023-01-20 00:00:00+00:00,0.0,,0.02365051104278404
ht2.vwap_reversion,1w,META,2023-01-19 00:00:00+00:00,2023-01-26 00:00:00+00:00,0.0,,0.0818949396792692
ht2.vwap_reversion,5w,META,2023-01-19 00:00:00+00:00,2023-02-24 00:00:00+00:00,0.0,,0.25148738526353487
ht2.vwap_reversion,1d,META,2023-02-24 00:00:00+00:00,2023-02-27 00:00:00+00:00,0.0,,-0.004988404594944096
ht2.vwap_reversion,1w,META,2023-02-24 00:00:00+00:00,2023-03-03 00:00:00+00:00,0.0,,0.08721175564758243
ht2.vwap_reversion,5w,META,2023-02-24 00:00:00+00:00,2023-03-31 00:00:00+00:00,0.0,,0.24385266468469902
ht2.vwap_reversion,1d,META,2023-03-31 00:00:00+00:00,2023-04-03 00:00:00+00:00,-1.0,0.0,0.005331550170236454
ht2.vwap_reversion,1w,META,2023-03-31 00:00:00+00:00,2023-04-10 00:00:00+00:00,-1.0,0.0,0.013258244678127529
ht2.vwap_reversion,5w,META,2023-03-31 00:00:00+00:00,2023-05-08 00:00:00+00:00,-1.0,0.0,0.10064151601981619
ht2.vwap_reversion,1d,META,2023-05-08 00:00:00+00:00,2023-05-09 00:00:00+00:00,0.0,,0.0004286514707871891
ht2.vwap_reversion,1w,META,2023-05-08 00:00:00+00:00,2023-05-15 00:00:00+00:00,0.0,,0.023963570431837944
ht2.vwap_reversion,5w,META,2023-05-08 00:00:00+00:00,2023-06-13 00:00:00+00:00,0.0,,0.16311567591494103
ht2.vwap_reversion,1d,META,2023-06-13 00:00:00+00:00,2023-06-14 00:00:00+00:00,0.0,,0.007481941900917111
ht2.vwap_reversion,1w,META,2023-06-13 00:00:00+00:00,2023-06-21 00:00:00+00:00,0.0,,0.03803638170838819
ht2.vwap_reversion,5w,META,2023-06-13 00:00:00+00:00,2023-07-20 00:00:00+00:00,0.0,,0.11499315800581389
ht2.vwap_reversion,1d,META,2023-07-20 00:00:00+00:00,2023-07-21 00:00:00+00:00,0.0,,-0.027303728217465073
ht2.vwap_reversion,1w,META,2023-07-20 00:00:00+00:00,2023-07-27 00:00:00+00:00,0.0,,0.030378215226302352
ht2.vwap_reversion,5w,META,2023-07-20 00:00:00+00:00,2023-08-24 00:00:00+00:00,0.0,,-0.052128694533657316
ht2.vwap_reversion,1d,META,2023-08-24 00:00:00+00:00,2023-08-25 00:00:00+00:00,0.0,,-0.0043591512006964095
ht2.vwap_reversion,1w,META,2023-08-24 00:00:00+00:00,2023-08-31 00:00:00+00:00,0.0,,0.03187463578010363
ht2.vwap_reversion,5w,META,2023-08-24 00:00:00+00:00,2023-09-29 00:00:00+00:00,0.0,,0.04693997312556397
ht2.vwap_reversion,1d,META,2023-09-29 00:00:00+00:00,2023-10-02 00:00:00+00:00,0.0,,0.02201802423734156
ht2.vwap_reversion,1w,META,2023-09-29 00:00:00+00:00,2023-10-06 00:00:00+00:00,0.0,,0.05069779494684323
ht2.vwap_reversion,5w,META,2023-09-29 00:00:00+00:00,2023-11-03 00:00:00+00:00,0.0,,0.04793323630357005
ht2.vwap_reversion,1d,META,2023-11-03 00:00:00+00:00,2023-11-06 00:00:00+00:00,0.0,,0.0038141416909065473
ht2.vwap_reversion,1w,META,2023-11-03 00:00:00+00:00,2023-11-10 00:00:00+00:00,0.0,,0.04504116077042197
ht2.vwap_reversion,5w,META,2023-11-03 00:00:00+00:00,2023-12-11 00:00:00+00:00,0.0,,0.03394759310407247
ht2.vwap_reversion,1d,META,2023-12-11 00:00:00+00:00,2023-12-12 00:00:00+00:00,0.0,,0.02748403651414333
ht2.vwap_reversion,1w,META,2023-12-11 00:00:00+00:00,2023-12-18 00:00:00+00:00,0.0,,0.05945672094270793
ht2.vwap_reversion,5w,META,2023-12-11 00:00:00+00:00,2024-01-18 00:00:00+00:00,0.0,,0.15632707513958954
ht2.vwap_reversion,1d,META,2024-01-18 00:00:00+00:00,2024-01-19 00:00:00+00:00,0.0,,0.019461294717565414
ht2.vwap_reversion,1w,META,2024-01-18 00:00:00+00:00,2024-01-25 00:00:00+00:00,0.0,,0.04532999479936439
ht2.vwap_reversion,5w,META,2024-01-18 00:00:00+00:00,2024-02-23 00:00:00+00:00,0.0,,0.288234205054978
ht2.vwap_reversion,1d,META,2024-02-23 00:00:00+00:00,2024-02-26 00:00:00+00:00,0.0,,-0.004731211816936143
ht2.vwap_reversion,1w,META,2024-02-23 00:00:00+00:00,2024-03-01 00:00:00+00:00,0.0,,0.03774549681599715
ht2.vwap_reversion,5w,META,2024-02-23 00:00:00+00:00,2024-04-01 00:00:00+00:00,0.0,,0.015123028280531914
ht2.vwap_reversion,1d,META,2024-04-01 00:00:00+00:00,2024-04-02 00:00:00+00:00,0.0,,0.012251981463240247
ht2.vwap_reversion,1w,META,2024-04-01 00:00:00+00:00,2024-04-08 00:00:00+00:00,0.0,,0.05678231424591851
ht2.vwap_reversion,5w,META,2024-04-01 00:00:00+00:00,2024-05-06 00:00:00+00:00,0.0,,-0.052243884993579126
ht2.vwap_reversion,1d,META,2024-05-06 00:00:00+00:00,2024-05-07 00:00:00+00:00,0.0,,0.005497332825451062
ht2.vwap_reversion,1w,META,2024-05-06 00:00:00+00:00,2024-05-13 00:00:00+00:00,0.0,,0.0050035608114211705
ht2.vwap_reversion,5w,META,2024-05-06 00:00:00+00:00,2024-06-11 00:00:00+00:00,0.0,,0.08973971208145293
ht2.vwap_reversion,1d,META,2024-06-11 00:00:00+00:00,2024-06-12 00:00:00+00:00,0.0,,0.002699752931701216
ht2.vwap_reversion,1w,META,2024-06-11 00:00:00+00:00,2024-06-18 00:00:00+00:00,0.0,,-0.014747741267314374
ht2.vwap_reversion,5w,META,2024-06-11 00:00:00+00:00,2024-07-18 00:00:00+00:00,0.0,,-0.061378019344896395
ht2.vwap_reversion,1d,META,2024-07-18 00:00:00+00:00,2024-07-19 00:00:00+00:00,0.0,,0.0019754427104181627
ht2.vwap_reversion,1w,META,2024-07-18 00:00:00+00:00,2024-07-25 00:00:00+00:00,0.0,,-0.047157795241427936
ht2.vwap_reversion,5w,META,2024-07-18 00:00:00+00:00,2024-08-22 00:00:00+00:00,0.0,,0.11785200546463614
ht2.vwap_reversion,1d,META,2024-08-22 00:00:00+00:00,2024-08-23 00:00:00+00:00,0.0,,-0.007387987514418937
ht2.vwap_reversion,1w,META,2024-08-22 00:00:00+00:00,2024-08-29 00:00:00+00:00,0.0,,-0.025773978269211573
ht2.vwap_reversion,5w,META,2024-08-22 00:00:00+00:00,2024-09-27 00:00:00+00:00,0.0,,0.0676241471378276
ht2.vwap_reversion,1d,META,2024-09-27 00:00:00+00:00,2024-09-30 00:00:00+00:00,0.0,,0.008953902915352474
ht2.vwap_reversion,1w,META,2024-09-27 00:00:00+00:00,2024-10-04 00:00:00+00:00,0.0,,0.050373764532131604
ht2.vwap_reversion,5w,META,2024-09-27 00:00:00+00:00,2024-11-01 00:00:00+00:00,0.0,,-0.0003522875428052519
ht2.vwap_reversion,1d,META,2024-11-01 00:00:00+00:00,2024-11-04 00:00:00+00:00,0.0,,-0.011425455510513105
ht2.vwap_reversion,1w,META,2024-11-01 00:00:00+00:00,2024-11-08 00:00:00+00:00,0.0,,0.03910698270866475
ht2.vwap_reversion,5w,META,2024-11-01 00:00:00+00:00,2024-12-09 00:00:00+00:00,0.0,,0.08182867466577703
ht2.vwap_reversion,1d,META,2024-12-09 00:00:00+00:00,2024-12-10 00:00:00+00:00,0.0,,0.009371274783709138
ht2.vwap_reversion,1w,META,2024-12-09 00:00:00+00:00,2024-12-16 00:00:00+00:00,0.0,,0.018210695607152383
ht2.vwap_reversion,5w,META,2024-12-09 00:00:00+00:00,2025-01-16 00:00:00+00:00,0.0,,-0.0028960828795749904
ht2.vwap_reversion,1d,META,2025-01-16 00:00:00+00:00,2025-01-17 00:00:00+00:00,0.0,,0.0024048094985911206
ht2.vwap_reversion,1w,META,2025-01-16 00:00:00+00:00,2025-01-24 00:00:00+00:00,0.0,,0.05920174010799206
ht2.vwap_reversion,5w,META,2025-01-16 00:00:00+00:00,2025-02-24 00:00:00+00:00,0.0,,0.09296579926829263
ht2.vwap_reversion,1d,META,2025-02-24 00:00:00+00:00,2025-02-25 00:00:00+00:00,1.0,0.0,-0.01591004921507333
ht2.vwap_reversion,1w,META,2025-02-24 00:00:00+00:00,2025-03-03 00:00:00+00:00,1.0,0.0,-0.01957696647538132
ht2.vwap_reversion,5w,META,2025-02-24 00:00:00+00:00,2025-03-31 00:00:00+00:00,1.0,0.0,-0.13658608102727665
ht2.vwap_reversion,1d,META,2025-03-31 00:00:00+00:00,2025-04-01 00:00:00+00:00,0.0,,0.01672568494446991
ht2.vwap_reversion,1w,META,2025-03-31 00:00:00+00:00,2025-04-07 00:00:00+00:00,0.0,,-0.10429233569052021
ht2.vwap_reversion,5w,META,2025-03-31 00:00:00+00:00,2025-05-06 00:00:00+00:00,0.0,,0.01899873216320347
ht2.vwap_reversion,1d,META,2025-05-06 00:00:00+00:00,2025-05-07 00:00:00+00:00,0.0,,0.016175312215695126
ht2.vwap_reversion,1w,META,2025-05-06 00:00:00+00:00,2025-05-13 00:00:00+00:00,0.0,,0.11700798826838832
ht2.vwap_reversion,5w,META,2025-05-06 00:00:00+00:00,2025-06-11 00:00:00+00:00,0.0,,0.18189705644356402
ht2.vwap_reversion,1d,META,2025-06-11 00:00:00+00:00,2025-06-12 00:00:00+00:00,0.0,,-0.0011237827893579855
ht2.vwap_reversion,1w,META,2025-06-11 00:00:00+00:00,2025-06-18 00:00:00+00:00,0.0,,0.0031194705852128912
ht2.vwap_reversion,5w,META,2025-06-11 00:00:00+00:00,2025-07-18 00:00:00+00:00,0.0,,0.01538855833914976
ht2.vwap_reversion,1d,META,2025-07-18 00:00:00+00:00,2025-07-21 00:00:00+00:00,0.0,,0.012339031305094617
ht2.vwap_reversion,1w,META,2025-07-18 00:00:00+00:00,2025-07-25 00:00:00+00:00,0.0,,0.011927162206258446
ht2.vwap_reversion,5w,META,2025-07-18 00:00:00+00:00,2025-08-22 00:00:00+00:00,0.0,,0.0717187827003154
ht2.vwap_reversion,1d,META,2025-08-22 00:00:00+00:00,2025-08-25 00:00:00+00:00,0.0,,-0.001974106774083384
ht2.vwap_reversion,1w,META,2025-08-22 00:00:00+00:00,2025-08-29 00:00:00+00:00,0.0,,-0.021317237814679313
ht2.vwap_reversion,5w,META,2025-08-22 00:00:00+00:00,2025-09-29 00:00:00+00:00,0.0,,-0.014425509616560195
ht2.vwap_reversion,1d,META,2025-09-29 00:00:00+00:00,2025-09-30 00:00:00+00:00,0.0,,-0.012133496198759475
ht2.vwap_reversion,1w,META,2025-09-29 00:00:00+00:00,2025-10-06 00:00:00+00:00,0.0,,-0.03731510434694785
ht2.vwap_reversion,5w,META,2025-09-29 00:00:00+00:00,2025-11-03 00:00:00+00:00,0.0,,-0.14217117810427504
ht2.vwap_reversion,1d,META,2025-11-03 00:00:00+00:00,2025-11-04 00:00:00+00:00,0.0,,-0.016292655974103454
ht2.vwap_reversion,1w,META,2025-11-03 00:00:00+00:00,2025-11-10 00:00:00+00:00,0.0,,-0.009330171938052412
ht2.vwap_reversion,5w,META,2025-11-03 00:00:00+00:00,2025-12-09 00:00:00+00:00,0.0,,0.030186149553546704
ht2.vwap_reversion,1d,META,2025-12-09 00:00:00+00:00,2025-12-10 00:00:00+00:00,0.0,,-0.010396330527153719
ht2.vwap_reversion,1w,META,2025-12-09 00:00:00+00:00,2025-12-16 00:00:00+00:00,0.0,,0.001105003664871429
ht2.vwap_reversion,5w,META,2025-12-09 00:00:00+00:00,2026-01-15 00:00:00+00:00,0.0,,-0.05427074182604208
ht2.vwap_reversion,1d,META,2026-01-15 00:00:00+00:00,2026-01-16 00:00:00+00:00,0.0,,-0.0008859384092072542
ht2.vwap_reversion,1w,META,2026-01-15 00:00:00+00:00,2026-01-23 00:00:00+00:00,0.0,,0.06114698639111937
ht2.vwap_reversion,5w,META,2026-01-15 00:00:00+00:00,2026-02-23 00:00:00+00:00,0.0,,0.02649807802088744
ht2.vwap_reversion,1d,META,2026-02-23 00:00:00+00:00,2026-02-24 00:00:00+00:00,0.0,,0.0032169100450167853
ht2.vwap_reversion,1w,META,2026-02-23 00:00:00+00:00,2026-03-02 00:00:00+00:00,0.0,,0.025594330055719094
ht2.vwap_reversion,5w,META,2026-02-23 00:00:00+00:00,2026-03-30 00:00:00+00:00,0.0,,-0.15756881545997437
ht2.vwap_reversion,1d,META,2026-03-30 00:00:00+00:00,2026-03-31 00:00:00+00:00,0.0,,0.06665043264096115
ht2.vwap_reversion,1w,META,2026-03-30 00:00:00+00:00,2026-04-07 00:00:00+00:00,0.0,,0.0720943362422839
ht2.vwap_reversion,5w,META,2026-03-30 00:00:00+00:00,2026-05-05 00:00:00+00:00,0.0,,0.1278570755769448
ht2.vwap_reversion,1d,META,2026-05-05 00:00:00+00:00,2026-05-06 00:00:00+00:00,0.0,,0.0130917616958246
ht2.vwap_reversion,1w,META,2026-05-05 00:00:00+00:00,2026-05-12 00:00:00+00:00,0.0,,-0.0032398931702712908
ht2.vwap_reversion,5w,META,2026-05-05 00:00:00+00:00,2026-06-10 00:00:00+00:00,0.0,,-0.056169020974225936
ht2.vwap_reversion,1d,META,2026-06-10 00:00:00+00:00,2026-06-11 00:00:00+00:00,0.0,,-0.004466057810845303
ht2.vwap_reversion,1w,META,2026-06-10 00:00:00+00:00,2026-06-17 00:00:00+00:00,0.0,,-0.0050333426989194185
ht2.vwap_reversion,5w,META,2026-06-10 00:00:00+00:00,2026-07-17 00:00:00+00:00,0.0,,0.13245428071122256
ht2.vwap_reversion,1d,META,2026-07-17 00:00:00+00:00,2026-07-20 00:00:00+00:00,0.0,,-0.0002477270897792705
ht2.vwap_reversion,1w,META,2026-07-17 00:00:00+00:00,2026-07-24 00:00:00+00:00,0.0,,-0.07866752303521807
ht2.vwap_reversion,5w,META,2026-07-17 00:00:00+00:00,2026-08-21 00:00:00+00:00,0.0,,-0.1487747618437547
ht2.vwap_reversion,1d,MSFT,2018-09-05 00:00:00+00:00,2018-09-06 00:00:00+00:00,0.0,,0.0023041360883606643
ht2.vwap_reversion,1w,MSFT,2018-09-05 00:00:00+00:00,2018-09-12 00:00:00+00:00,0.0,,0.029680223254773708
ht2.vwap_reversion,5w,MSFT,2018-09-05 00:00:00+00:00,2018-10-10 00:00:00+00:00,0.0,,-0.021476505172797644
ht2.vwap_reversion,1d,MSFT,2018-10-10 00:00:00+00:00,2018-10-11 00:00:00+00:00,1.0,0.0,-0.0023552503824691984
ht2.vwap_reversion,1w,MSFT,2018-10-10 00:00:00+00:00,2018-10-17 00:00:00+00:00,1.0,1.0,0.04285959489134461
ht2.vwap_reversion,5w,MSFT,2018-10-10 00:00:00+00:00,2018-11-14 00:00:00+00:00,1.0,0.0,-0.006937892701844417
ht2.vwap_reversion,1d,MSFT,2018-11-14 00:00:00+00:00,2018-11-15 00:00:00+00:00,0.0,,0.022006067355984538
ht2.vwap_reversion,1w,MSFT,2018-11-14 00:00:00+00:00,2018-11-21 00:00:00+00:00,0.0,,-0.017719503101259138
ht2.vwap_reversion,5w,MSFT,2018-11-14 00:00:00+00:00,2018-12-21 00:00:00+00:00,0.0,,-0.06420879884659747
ht2.vwap_reversion,1d,MSFT,2018-12-21 00:00:00+00:00,2018-12-24 00:00:00+00:00,0.0,,-0.041738912511381954
ht2.vwap_reversion,1w,MSFT,2018-12-21 00:00:00+00:00,2018-12-31 00:00:00+00:00,0.0,,0.03400160391622875
ht2.vwap_reversion,5w,MSFT,2018-12-21 00:00:00+00:00,2019-01-30 00:00:00+00:00,0.0,,0.08296824747090814
ht2.vwap_reversion,1d,MSFT,2019-01-30 00:00:00+00:00,2019-01-31 00:00:00+00:00,0.0,,-0.01833053479018021
ht2.vwap_reversion,1w,MSFT,2019-01-30 00:00:00+00:00,2019-02-06 00:00:00+00:00,0.0,,-0.003289830951949013
ht2.vwap_reversion,5w,MSFT,2019-01-30 00:00:00+00:00,2019-03-07 00:00:00+00:00,0.0,,0.04212671383770061
ht2.vwap_reversion,1d,MSFT,2019-03-07 00:00:00+00:00,2019-03-08 00:00:00+00:00,1.0,1.0,0.001087267563157468
ht2.vwap_reversion,1w,MSFT,2019-03-07 00:00:00+00:00,2019-03-14 00:00:00+00:00,1.0,1.0,0.03804703681284116
ht2.vwap_reversion,5w,MSFT,2019-03-07 00:00:00+00:00,2019-04-11 00:00:00+00:00,1.0,1.0,0.09004439225599614
ht2.vwap_reversion,1d,MSFT,2019-04-11 00:00:00+00:00,2019-04-12 00:00:00+00:00,0.0,,0.005152678688746137
ht2.vwap_reversion,1w,MSFT,2019-04-11 00:00:00+00:00,2019-04-18 00:00:00+00:00,0.0,,0.02526381835756797
ht2.vwap_reversion,5w,MSFT,2019-04-11 00:00:00+00:00,2019-05-17 00:00:00+00:00,0.0,,0.06826299365464261
ht2.vwap_reversion,1d,MSFT,2019-05-17 00:00:00+00:00,2019-05-20 00:00:00+00:00,0.0,,-0.014445271997320486
ht2.vwap_reversion,1w,MSFT,2019-05-17 00:00:00+00:00,2019-05-24 00:00:00+00:00,0.0,,-0.014289218563862116
ht2.vwap_reversion,5w,MSFT,2019-05-17 00:00:00+00:00,2019-06-24 00:00:00+00:00,0.0,,0.0758178773160667
ht2.vwap_reversion,1d,MSFT,2019-06-24 00:00:00+00:00,2019-06-25 00:00:00+00:00,0.0,,-0.031572316698437075
ht2.vwap_reversion,1w,MSFT,2019-06-24 00:00:00+00:00,2019-07-01 00:00:00+00:00,0.0,,-0.015241653215785633
ht2.vwap_reversion,5w,MSFT,2019-06-24 00:00:00+00:00,2019-07-30 00:00:00+00:00,0.0,,0.018652794267637995
ht2.vwap_reversion,1d,MSFT,2019-07-30 00:00:00+00:00,2019-07-31 00:00:00+00:00,0.0,,-0.02906979442040003
ht2.vwap_reversion,1w,MSFT,2019-07-30 00:00:00+00:00,2019-08-06 00:00:00+00:00,0.0,,-0.04032753155525981
ht2.vwap_reversion,5w,MSFT,2019-07-30 00:00:00+00:00,2019-09-04 00:00:00+00:00,0.0,,-0.01611451632437433
ht2.vwap_reversion,1d,MSFT,2019-09-04 00:00:00+00:00,2019-09-05 00:00:00+00:00,0.0,,0.01758334633266223
ht2.vwap_reversion,1w,MSFT,2019-09-04 00:00:00+00:00,2019-09-11 00:00:00+00:00,0.0,,-0.010971610526662068
ht2.vwap_reversion,5w,MSFT,2019-09-04 00:00:00+00:00,2019-10-09 00:00:00+00:00,0.0,,0.004432270076653033
ht2.vwap_reversion,1d,MSFT,2019-10-09 00:00:00+00:00,2019-10-10 00:00:00+00:00,0.0,,0.006220948072721111
ht2.vwap_reversion,1w,MSFT,2019-10-09 00:00:00+00:00,2019-10-16 00:00:00+00:00,0.0,,0.015697284992554073
ht2.vwap_reversion,5w,MSFT,2019-10-09 00:00:00+00:00,2019-11-13 00:00:00+00:00,0.0,,0.06561054740351868
ht2.vwap_reversion,1d,MSFT,2019-11-13 00:00:00+00:00,2019-11-14 00:00:00+00:00,0.0,,0.005091035514310338
ht2.vwap_reversion,1w,MSFT,2019-11-13 00:00:00+00:00,2019-11-20 00:00:00+00:00,0.0,,0.019136961799112395
ht2.vwap_reversion,5w,MSFT,2019-11-13 00:00:00+00:00,2019-12-19 00:00:00+00:00,0.0,,0.06061962027693957
ht2.vwap_reversion,1d,MSFT,2019-12-19 00:00:00+00:00,2019-12-20 00:00:00+00:00,0.0,,0.010917314265078026
ht2.vwap_reversion,1w,MSFT,2019-12-19 00:00:00+00:00,2019-12-27 00:00:00+00:00,0.0,,0.020871812645792076
ht2.vwap_reversion,5w,MSFT,2019-12-19 00:00:00+00:00,2020-01-28 00:00:00+00:00,0.0,,0.06261626884644578
ht2.vwap_reversion,1d,MSFT,2020-01-28 00:00:00+00:00,2020-01-29 00:00:00+00:00,0.0,,0.015592697362562857
ht2.vwap_reversion,1w,MSFT,2020-01-28 00:00:00+00:00,2020-02-04 00:00:00+00:00,0.0,,0.08860157568083826
ht2.vwap_reversion,5w,MSFT,2020-01-28 00:00:00+00:00,2020-03-04 00:00:00+00:00,0.0,,0.033577760034108506
ht2.vwap_reversion,1d,MSFT,2020-03-04 00:00:00+00:00,2020-03-05 00:00:00+00:00,0.0,,-0.025095397766437877
ht2.vwap_reversion,1w,MSFT,2020-03-04 00:00:00+00:00,2020-03-11 00:00:00+00:00,0.0,,-0.09920847585902914
ht2.vwap_reversion,5w,MSFT,2020-03-04 00:00:00+00:00,2020-04-08 00:00:00+00:00,0.0,,-0.03177955382660158
ht2.vwap_reversion,1d,MSFT,2020-04-08 00:00:00+00:00,2020-04-09 00:00:00+00:00,0.0,,6.055657942849457e-05
ht2.vwap_reversion,1w,MSFT,2020-04-08 00:00:00+00:00,2020-04-16 00:00:00+00:00,0.0,,0.07212513255298036
ht2.vwap_reversion,5w,MSFT,2020-04-08 00:00:00+00:00,2020-05-14 00:00:00+00:00,0.0,,0.09325976946110215
ht2.vwap_reversion,1d,MSFT,2020-05-14 00:00:00+00:00,2020-05-15 00:00:00+00:00,0.0,,0.014568506232273792
ht2.vwap_reversion,1w,MSFT,2020-05-14 00:00:00+00:00,2020-05-21 00:00:00+00:00,0.0,,0.018893905631515384
ht2.vwap_reversion,5w,MSFT,2020-05-14 00:00:00+00:00,2020-06-19 00:00:00+00:00,0.0,,0.08399449450764074
ht2.vwap_reversion,1d,MSFT,2020-06-19 00:00:00+00:00,2020-06-22 00:00:00+00:00,0.0,,0.02777352870006533
ht2.vwap_reversion,1w,MSFT,2020-06-19 00:00:00+00:00,2020-06-26 00:00:00+00:00,0.0,,0.00604672146658225
ht2.vwap_reversion,5w,MSFT,2020-06-19 00:00:00+00:00,2020-07-27 00:00:00+00:00,0.0,,0.044581085259868924
ht2.vwap_reversion,1d,MSFT,2020-07-27 00:00:00+00:00,2020-07-28 00:00:00+00:00,0.0,,-0.008977085070777213
ht2.vwap_reversion,1w,MSFT,2020-07-27 00:00:00+00:00,2020-08-03 00:00:00+00:00,0.0,,0.06225179043842344
ht2.vwap_reversion,5w,MSFT,2020-07-27 00:00:00+00:00,2020-08-31 00:00:00+00:00,0.0,,0.10902710767562951
ht2.vwap_reversion,1d,MSFT,2020-08-31 00:00:00+00:00,2020-09-01 00:00:00+00:00,0.0,,0.007715435331356657
ht2.vwap_reversion,1w,MSFT,2020-08-31 00:00:00+00:00,2020-09-08 00:00:00+00:00,0.0,,-0.10140551698909017
ht2.vwap_reversion,5w,MSFT,2020-08-31 00:00:00+00:00,2020-10-06 00:00:00+00:00,0.0,,-0.08699491445321039
ht2.vwap_reversion,1d,MSFT,2020-10-06 00:00:00+00:00,2020-10-07 00:00:00+00:00,0.0,,0.0190375054769627
ht2.vwap_reversion,1w,MSFT,2020-10-06 00:00:00+00:00,2020-10-13 00:00:00+00:00,0.0,,0.08231757087557945
ht2.vwap_reversion,5w,MSFT,2020-10-06 00:00:00+00:00,2020-11-10 00:00:00+00:00,0.0,,0.024767988340332447
ht2.vwap_reversion,1d,MSFT,2020-11-10 00:00:00+00:00,2020-11-11 00:00:00+00:00,0.0,,0.02625473019325919
ht2.vwap_reversion,1w,MSFT,2020-11-10 00:00:00+00:00,2020-11-17 00:00:00+00:00,0.0,,0.016349972025268444
ht2.vwap_reversion,5w,MSFT,2020-11-10 00:00:00+00:00,2020-12-16 00:00:00+00:00,0.0,,0.04191328000569361
ht2.vwap_reversion,1d,MSFT,2020-12-16 00:00:00+00:00,2020-12-17 00:00:00+00:00,-1.0,0.0,0.0006382111346936448
ht2.vwap_reversion,1w,MSFT,2020-12-16 00:00:00+00:00,2020-12-23 00:00:00+00:00,-1.0,0.0,0.007934982304510951
ht2.vwap_reversion,5w,MSFT,2020-12-16 00:00:00+00:00,2021-01-25 00:00:00+00:00,-1.0,0.0,0.04674398472321806
ht2.vwap_reversion,1d,MSFT,2021-01-25 00:00:00+00:00,2021-01-26 00:00:00+00:00,0.0,,0.012198678576420985
ht2.vwap_reversion,1w,MSFT,2021-01-25 00:00:00+00:00,2021-02-01 00:00:00+00:00,0.0,,0.044090075448663724
ht2.vwap_reversion,5w,MSFT,2021-01-25 00:00:00+00:00,2021-03-02 00:00:00+00:00,0.0,,0.021254749312637156
ht2.vwap_reversion,1d,MSFT,2021-03-02 00:00:00+00:00,2021-03-03 00:00:00+00:00,0.0,,-0.026980856200204406
ht2.vwap_reversion,1w,MSFT,2021-03-02 00:00:00+00:00,2021-03-09 00:00:00+00:00,0.0,,-0.0003847698061384408
ht2.vwap_reversion,5w,MSFT,2021-03-02 00:00:00+00:00,2021-04-07 00:00:00+00:00,0.0,,0.06854227610455932
ht2.vwap_reversion,1d,MSFT,2021-04-07 00:00:00+00:00,2021-04-08 00:00:00+00:00,0.0,,0.013405374889780441
ht2.vwap_reversion,1w,MSFT,2021-04-07 00:00:00+00:00,2021-04-14 00:00:00+00:00,0.0,,0.02276901810134846
ht2.vwap_reversion,5w,MSFT,2021-04-07 00:00:00+00:00,2021-05-12 00:00:00+00:00,0.0,,-0.04361747891140566
ht2.vwap_reversion,1d,MSFT,2021-05-12 00:00:00+00:00,2021-05-13 00:00:00+00:00,1.0,1.0,0.01686216043950517
ht2.vwap_reversion,1w,MSFT,2021-05-12 00:00:00+00:00,2021-05-19 00:00:00+00:00,1.0,1.0,0.019587389126836108
ht2.vwap_reversion,5w,MSFT,2021-05-12 00:00:00+00:00,2021-06-17 00:00:00+00:00,1.0,1.0,0.09415252930068396
ht2.vwap_reversion,1d,MSFT,2021-06-17 00:00:00+00:00,2021-06-18 00:00:00+00:00,0.0,,-0.0056341923717775355
ht2.vwap_reversion,1w,MSFT,2021-06-17 00:00:00+00:00,2021-06-24 00:00:00+00:00,0.0,,0.02219247435187488
ht2.vwap_reversion,5w,MSFT,2021-06-17 00:00:00+00:00,2021-07-23 00:00:00+00:00,0.0,,0.11027213297521943
ht2.vwap_reversion,1d,MSFT,2021-07-23 00:00:00+00:00,2021-07-26 00:00:00+00:00,-1.0,1.0,-0.002140287839018651
ht2.vwap_reversion,1w,MSFT,2021-07-23 00:00:00+00:00,2021-07-30 00:00:00+00:00,-1.0,1.0,-0.01643259330626623
ht2.vwap_reversion,5w,MSFT,2021-07-23 00:00:00+00:00,2021-08-27 00:00:00+00:00,-1.0,0.0,0.036675580866530666
ht2.vwap_reversion,1d,MSFT,2021-08-27 00:00:00+00:00,2021-08-30 00:00:00+00:00,0.0,,0.012911935010011977
ht2.vwap_reversion,1w,MSFT,2021-08-27 00:00:00+00:00,2021-09-03 00:00:00+00:00,0.0,,0.0047377923629634555
ht2.vwap_reversion,5w,MSFT,2021-08-27 00:00:00+00:00,2021-10-04 00:00:00+00:00,0.0,,-0.055418389173937044
ht2.vwap_reversion,1d,MSFT,2021-10-04 00:00:00+00:00,2021-10-05 00:00:00+00:00,0.0,,0.019957114975153623
ht2.vwap_reversion,1w,MSFT,2021-10-04 00:00:00+00:00,2021-10-11 00:00:00+00:00,0.0,,0.03927783963345899
ht2.vwap_reversion,5w,MSFT,2021-10-04 00:00:00+00:00,2021-11-08 00:00:00+00:00,0.0,,0.19031462458867976
ht2.vwap_reversion,1d,MSFT,2021-11-08 00:00:00+00:00,2021-11-09 00:00:00+00:00,0.0,,-0.003086213269065996
ht2.vwap_reversion,1w,MSFT,2021-11-08 00:00:00+00:00,2021-11-15 00:00:00+00:00,0.0,,-0.0027300064909838717
ht2.vwap_reversion,5w,MSFT,2021-11-08 00:00:00+00:00,2021-12-14 00:00:00+00:00,0.0,,-0.023885858326703757
ht2.vwap_reversion,1d,MSFT,2021-12-14 00:00:00+00:00,2021-12-15 00:00:00+00:00,0.0,,0.019217875150802755
ht2.vwap_reversion,1w,MSFT,2021-12-14 00:00:00+00:00,2021-12-21 00:00:00+00:00,0.0,,-0.0031978879883688416
ht2.vwap_reversion,5w,MSFT,2021-12-14 00:00:00+00:00,2022-01-20 00:00:00+00:00,0.0,,-0.08143995344448918
ht2.vwap_reversion,1d,MSFT,2022-01-20 00:00:00+00:00,2022-01-21 00:00:00+00:00,0.0,,-0.018468196695640038
ht2.vwap_reversion,1w,MSFT,2022-01-20 00:00:00+00:00,2022-01-27 00:00:00+00:00,0.0,,-0.005835612548834912
ht2.vwap_reversion,5w,MSFT,2022-01-20 00:00:00+00:00,2022-02-25 00:00:00+00:00,0.0,,-0.012185844227420417
ht2.vwap_reversion,1d,MSFT,2022-02-25 00:00:00+00:00,2022-02-28 00:00:00+00:00,0.0,,0.004977850355744051
ht2.vwap_reversion,1w,MSFT,2022-02-25 00:00:00+00:00,2022-03-04 00:00:00+00:00,0.0,,-0.025058219989152364
ht2.vwap_reversion,5w,MSFT,2022-02-25 00:00:00+00:00,2022-04-01 00:00:00+00:00,0.0,,0.0407317793726889
ht2.vwap_reversion,1d,MSFT,2022-04-01 00:00:00+00:00,2022-04-04 00:00:00+00:00,0.0,,0.01793687085442741
ht2.vwap_reversion,1w,MSFT,2022-04-01 00:00:00+00:00,2022-04-08 00:00:00+00:00,0.0,,-0.04023655131360826
ht2.vwap_reversion,5w,MSFT,2022-04-01 00:00:00+00:00,2022-05-09 00:00:00+00:00,0.0,,-0.1449163937287491
ht2.vwap_reversion,1d,MSFT,2022-05-09 00:00:00+00:00,2022-05-10 00:00:00+00:00,0.0,,0.01859564151314852
ht2.vwap_reversion,1w,MSFT,2022-05-09 00:00:00+00:00,2022-05-16 00:00:00+00:00,0.0,,-0.011641004113522757
ht2.vwap_reversion,5w,MSFT,2022-05-09 00:00:00+00:00,2022-06-14 00:00:00+00:00,0.0,,-0.07377913445965523
ht2.vwap_reversion,1d,MSFT,2022-06-14 00:00:00+00:00,2022-06-15 00:00:00+00:00,0.0,,0.029735246377755375
ht2.vwap_reversion,1w,MSFT,2022-06-14 00:00:00+00:00,2022-06-22 00:00:00+00:00,0.0,,0.03533874178630958
ht2.vwap_reversion,5w,MSFT,2022-06-14 00:00:00+00:00,2022-07-21 00:00:00+00:00,0.0,,0.08323432571026368
ht2.vwap_reversion,1d,MSFT,2022-07-21 00:00:00+00:00,2022-07-22 00:00:00+00:00,0.0,,-0.01691586193993433
ht2.vwap_reversion,1w,MSFT,2022-07-21 00:00:00+00:00,2022-07-28 00:00:00+00:00,0.0,,0.043686637110418536
ht2.vwap_reversion,5w,MSFT,2022-07-21 00:00:00+00:00,2022-08-25 00:00:00+00:00,0.0,,0.05513478607238076
ht2.vwap_reversion,1d,MSFT,2022-08-25 00:00:00+00:00,2022-08-26 00:00:00+00:00,0.0,,-0.03858715110370958
ht2.vwap_reversion,1w,MSFT,2022-08-25 00:00:00+00:00,2022-09-01 00:00:00+00:00,0.0,,-0.06616462813760382
ht2.vwap_reversion,5w,MSFT,2022-08-25 00:00:00+00:00,2022-09-30 00:00:00+00:00,0.0,,-0.16478391380843227
ht2.vwap_reversion,1d,MSFT,2022-09-30 00:00:00+00:00,2022-10-03 00:00:00+00:00,1.0,1.0,0.033662527542391185
ht2.vwap_reversion,1w,MSFT,2022-09-30 00:00:00+00:00,2022-10-07 00:00:00+00:00,1.0,1.0,0.0057536492504628445
ht2.vwap_reversion,5w,MSFT,2022-09-30 00:00:00+00:00,2022-11-04 00:00:00+00:00,1.0,0.0,-0.049420224501248056
ht2.vwap_reversion,1d,MSFT,2022-11-04 00:00:00+00:00,2022-11-07 00:00:00+00:00,0.0,,0.029269472476196823
ht2.vwap_reversion,1w,MSFT,2022-11-04 00:00:00+00:00,2022-11-11 00:00:00+00:00,0.0,,0.11617505449452414
ht2.vwap_reversion,5w,MSFT,2022-11-04 00:00:00+00:00,2022-12-12 00:00:00+00:00,0.0,,0.1437805095091138
ht2.vwap_reversion,1d,MSFT,2022-12-12 00:00:00+00:00,2022-12-13 00:00:00+00:00,0.0,,0.017464802869356477
ht2.vwap_reversion,1w,MSFT,2022-12-12 00:00:00+00:00,2022-12-19 00:00:00+00:00,0.0,,-0.04776034052405487
ht2.vwap_reversion,5w,MSFT,2022-12-12 00:00:00+00:00,2023-01-19 00:00:00+00:00,0.0,,-0.08150172846679826
ht2.vwap_reversion,1d,MSFT,2023-01-19 00:00:00+00:00,2023-01-20 00:00:00+00:00,0.0,,0.03574374083721987
ht2.vwap_reversion,1w,MSFT,2023-01-19 00:00:00+00:00,2023-01-26 00:00:00+00:00,0.0,,0.06928821102260208
ht2.vwap_reversion,5w,MSFT,2023-01-19 00:00:00+00:00,2023-02-24 00:00:00+00:00,0.0,,0.07723994177037441
ht2.vwap_reversion,1d,MSFT,2023-02-24 00:00:00+00:00,2023-02-27 00:00:00+00:00,0.0,,0.0037717171869731114
ht2.vwap_reversion,1w,MSFT,2023-02-24 00:00:00+00:00,2023-03-03 00:00:00+00:00,0.0,,0.024355847215719484
ht2.vwap_reversion,5w,MSFT,2023-02-24 00:00:00+00:00,2023-03-31 00:00:00+00:00,0.0,,0.15680929150745349
ht2.vwap_reversion,1d,MSFT,2023-03-31 00:00:00+00:00,2023-04-03 00:00:00+00:00,-1.0,1.0,-0.0037115856219305243
ht2.vwap_reversion,1w,MSFT,2023-03-31 00:00:00+00:00,2023-04-10 00:00:00+00:00,-1.0,0.0,0.003780782094215951
ht2.vwap_reversion,5w,MSFT,2023-03-31 00:00:00+00:00,2023-05-08 00:00:00+00:00,-1.0,0.0,0.07058605930442319
ht2.vwap_reversion,1d,MSFT,2023-05-08 00:00:00+00:00,2023-05-09 00:00:00+00:00,0.0,,-0.005345736053444128
ht2.vwap_reversion,1w,MSFT,2023-05-08 00:00:00+00:00,2023-05-15 00:00:00+00:00,0.0,,0.0026241891253571126
ht2.vwap_reversion,5w,MSFT,2023-05-08 00:00:00+00:00,2023-06-13 00:00:00+00:00,0.0,,0.08543919547902079
ht2.vwap_reversion,1d,MSFT,2023-06-13 00:00:00+00:00,2023-06-14 00:00:00+00:00,0.0,,0.009123641839266616
ht2.vwap_reversion,1w,MSFT,2023-06-13 00:00:00+00:00,2023-06-21 00:00:00+00:00,0.0,,-0.002183655716617605
ht2.vwap_reversion,5w,MSFT,2023-06-13 00:00:00+00:00,2023-07-20 00:00:00+00:00,0.0,,0.037632038235649645
ht2.vwap_reversion,1d,MSFT,2023-07-20 00:00:00+00:00,2023-07-21 00:00:00+00:00,0.0,,-0.00893712243912781
ht2.vwap_reversion,1w,MSFT,2023-07-20 00:00:00+00:00,2023-07-27 00:00:00+00:00,0.0,,-0.04655935177958337
ht2.vwap_reversion,5w,MSFT,2023-07-20 00:00:00+00:00,2023-08-24 00:00:00+00:00,0.0,,-0.07559771354324096
ht2.vwap_reversion,1d,MSFT,2023-08-24 00:00:00+00:00,2023-08-25 00:00:00+00:00,0.0,,0.009407089060654794
ht2.vwap_reversion,1w,MSFT,2023-08-24 00:00:00+00:00,2023-08-31 00:00:00+00:00,0.0,,0.024345847909388763
ht2.vwap_reversion,5w,MSFT,2023-08-24 00:00:00+00:00,2023-09-29 00:00:00+00:00,0.0,,-0.013188900115150837
ht2.vwap_reversion,1d,MSFT,2023-09-29 00:00:00+00:00,2023-10-02 00:00:00+00:00,0.0,,0.019160788901045445
ht2.vwap_reversion,1w,MSFT,2023-09-29 00:00:00+00:00,2023-10-06 00:00:00+00:00,0.0,,0.03645297802340286
ht2.vwap_reversion,5w,MSFT,2023-09-29 00:00:00+00:00,2023-11-03 00:00:00+00:00,0.0,,0.11733987595488649
ht2.vwap_reversion,1d,MSFT,2023-11-03 00:00:00+00:00,2023-11-06 00:00:00+00:00,0.0,,0.010572432797116171
ht2.vwap_reversion,1w,MSFT,2023-11-03 00:00:00+00:00,2023-11-10 00:00:00+00:00,0.0,,0.04781736088260069
ht2.vwap_reversion,5w,MSFT,2023-11-03 00:00:00+00:00,2023-12-11 00:00:00+00:00,0.0,,0.0545736576575333
ht2.vwap_reversion,1d,MSFT,2023-12-11 00:00:00+00:00,2023-12-12 00:00:00+00:00,0.0,,0.00829493930884384
ht2.vwap_reversion,1w,MSFT,2023-12-11 00:00:00+00:00,2023-12-18 00:00:00+00:00,0.0,,0.0036359457387584726
ht2.vwap_reversion,5w,MSFT,2023-12-11 00:00:00+00:00,2024-01-18 00:00:00+00:00,0.0,,0.0607865187026273
ht2.vwap_reversion,1d,MSFT,2024-01-18 00:00:00+00:00,2024-01-19 00:00:00+00:00,0.0,,0.012186623574770294
ht2.vwap_reversion,1w,MSFT,2024-01-18 00:00:00+00:00,2024-01-25 00:00:00+00:00,0.0,,0.027927853782991674
ht2.vwap_reversion,5w,MSFT,2024-01-18 00:00:00+00:00,2024-02-23 00:00:00+00:00,0.0,,0.043742363428021624
ht2.vwap_reversion,1d,MSFT,2024-02-23 00:00:00+00:00,2024-02-26 00:00:00+00:00,0.0,,-0.006823554797736664
ht2.vwap_reversion,1w,MSFT,2024-02-23 00:00:00+00:00,2024-03-01 00:00:00+00:00,0.0,,0.012574877857550293
ht2.vwap_reversion,5w,MSFT,2024-02-23 00:00:00+00:00,2024-04-01 00:00:00+00:00,0.0,,0.03467845520081303
ht2.vwap_reversion,1d,MSFT,2024-04-01 00:00:00+00:00,2024-04-02 00:00:00+00:00,0.0,,-0.007372039741775027
ht2.vwap_reversion,1w,MSFT,2024-04-01 00:00:00+00:00,2024-04-08 00:00:00+00:00,0.0,,4.7190902883409436e-05
ht2.vwap_reversion,5w,MSFT,2024-04-01 00:00:00+00:00,2024-05-06 00:00:00+00:00,0.0,,-0.02597917825982532
ht2.vwap_reversion,1d,MSFT,2024-05-06 00:00:00+00:00,2024-05-07 00:00:00+00:00,0.0,,-0.010156206271241697
ht2.vwap_reversion,1w,MSFT,2024-05-06 00:00:00+00:00,2024-05-13 00:00:00+00:00,0.0,,0.00043521869419649306
ht2.vwap_reversion,5w,MSFT,2024-05-06 00:00:00+00:00,2024-06-11 00:00:00+00:00,0.0,,0.0481706219782958
ht2.vwap_reversion,1d,MSFT,2024-06-11 00:00:00+00:00,2024-06-12 00:00:00+00:00,-1.0,0.0,0.019367577585006623
ht2.vwap_reversion,1w,MSFT,2024-06-11 00:00:00+00:00,2024-06-18 00:00:00+00:00,-1.0,0.0,0.0315705194918916
ht2.vwap_reversion,5w,MSFT,2024-06-11 00:00:00+00:00,2024-07-18 00:00:00+00:00,-1.0,0.0,0.017772884329113392
ht2.vwap_reversion,1d,MSFT,2024-07-18 00:00:00+00:00,2024-07-19 00:00:00+00:00,0.0,,-0.007402849631313768
ht2.vwap_reversion,1w,MSFT,2024-07-18 00:00:00+00:00,2024-07-25 00:00:00+00:00,0.0,,-0.04988991599483217
ht2.vwap_reversion,5w,MSFT,2024-07-18 00:00:00+00:00,2024-08-22 00:00:00+00:00,0.0,,-0.054660904592921944
ht2.vwap_reversion,1d,MSFT,2024-08-22 00:00:00+00:00,2024-08-23 00:00:00+00:00,0.0,,0.002983964770118419
ht2.vwap_reversion,1w,MSFT,2024-08-22 00:00:00+00:00,2024-08-29 00:00:00+00:00,0.0,,-0.00584752656176224
ht2.vwap_reversion,5w,MSFT,2024-08-22 00:00:00+00:00,2024-09-27 00:00:00+00:00,0.0,,0.030008540107172132
ht2.vwap_reversion,1d,MSFT,2024-09-27 00:00:00+00:00,2024-09-30 00:00:00+00:00,0.0,,0.005326622654999946
ht2.vwap_reversion,1w,MSFT,2024-09-27 00:00:00+00:00,2024-10-04 00:00:00+00:00,0.0,,-0.027942787730038554
ht2.vwap_reversion,5w,MSFT,2024-09-27 00:00:00+00:00,2024-11-01 00:00:00+00:00,0.0,,-0.041236530262945936
ht2.vwap_reversion,1d,MSFT,2024-11-01 00:00:00+00:00,2024-11-04 00:00:00+00:00,0.0,,-0.004654293340665805
ht2.vwap_reversion,1w,MSFT,2024-11-01 00:00:00+00:00,2024-11-08 00:00:00+00:00,0.0,,0.02965617241727081
ht2.vwap_reversion,5w,MSFT,2024-11-01 00:00:00+00:00,2024-12-09 00:00:00+00:00,0.0,,0.08904836384362014
ht2.vwap_reversion,1d,MSFT,2024-12-09 00:00:00+00:00,2024-12-10 00:00:00+00:00,0.0,,-0.006031201182906232
ht2.vwap_reversion,1w,MSFT,2024-12-09 00:00:00+00:00,2024-12-16 00:00:00+00:00,0.0,,0.012488228059450712
ht2.vwap_reversion,5w,MSFT,2024-12-09 00:00:00+00:00,2025-01-16 00:00:00+00:00,0.0,,-0.04806954047796108
ht2.vwap_reversion,1d,MSFT,2025-01-16 00:00:00+00:00,2025-01-17 00:00:00+00:00,0.0,,0.010480852347833691
ht2.vwap_reversion,1w,MSFT,2025-01-16 00:00:00+00:00,2025-01-24 00:00:00+00:00,0.0,,0.04588065326147994
ht2.vwap_reversion,5w,MSFT,2025-01-16 00:00:00+00:00,2025-02-24 00:00:00+00:00,0.0,,-0.04656341408977893
ht2.vwap_reversion,1d,MSFT,2025-02-24 00:00:00+00:00,2025-02-25 00:00:00+00:00,0.0,,-0.015099195081022643
ht2.vwap_reversion,1w,MSFT,2025-02-24 00:00:00+00:00,2025-03-03 00:00:00+00:00,0.0,,-0.038391106662139185
ht2.vwap_reversion,5w,MSFT,2025-02-24 00:00:00+00:00,2025-03-31 00:00:00+00:00,0.0,,-0.07081683597547084
ht2.vwap_reversion,1d,MSFT,2025-03-31 00:00:00+00:00,2025-04-01 00:00:00+00:00,0.0,,0.018114409079872607
ht2.vwap_reversion,1w,MSFT,2025-03-31 00:00:00+00:00,2025-04-07 00:00:00+00:00,0.0,,-0.04669825504998493
ht2.vwap_reversion,5w,MSFT,2025-03-31 00:00:00+00:00,2025-05-06 00:00:00+00:00,0.0,,0.15429284089495887
ht2.vwap_reversion,1d,MSFT,2025-05-06 00:00:00+00:00,2025-05-07 00:00:00+00:00,0.0,,9.227618411533633e-05
ht2.vwap_reversion,1w,MSFT,2025-05-06 00:00:00+00:00,2025-05-13 00:00:00+00:00,0.0,,0.0365326757093527
ht2.vwap_reversion,5w,MSFT,2025-05-06 00:00:00+00:00,2025-06-11 00:00:00+00:00,0.0,,0.09272267258621358
ht2.vwap_reversion,1d,MSFT,2025-06-11 00:00:00+00:00,2025-06-12 00:00:00+00:00,0.0,,0.013224000720432949
ht2.vwap_reversion,1w,MSFT,2025-06-11 00:00:00+00:00,2025-06-18 00:00:00+00:00,0.0,,0.016122817385831434
ht2.vwap_reversion,5w,MSFT,2025-06-11 00:00:00+00:00,2025-07-18 00:00:00+00:00,0.0,,0.07919663118038778
ht2.vwap_reversion,1d,MSFT,2025-07-18 00:00:00+00:00,2025-07-21 00:00:00+00:00,0.0,,1.9637793289728478e-05
ht2.vwap_reversion,1w,MSFT,2025-07-18 00:00:00+00:00,2025-07-25 00:00:00+00:00,0.0,,0.0071758913639692334
ht2.vwap_reversion,5w,MSFT,2025-07-18 00:00:00+00:00,2025-08-22 00:00:00+00:00,0.0,,-0.003893962925417327
ht2.vwap_reversion,1d,MSFT,2025-08-22 00:00:00+00:00,2025-08-25 00:00:00+00:00,0.0,,-0.005855345955060431
ht2.vwap_reversion,1w,MSFT,2025-08-22 00:00:00+00:00,2025-08-29 00:00:00+00:00,0.0,,-0.0010646469574032702
ht2.vwap_reversion,5w,MSFT,2025-08-22 00:00:00+00:00,2025-09-29 00:00:00+00:00,0.0,,0.014529874141635757
ht2.vwap_reversion,1d,MSFT,2025-09-29 00:00:00+00:00,2025-09-30 00:00:00+00:00,0.0,,0.006509970877987881
ht2.vwap_reversion,1w,MSFT,2025-09-29 00:00:00+00:00,2025-10-06 00:00:00+00:00,0.0,,0.02714734030397703
ht2.vwap_reversion,5w,MSFT,2025-09-29 00:00:00+00:00,2025-11-03 00:00:00+00:00,0.0,,0.004722207241148135
ht2.vwap_reversion,1d,MSFT,2025-11-03 00:00:00+00:00,2025-11-04 00:00:00+00:00,0.0,,-0.005222276125425029
ht2.vwap_reversion,1w,MSFT,2025-11-03 00:00:00+00:00,2025-11-10 00:00:00+00:00,0.0,,-0.021333528210074615
ht2.vwap_reversion,5w,MSFT,2025-11-03 00:00:00+00:00,2025-12-09 00:00:00+00:00,0.0,,-0.046591470111731925
ht2.vwap_reversion,1d,MSFT,2025-12-09 00:00:00+00:00,2025-12-10 00:00:00+00:00,0.0,,-0.02735656507065065
ht2.vwap_reversion,1w,MSFT,2025-12-09 00:00:00+00:00,2025-12-16 00:00:00+00:00,0.0,,-0.03176687459751715
ht2.vwap_reversion,5w,MSFT,2025-12-09 00:00:00+00:00,2026-01-15 00:00:00+00:00,0.0,,-0.07186694156641049
ht2.vwap_reversion,1d,MSFT,2026-01-15 00:00:00+00:00,2026-01-16 00:00:00+00:00,0.0,,0.007007364067386224
ht2.vwap_reversion,1w,MSFT,2026-01-15 00:00:00+00:00,2026-01-23 00:00:00+00:00,0.0,,0.02034338747099773
ht2.vwap_reversion,5w,MSFT,2026-01-15 00:00:00+00:00,2026-02-23 00:00:00+00:00,0.0,,-0.15616093345438653
ht2.vwap_reversion,1d,MSFT,2026-02-23 00:00:00+00:00,2026-02-24 00:00:00+00:00,1.0,1.0,0.011782379946865706
ht2.vwap_reversion,1w,MSFT,2026-02-23 00:00:00+00:00,2026-03-02 00:00:00+00:00,1.0,1.0,0.036621739929141084
ht2.vwap_reversion,5w,MSFT,2026-02-23 00:00:00+00:00,2026-03-30 00:00:00+00:00,1.0,0.0,-0.0663510916348442
ht2.vwap_reversion,1d,MSFT,2026-03-30 00:00:00+00:00,2026-03-31 00:00:00+00:00,0.0,,0.03122913185886711
ht2.vwap_reversion,1w,MSFT,2026-03-30 00:00:00+00:00,2026-04-07 00:00:00+00:00,0.0,,0.03713510122598307
ht2.vwap_reversion,5w,MSFT,2026-03-30 00:00:00+00:00,2026-05-05 00:00:00+00:00,0.0,,0.14603292022220882
ht2.vwap_reversion,1d,MSFT,2026-05-05 00:00:00+00:00,2026-05-06 00:00:00+00:00,0.0,,0.0062715575480205565
ht2.vwap_reversion,1w,MSFT,2026-05-05 00:00:00+00:00,2026-05-12 00:00:00+00:00,0.0,,-0.00877533910356354
ht2.vwap_reversion,5w,MSFT,2026-05-05 00:00:00+00:00,2026-06-10 00:00:00+00:00,0.0,,-0.0319883697614991
ht2.vwap_reversion,1d,MSFT,2026-06-10 00:00:00+00:00,2026-06-11 00:00:00+00:00,0.0,,-0.017666513340103496
ht2.vwap_reversion,1w,MSFT,2026-06-10 00:00:00+00:00,2026-06-17 00:00:00+00:00,0.0,,-0.046431402470224814
ht2.vwap_reversion,5w,MSFT,2026-06-10 00:00:00+00:00,2026-07-17 00:00:00+00:00,0.0,,-0.008908740121939984
ht2.vwap_reversion,1d,MSFT,2026-07-17 00:00:00+00:00,2026-07-20 00:00:00+00:00,0.0,,0.02150732979277281
ht2.vwap_reversion,1w,MSFT,2026-07-17 00:00:00+00:00,2026-07-24 00:00:00+00:00,0.0,,-0.030775409485044203
ht2.vwap_reversion,5w,MSFT,2026-07-17 00:00:00+00:00,2026-08-21 00:00:00+00:00,0.0,,0.22936798927614777
ht2.vwap_reversion,1d,NVDA,2017-11-16 00:00:00+00:00,2017-11-17 00:00:00+00:00,0.0,,-0.0011817653991583743
ht2.vwap_reversion,1w,NVDA,2017-11-16 00:00:00+00:00,2017-11-24 00:00:00+00:00,0.0,,0.025994638085373944
ht2.vwap_reversion,5w,NVDA,2017-11-16 00:00:00+00:00,2017-12-22 00:00:00+00:00,0.0,,-0.07657668105922566
ht2.vwap_reversion,1d,NVDA,2017-12-22 00:00:00+00:00,2017-12-26 00:00:00+00:00,0.0,,0.011113025227037054
ht2.vwap_reversion,1w,NVDA,2017-12-22 00:00:00+00:00,2018-01-02 00:00:00+00:00,0.0,,0.020894465273366025
ht2.vwap_reversion,5w,NVDA,2017-12-22 00:00:00+00:00,2018-01-31 00:00:00+00:00,0.0,,0.25877016711220957
ht2.vwap_reversion,1d,NVDA,2018-01-31 00:00:00+00:00,2018-02-01 00:00:00+00:00,0.0,,-0.021562384954811553
ht2.vwap_reversion,1w,NVDA,2018-01-31 00:00:00+00:00,2018-02-07 00:00:00+00:00,0.0,,-0.06916208371416577
ht2.vwap_reversion,5w,NVDA,2018-01-31 00:00:00+00:00,2018-03-08 00:00:00+00:00,0.0,,-0.01818599771508378
ht2.vwap_reversion,1d,NVDA,2018-03-08 00:00:00+00:00,2018-03-09 00:00:00+00:00,0.0,,0.0172071206293245
ht2.vwap_reversion,1w,NVDA,2018-03-08 00:00:00+00:00,2018-03-15 00:00:00+00:00,0.0,,0.03383371168444804
ht2.vwap_reversion,5w,NVDA,2018-03-08 00:00:00+00:00,2018-04-13 00:00:00+00:00,0.0,,-0.04013591833697283
ht2.vwap_reversion,1d,NVDA,2018-04-13 00:00:00+00:00,2018-04-16 00:00:00+00:00,0.0,,-4.3265781193735364e-05
ht2.vwap_reversion,1w,NVDA,2018-04-13 00:00:00+00:00,2018-04-20 00:00:00+00:00,0.0,,-0.012051812565299858
ht2.vwap_reversion,5w,NVDA,2018-04-13 00:00:00+00:00,2018-05-18 00:00:00+00:00,0.0,,0.06237575155537978
ht2.vwap_reversion,1d,NVDA,2018-05-18 00:00:00+00:00,2018-05-21 00:00:00+00:00,0.0,,-0.006912427389537235
ht2.vwap_reversion,1w,NVDA,2018-05-18 00:00:00+00:00,2018-05-25 00:00:00+00:00,0.0,,0.01420723502982879
ht2.vwap_reversion,5w,NVDA,2018-05-18 00:00:00+00:00,2018-06-25 00:00:00+00:00,0.0,,-0.02712922357348746
ht2.vwap_reversion,1d,NVDA,2018-06-25 00:00:00+00:00,2018-06-26 00:00:00+00:00,1.0,1.0,0.012002376487805222
ht2.vwap_reversion,1w,NVDA,2018-06-25 00:00:00+00:00,2018-07-02 00:00:00+00:00,1.0,1.0,0.01304793755960576
ht2.vwap_reversion,5w,NVDA,2018-06-25 00:00:00+00:00,2018-07-31 00:00:00+00:00,1.0,1.0,0.024004914290286505
ht2.vwap_reversion,1d,NVDA,2018-07-31 00:00:00+00:00,2018-08-01 00:00:00+00:00,0.0,,0.006575195593105931
ht2.vwap_reversion,1w,NVDA,2018-07-31 00:00:00+00:00,2018-08-07 00:00:00+00:00,0.0,,0.04937528671025504
ht2.vwap_reversion,5w,NVDA,2018-07-31 00:00:00+00:00,2018-09-05 00:00:00+00:00,0.0,,0.1376795247289171
ht2.vwap_reversion,1d,NVDA,2018-09-05 00:00:00+00:00,2018-09-06 00:00:00+00:00,0.0,,-0.020472541362012264
ht2.vwap_reversion,1w,NVDA,2018-09-05 00:00:00+00:00,2018-09-12 00:00:00+00:00,0.0,,-0.036706691531968816
ht2.vwap_reversion,5w,NVDA,2018-09-05 00:00:00+00:00,2018-10-10 00:00:00+00:00,0.0,,-0.1175559870858468
ht2.vwap_reversion,1d,NVDA,2018-10-10 00:00:00+00:00,2018-10-11 00:00:00+00:00,1.0,0.0,-0.042981007153288675
ht2.vwap_reversion,1w,NVDA,2018-10-10 00:00:00+00:00,2018-10-17 00:00:00+00:00,1.0,0.0,-0.010704826535849699
ht2.vwap_reversion,5w,NVDA,2018-10-10 00:00:00+00:00,2018-11-14 00:00:00+00:00,1.0,0.0,-0.19740311787164122
ht2.vwap_reversion,1d,NVDA,2018-11-14 00:00:00+00:00,2018-11-15 00:00:00+00:00,0.0,,0.026370382853996732
ht2.vwap_reversion,1w,NVDA,2018-11-14 00:00:00+00:00,2018-11-21 00:00:00+00:00,0.0,,-0.2661393847871921
ht2.vwap_reversion,5w,NVDA,2018-11-14 00:00:00+00:00,2018-12-21 00:00:00+00:00,0.0,,-0.3422608061862249
ht2.vwap_reversion,1d,NVDA,2018-12-21 00:00:00+00:00,2018-12-24 00:00:00+00:00,1.0,0.0,-0.019217290344672566
ht2.vwap_reversion,1w,NVDA,2018-12-21 00:00:00+00:00,2018-12-31 00:00:00+00:00,1.0,1.0,0.030331255001135426
ht2.vwap_reversion,5w,NVDA,2018-12-21 00:00:00+00:00,2019-01-30 00:00:00+00:00,1.0,1.0,0.06035382178895898
ht2.vwap_reversion,1d,NVDA,2019-01-30 00:00:00+00:00,2019-01-31 00:00:00+00:00,0.0,,0.046291495720619746
ht2.vwap_reversion,1w,NVDA,2019-01-30 00:00:00+00:00,2019-02-06 00:00:00+00:00,0.0,,0.11361820299805414
ht2.vwap_reversion,5w,NVDA,2019-01-30 00:00:00+00:00,2019-03-07 00:00:00+00:00,0.0,,0.0875160363756089
ht2.vwap_reversion,1d,NVDA,2019-03-07 00:00:00+00:00,2019-03-08 00:00:00+00:00,1.0,1.0,0.009245452622162365
ht2.vwap_reversion,1w,NVDA,2019-03-07 00:00:00+00:00,2019-03-14 00:00:00+00:00,1.0,1.0,0.10920492522860203
ht2.vwap_reversion,5w,NVDA,2019-03-07 00:00:00+00:00,2019-04-11 00:00:00+00:00,1.0,1.0,0.28326405526933773
ht2.vwap_reversion,1d,NVDA,2019-04-11 00:00:00+00:00,2019-04-12 00:00:00+00:00,0.0,,-0.007988123872564867
ht2.vwap_reversion,1w,NVDA,2019-04-11 00:00:00+00:00,2019-04-18 00:00:00+00:00,0.0,,-0.02735753653716
ht2.vwap_reversion,5w,NVDA,2019-04-11 00:00:00+00:00,2019-05-17 00:00:00+00:00,0.0,,-0.18278166407396113
ht2.vwap_reversion,1d,NVDA,2019-05-17 00:00:00+00:00,2019-05-20 00:00:00+00:00,0.0,,-0.030537133224790347
ht2.vwap_reversion,1w,NVDA,2019-05-17 00:00:00+00:00,2019-05-24 00:00:00+00:00,0.0,,-0.07270178044022868
ht2.vwap_reversion,5w,NVDA,2019-05-17 00:00:00+00:00,2019-06-24 00:00:00+00:00,0.0,,-0.0236105089135078
ht2.vwap_reversion,1d,NVDA,2019-06-24 00:00:00+00:00,2019-06-25 00:00:00+00:00,0.0,,-0.007729697170401284
ht2.vwap_reversion,1w,NVDA,2019-06-24 00:00:00+00:00,2019-07-01 00:00:00+00:00,0.0,,0.08849751505664405
ht2.vwap_reversion,5w,NVDA,2019-06-24 00:00:00+00:00,2019-07-30 00:00:00+00:00,0.0,,0.1492858458640951
ht2.vwap_reversion,1d,NVDA,2019-07-30 00:00:00+00:00,2019-07-31 00:00:00+00:00,0.0,,-0.038358248856314336
ht2.vwap_reversion,1w,NVDA,2019-07-30 00:00:00+00:00,2019-08-06 00:00:00+00:00,0.0,,-0.13166148766803987
ht2.vwap_reversion,5w,NVDA,2019-07-30 00:00:00+00:00,2019-09-04 00:00:00+00:00,0.0,,-0.03717839437060577
ht2.vwap_reversion,1d,NVDA,2019-09-04 00:00:00+00:00,2019-09-05 00:00:00+00:00,0.0,,0.06506316060195294
ht2.vwap_reversion,1w,NVDA,2019-09-04 00:00:00+00:00,2019-09-11 00:00:00+00:00,0.0,,0.09226135463859286
ht2.vwap_reversion,5w,NVDA,2019-09-04 00:00:00+00:00,2019-10-09 00:00:00+00:00,0.0,,0.07081053480143318
ht2.vwap_reversion,1d,NVDA,2019-10-09 00:00:00+00:00,2019-10-10 00:00:00+00:00,0.0,,0.012838654419021989
ht2.vwap_reversion,1w,NVDA,2019-10-09 00:00:00+00:00,2019-10-16 00:00:00+00:00,0.0,,0.07470545750898383
ht2.vwap_reversion,5w,NVDA,2019-10-09 00:00:00+00:00,2019-11-13 00:00:00+00:00,0.0,,0.15416976095931978
ht2.vwap_reversion,1d,NVDA,2019-11-13 00:00:00+00:00,2019-11-14 00:00:00+00:00,0.0,,0.005849335389813692
ht2.vwap_reversion,1w,NVDA,2019-11-13 00:00:00+00:00,2019-11-20 00:00:00+00:00,0.0,,0.012514028777839137
ht2.vwap_reversion,5w,NVDA,2019-11-13 00:00:00+00:00,2019-12-19 00:00:00+00:00,0.0,,0.12975862494875834
ht2.vwap_reversion,1d,NVDA,2019-12-19 00:00:00+00:00,2019-12-20 00:00:00+00:00,0.0,,0.01660584528817277
ht2.vwap_reversion,1w,NVDA,2019-12-19 00:00:00+00:00,2019-12-27 00:00:00+00:00,0.0,,0.005988261521472582
ht2.vwap_reversion,5w,NVDA,2019-12-19 00:00:00+00:00,2020-01-28 00:00:00+00:00,0.0,,0.053129873975714004
ht2.vwap_reversion,1d,NVDA,2020-01-28 00:00:00+00:00,2020-01-29 00:00:00+00:00,0.0,,-0.009799349200928176
ht2.vwap_reversion,1w,NVDA,2020-01-28 00:00:00+00:00,2020-02-04 00:00:00+00:00,0.0,,-0.003387435083508139
ht2.vwap_reversion,5w,NVDA,2020-01-28 00:00:00+00:00,2020-03-04 00:00:00+00:00,0.0,,0.1480430580981087
ht2.vwap_reversion,1d,NVDA,2020-03-04 00:00:00+00:00,2020-03-05 00:00:00+00:00,0.0,,-0.039436249596977
ht2.vwap_reversion,1w,NVDA,2020-03-04 00:00:00+00:00,2020-03-11 00:00:00+00:00,0.0,,-0.13370356981503562
ht2.vwap_reversion,5w,NVDA,2020-03-04 00:00:00+00:00,2020-04-08 00:00:00+00:00,0.0,,-0.06172017789948292
ht2.vwap_reversion,1d,NVDA,2020-04-08 00:00:00+00:00,2020-04-09 00:00:00+00:00,0.0,,-0.014984152937261408
ht2.vwap_reversion,1w,NVDA,2020-04-08 00:00:00+00:00,2020-04-16 00:00:00+00:00,0.0,,0.10395197751838459
ht2.vwap_reversion,5w,NVDA,2020-04-08 00:00:00+00:00,2020-05-14 00:00:00+00:00,0.0,,0.2032960482953725
ht2.vwap_reversion,1d,NVDA,2020-05-14 00:00:00+00:00,2020-05-15 00:00:00+00:00,0.0,,0.05731286663641666
ht2.vwap_reversion,1w,NVDA,2020-05-14 00:00:00+00:00,2020-05-21 00:00:00+00:00,0.0,,0.0927404490044117
ht2.vwap_reversion,5w,NVDA,2020-05-14 00:00:00+00:00,2020-06-19 00:00:00+00:00,0.0,,0.1537860371448312
ht2.vwap_reversion,1d,NVDA,2020-06-19 00:00:00+00:00,2020-06-22 00:00:00+00:00,0.0,,0.028667919466975444
ht2.vwap_reversion,1w,NVDA,2020-06-19 00:00:00+00:00,2020-06-26 00:00:00+00:00,0.0,,-0.011472278301674521
ht2.vwap_reversion,5w,NVDA,2020-06-19 00:00:00+00:00,2020-07-27 00:00:00+00:00,0.0,,0.12528023777342945
ht2.vwap_reversion,1d,NVDA,2020-07-27 00:00:00+00:00,2020-07-28 00:00:00+00:00,0.0,,-0.019766952364395518
ht2.vwap_reversion,1w,NVDA,2020-07-27 00:00:00+00:00,2020-08-03 00:00:00+00:00,0.0,,0.05649383071074232
ht2.vwap_reversion,5w,NVDA,2020-07-27 00:00:00+00:00,2020-08-31 00:00:00+00:00,0.0,,0.2833563184110979
ht2.vwap_reversion,1d,NVDA,2020-08-31 00:00:00+00:00,2020-09-01 00:00:00+00:00,-1.0,0.0,0.03369365633984911
ht2.vwap_reversion,1w,NVDA,2020-08-31 00:00:00+00:00,2020-09-08 00:00:00+00:00,-1.0,1.0,-0.10900839513587579
ht2.vwap_reversion,5w,NVDA,2020-08-31 00:00:00+00:00,2020-10-06 00:00:00+00:00,-1.0,0.0,0.027373879545359525
ht2.vwap_reversion,1d,NVDA,2020-10-06 00:00:00+00:00,2020-10-07 00:00:00+00:00,0.0,,0.01656163682279521
ht2.vwap_reversion,1w,NVDA,2020-10-06 00:00:00+00:00,2020-10-13 00:00:00+00:00,0.0,,0.03725481008515197
ht2.vwap_reversion,5w,NVDA,2020-10-06 00:00:00+00:00,2020-11-10 00:00:00+00:00,0.0,,-0.07036009415381983
ht2.vwap_reversion,1d,NVDA,2020-11-10 00:00:00+00:00,2020-11-11 00:00:00+00:00,0.0,,0.05074397195617131
ht2.vwap_reversion,1w,NVDA,2020-11-10 00:00:00+00:00,2020-11-17 00:00:00+00:00,0.0,,0.05107669127884584
ht2.vwap_reversion,5w,NVDA,2020-11-10 00:00:00+00:00,2020-12-16 00:00:00+00:00,0.0,,0.037307241618056874
ht2.vwap_reversion,1d,NVDA,2020-12-16 00:00:00+00:00,2020-12-17 00:00:00+00:00,0.0,,0.007456999152564592
ht2.vwap_reversion,1w,NVDA,2020-12-16 00:00:00+00:00,2020-12-23 00:00:00+00:00,0.0,,-0.01761371688710578
ht2.vwap_reversion,5w,NVDA,2020-12-16 00:00:00+00:00,2021-01-25 00:00:00+00:00,0.0,,0.031017443289785396
ht2.vwap_reversion,1d,NVDA,2021-01-25 00:00:00+00:00,2021-01-26 00:00:00+00:00,0.0,,-0.015966906352720578
ht2.vwap_reversion,1w,NVDA,2021-01-25 00:00:00+00:00,2021-02-01 00:00:00+00:00,0.0,,-0.030487140339422347
ht2.vwap_reversion,5w,NVDA,2021-01-25 00:00:00+00:00,2021-03-02 00:00:00+00:00,0.0,,-0.018090838513128316
ht2.vwap_reversion,1d,NVDA,2021-03-02 00:00:00+00:00,2021-03-03 00:00:00+00:00,0.0,,-0.04486709281797108
ht2.vwap_reversion,1w,NVDA,2021-03-02 00:00:00+00:00,2021-03-09 00:00:00+00:00,0.0,,-0.06576628168868826
ht2.vwap_reversion,5w,NVDA,2021-03-02 00:00:00+00:00,2021-04-07 00:00:00+00:00,0.0,,0.055357148724081595
ht2.vwap_reversion,1d,NVDA,2021-04-07 00:00:00+00:00,2021-04-08 00:00:00+00:00,0.0,,0.012267234469236277
ht2.vwap_reversion,1w,NVDA,2021-04-07 00:00:00+00:00,2021-04-14 00:00:00+00:00,0.0,,0.08014298565216582
ht2.vwap_reversion,5w,NVDA,2021-04-07 00:00:00+00:00,2021-05-12 00:00:00+00:00,0.0,,-0.027221117880935286
ht2.vwap_reversion,1d,NVDA,2021-05-12 00:00:00+00:00,2021-05-13 00:00:00+00:00,0.0,,-0.006777466347122507
ht2.vwap_reversion,1w,NVDA,2021-05-12 00:00:00+00:00,2021-05-19 00:00:00+00:00,0.0,,0.02233186918873553
ht2.vwap_reversion,5w,NVDA,2021-05-12 00:00:00+00:00,2021-06-17 00:00:00+00:00,0.0,,0.35636332417964667
ht2.vwap_reversion,1d,NVDA,2021-06-17 00:00:00+00:00,2021-06-18 00:00:00+00:00,-1.0,1.0,-0.0009914800422197168
ht2.vwap_reversion,1w,NVDA,2021-06-17 00:00:00+00:00,2021-06-24 00:00:00+00:00,-1.0,0.0,0.029385560378057063
ht2.vwap_reversion,5w,NVDA,2021-06-17 00:00:00+00:00,2021-07-23 00:00:00+00:00,-1.0,0.0,0.0482792820268827
ht2.vwap_reversion,1d,NVDA,2021-07-23 00:00:00+00:00,2021-07-26 00:00:00+00:00,0.0,,-0.013498413983329516
ht2.vwap_reversion,1w,NVDA,2021-07-23 00:00:00+00:00,2021-07-30 00:00:00+00:00,0.0,,-0.003016827414729195
ht2.vwap_reversion,5w,NVDA,2021-07-23 00:00:00+00:00,2021-08-27 00:00:00+00:00,0.0,,0.1573778301350408
ht2.vwap_reversion,1d,NVDA,2021-08-27 00:00:00+00:00,2021-08-30 00:00:00+00:00,0.0,,0.00229705629787591
ht2.vwap_reversion,1w,NVDA,2021-08-27 00:00:00+00:00,2021-09-03 00:00:00+00:00,0.0,,0.009322580197847596
ht2.vwap_reversion,5w,NVDA,2021-08-27 00:00:00+00:00,2021-10-04 00:00:00+00:00,0.0,,-0.12813772631081966
ht2.vwap_reversion,1d,NVDA,2021-10-04 00:00:00+00:00,2021-10-05 00:00:00+00:00,0.0,,0.036438480219042946
ht2.vwap_reversion,1w,NVDA,2021-10-04 00:00:00+00:00,2021-10-11 00:00:00+00:00,0.0,,0.04880410597700191
ht2.vwap_reversion,5w,NVDA,2021-10-04 00:00:00+00:00,2021-11-08 00:00:00+00:00,0.0,,0.5611194476175756
ht2.vwap_reversion,1d,NVDA,2021-11-08 00:00:00+00:00,2021-11-09 00:00:00+00:00,0.0,,-0.004772279739668872
ht2.vwap_reversion,1w,NVDA,2021-11-08 00:00:00+00:00,2021-11-15 00:00:00+00:00,0.0,,-0.025288901804758068
ht2.vwap_reversion,5w,NVDA,2021-11-08 00:00:00+00:00,2021-12-14 00:00:00+00:00,0.0,,-0.0799744653432759
ht2.vwap_reversion,1d,NVDA,2021-12-14 00:00:00+00:00,2021-12-15 00:00:00+00:00,0.0,,0.07488432448374938
ht2.vwap_reversion,1w,NVDA,2021-12-14 00:00:00+00:00,2021-12-21 00:00:00+00:00,0.0,,0.026043686000004396
ht2.vwap_reversion,5w,NVDA,2021-12-14 00:00:00+00:00,2022-01-20 00:00:00+00:00,0.0,,-0.14775723259789608
ht2.vwap_reversion,1d,NVDA,2022-01-20 00:00:00+00:00,2022-01-21 00:00:00+00:00,1.0,0.0,-0.03213256108555429
ht2.vwap_reversion,1w,NVDA,2022-01-20 00:00:00+00:00,2022-01-27 00:00:00+00:00,1.0,0.0,-0.09134574208526702
ht2.vwap_reversion,5w,NVDA,2022-01-20 00:00:00+00:00,2022-02-25 00:00:00+00:00,1.0,1.0,0.00028973949036759095
ht2.vwap_reversion,1d,NVDA,2022-02-25 00:00:00+00:00,2022-02-28 00:00:00+00:00,0.0,,0.009438399282712284
ht2.vwap_reversion,1w,NVDA,2022-02-25 00:00:00+00:00,2022-03-04 00:00:00+00:00,0.0,,-0.05038240554313789
ht2.vwap_reversion,5w,NVDA,2022-02-25 00:00:00+00:00,2022-04-01 00:00:00+00:00,0.0,,0.10595492873855283
ht2.vwap_reversion,1d,NVDA,2022-04-01 00:00:00+00:00,2022-04-04 00:00:00+00:00,0.0,,0.024258727870265062
ht2.vwap_reversion,1w,NVDA,2022-04-01 00:00:00+00:00,2022-04-08 00:00:00+00:00,0.0,,-0.1345090835051379
ht2.vwap_reversion,5w,NVDA,2022-04-01 00:00:00+00:00,2022-05-09 00:00:00+00:00,0.0,,-0.36545385441024847
ht2.vwap_reversion,1d,NVDA,2022-05-09 00:00:00+00:00,2022-05-10 00:00:00+00:00,1.0,1.0,0.038053187037228486
ht2.vwap_reversion,1w,NVDA,2022-05-09 00:00:00+00:00,2022-05-16 00:00:00+00:00,1.0,1.0,0.018524968499596728
ht2.vwap_reversion,5w,NVDA,2022-05-09 00:00:00+00:00,2022-06-14 00:00:00+00:00,1.0,0.0,-0.06552501499965457
ht2.vwap_reversion,1d,NVDA,2022-06-14 00:00:00+00:00,2022-06-15 00:00:00+00:00,0.0,,0.04363499423102857
ht2.vwap_reversion,1w,NVDA,2022-06-14 00:00:00+00:00,2022-06-22 00:00:00+00:00,0.0,,0.03308924459146101
ht2.vwap_reversion,5w,NVDA,2022-06-14 00:00:00+00:00,2022-07-21 00:00:00+00:00,0.0,,0.13980778630565882
ht2.vwap_reversion,1d,NVDA,2022-07-21 00:00:00+00:00,2022-07-22 00:00:00+00:00,0.0,,-0.04049857176871485
ht2.vwap_reversion,1w,NVDA,2022-07-21 00:00:00+00:00,2022-07-28 00:00:00+00:00,0.0,,-0.0036563822923267875
ht2.vwap_reversion,5w,NVDA,2022-07-21 00:00:00+00:00,2022-08-25 00:00:00+00:00,0.0,,-0.007589859573769675
ht2.vwap_reversion,1d,NVDA,2022-08-25 00:00:00+00:00,2022-08-26 00:00:00+00:00,0.0,,-0.09227970107532169
ht2.vwap_reversion,1w,NVDA,2022-08-25 00:00:00+00:00,2022-09-01 00:00:00+00:00,0.0,,-0.22196166383893334
ht2.vwap_reversion,5w,NVDA,2022-08-25 00:00:00+00:00,2022-09-30 00:00:00+00:00,0.0,,-0.3221343175055016
ht2.vwap_reversion,1d,NVDA,2022-09-30 00:00:00+00:00,2022-10-03 00:00:00+00:00,0.0,,0.030727254212091104
ht2.vwap_reversion,1w,NVDA,2022-09-30 00:00:00+00:00,2022-10-07 00:00:00+00:00,0.0,,-0.005190043125266164
ht2.vwap_reversion,5w,NVDA,2022-09-30 00:00:00+00:00,2022-11-04 00:00:00+00:00,0.0,,0.1661584836401293
ht2.vwap_reversion,1d,NVDA,2022-11-04 00:00:00+00:00,2022-11-07 00:00:00+00:00,0.0,,0.01024303191799758
ht2.vwap_reversion,1w,NVDA,2022-11-04 00:00:00+00:00,2022-11-11 00:00:00+00:00,0.0,,0.1533625034308228
ht2.vwap_reversion,5w,NVDA,2022-11-04 00:00:00+00:00,2022-12-12 00:00:00+00:00,0.0,,0.23901434354043638
ht2.vwap_reversion,1d,NVDA,2022-12-12 00:00:00+00:00,2022-12-13 00:00:00+00:00,0.0,,0.030624632617784586
ht2.vwap_reversion,1w,NVDA,2022-12-12 00:00:00+00:00,2022-12-19 00:00:00+00:00,0.0,,-0.07305378998906353
ht2.vwap_reversion,5w,NVDA,2022-12-12 00:00:00+00:00,2023-01-19 00:00:00+00:00,0.0,,-0.043912204153751966
ht2.vwap_reversion,1d,NVDA,2023-01-19 00:00:00+00:00,2023-01-20 00:00:00+00:00,0.0,,0.06406192970947866
ht2.vwap_reversion,1w,NVDA,2023-01-19 00:00:00+00:00,2023-01-26 00:00:00+00:00,0.0,,0.1811511503556189
ht2.vwap_reversion,5w,NVDA,2023-01-19 00:00:00+00:00,2023-02-24 00:00:00+00:00,0.0,,0.38896508757324955
ht2.vwap_reversion,1d,NVDA,2023-02-24 00:00:00+00:00,2023-02-27 00:00:00+00:00,0.0,,0.009232850823088112
ht2.vwap_reversion,1w,NVDA,2023-02-24 00:00:00+00:00,2023-03-03 00:00:00+00:00,0.0,,0.025938342748017318
ht2.vwap_reversion,5w,NVDA,2023-02-24 00:00:00+00:00,2023-03-31 00:00:00+00:00,0.0,,0.19306533848901863
ht2.vwap_reversion,1d,NVDA,2023-03-31 00:00:00+00:00,2023-04-03 00:00:00+00:00,0.0,,0.006768029540926479
ht2.vwap_reversion,1w,NVDA,2023-03-31 00:00:00+00:00,2023-04-10 00:00:00+00:00,0.0,,-0.007128304877705327
ht2.vwap_reversion,5w,NVDA,2023-03-31 00:00:00+00:00,2023-05-08 00:00:00+00:00,0.0,,0.04946526704239651
ht2.vwap_reversion,1d,NVDA,2023-05-08 00:00:00+00:00,2023-05-09 00:00:00+00:00,0.0,,-0.019896377079172245
ht2.vwap_reversion,1w,NVDA,2023-05-08 00:00:00+00:00,2023-05-15 00:00:00+00:00,0.0,,-0.006792255345843379
ht2.vwap_reversion,5w,NVDA,2023-05-08 00:00:00+00:00,2023-06-13 00:00:00+00:00,0.0,,0.407370098944259
ht2.vwap_reversion,1d,NVDA,2023-06-13 00:00:00+00:00,2023-06-14 00:00:00+00:00,-1.0,0.0,0.048145109339049696
ht2.vwap_reversion,1w,NVDA,2023-06-13 00:00:00+00:00,2023-06-21 00:00:00+00:00,-1.0,0.0,0.04931498527592404
ht2.vwap_reversion,5w,NVDA,2023-06-13 00:00:00+00:00,2023-07-20 00:00:00+00:00,-1.0,0.0,0.1096484763195158
ht2.vwap_reversion,1d,NVDA,2023-07-20 00:00:00+00:00,2023-07-21 00:00:00+00:00,0.0,,-0.026603679907449385
ht2.vwap_reversion,1w,NVDA,2023-07-20 00:00:00+00:00,2023-07-27 00:00:00+00:00,0.0,,0.008348228188822304
ht2.vwap_reversion,5w,NVDA,2023-07-20 00:00:00+00:00,2023-08-24 00:00:00+00:00,0.0,,0.036094012616552096
ht2.vwap_reversion,1d,NVDA,2023-08-24 00:00:00+00:00,2023-08-25 00:00:00+00:00,0.0,,-0.02427732239130742
ht2.vwap_reversion,1w,NVDA,2023-08-24 00:00:00+00:00,2023-08-31 00:00:00+00:00,0.0,,0.04647716293535753
ht2.vwap_reversion,5w,NVDA,2023-08-24 00:00:00+00:00,2023-09-29 00:00:00+00:00,0.0,,-0.07761191780060361
ht2.vwap_reversion,1d,NVDA,2023-09-29 00:00:00+00:00,2023-10-02 00:00:00+00:00,0.0,,0.029494975693145742
ht2.vwap_reversion,1w,NVDA,2023-09-29 00:00:00+00:00,2023-10-06 00:00:00+00:00,0.0,,0.0520241625005744
ht2.vwap_reversion,5w,NVDA,2023-09-29 00:00:00+00:00,2023-11-03 00:00:00+00:00,0.0,,0.03462141957019149
ht2.vwap_reversion,1d,NVDA,2023-11-03 00:00:00+00:00,2023-11-06 00:00:00+00:00,-1.0,0.0,0.016575827997400205
ht2.vwap_reversion,1w,NVDA,2023-11-03 00:00:00+00:00,2023-11-10 00:00:00+00:00,-1.0,0.0,0.07399177738929819
ht2.vwap_reversion,5w,NVDA,2023-11-03 00:00:00+00:00,2023-12-11 00:00:00+00:00,-1.0,0.0,0.03613166027815318
ht2.vwap_reversion,1d,NVDA,2023-12-11 00:00:00+00:00,2023-12-12 00:00:00+00:00,0.0,,0.022090183490253823
ht2.vwap_reversion,1w,NVDA,2023-12-11 00:00:00+00:00,2023-12-18 00:00:00+00:00,0.0,,0.07399136583948152
ht2.vwap_reversion,5w,NVDA,2023-12-11 00:00:00+00:00,2024-01-18 00:00:00+00:00,0.0,,0.22476240650383028
ht2.vwap_reversion,1d,NVDA,2024-01-18 00:00:00+00:00,2024-01-19 00:00:00+00:00,0.0,,0.041746098154030964
ht2.vwap_reversion,1w,NVDA,2024-01-18 00:00:00+00:00,2024-01-25 00:00:00+00:00,0.0,,0.07897450537002348
ht2.vwap_reversion,5w,NVDA,2024-01-18 00:00:00+00:00,2024-02-23 00:00:00+00:00,0.0,,0.38016338126792726
ht2.vwap_reversion,1d,NVDA,2024-02-23 00:00:00+00:00,2024-02-26 00:00:00+00:00,0.0,,0.0034893042540846686
ht2.vwap_reversion,1w,NVDA,2024-02-23 00:00:00+00:00,2024-03-01 00:00:00+00:00,0.0,,0.0439245252134548
ht2.vwap_reversion,5w,NVDA,2024-02-23 00:00:00+00:00,2024-04-01 00:00:00+00:00,0.0,,0.14654515435877924
ht2.vwap_reversion,1d,NVDA,2024-04-01 00:00:00+00:00,2024-04-02 00:00:00+00:00,0.0,,-0.010081617280829458
ht2.vwap_reversion,1w,NVDA,2024-04-01 00:00:00+00:00,2024-04-08 00:00:00+00:00,0.0,,-0.03574486922298348
ht2.vwap_reversion,5w,NVDA,2024-04-01 00:00:00+00:00,2024-05-06 00:00:00+00:00,0.0,,0.019665078289613946
ht2.vwap_reversion,1d,NVDA,2024-05-06 00:00:00+00:00,2024-05-07 00:00:00+00:00,-1.0,1.0,-0.017212764547373416
ht2.vwap_reversion,1w,NVDA,2024-05-06 00:00:00+00:00,2024-05-13 00:00:00+00:00,-1.0,1.0,-0.01889523080867439
ht2.vwap_reversion,5w,NVDA,2024-05-06 00:00:00+00:00,2024-06-11 00:00:00+00:00,-1.0,0.0,0.3123501434251892
ht2.vwap_reversion,1d,NVDA,2024-06-11 00:00:00+00:00,2024-06-12 00:00:00+00:00,0.0,,0.03548083127378576
ht2.vwap_reversion,1w,NVDA,2024-06-11 00:00:00+00:00,2024-06-18 00:00:00+00:00,0.0,,0.12132982771471768
ht2.vwap_reversion,5w,NVDA,2024-06-11 00:00:00+00:00,2024-07-18 00:00:00+00:00,0.0,,0.0014886385836692106
ht2.vwap_reversion,1d,NVDA,2024-07-18 00:00:00+00:00,2024-07-19 00:00:00+00:00,0.0,,-0.026096230374105134
ht2.vwap_reversion,1w,NVDA,2024-07-18 00:00:00+00:00,2024-07-25 00:00:00+00:00,0.0,,-0.07275578919095216
ht2.vwap_reversion,5w,NVDA,2024-07-18 00:00:00+00:00,2024-08-22 00:00:00+00:00,0.0,,0.021884532739865126
ht2.vwap_reversion,1d,NVDA,2024-08-22 00:00:00+00:00,2024-08-23 00:00:00+00:00,0.0,,0.045498621215537716
ht2.vwap_reversion,1w,NVDA,2024-08-22 00:00:00+00:00,2024-08-29 00:00:00+00:00,0.0,,-0.0497009633241664
ht2.vwap_reversion,5w,NVDA,2024-08-22 00:00:00+00:00,2024-09-27 00:00:00+00:00,0.0,,-0.018826702624807012
ht2.vwap_reversion,1d,NVDA,2024-09-27 00:00:00+00:00,2024-09-30 00:00:00+00:00,0.0,,0.0003295710867712298
ht2.vwap_reversion,1w,NVDA,2024-09-27 00:00:00+00:00,2024-10-04 00:00:00+00:00,0.0,,0.02899501715708297
ht2.vwap_reversion,5w,NVDA,2024-09-27 00:00:00+00:00,2024-11-01 00:00:00+00:00,0.0,,0.11532130411455266
ht2.vwap_reversion,1d,NVDA,2024-11-01 00:00:00+00:00,2024-11-04 00:00:00+00:00,0.0,,0.004800484348791212
ht2.vwap_reversion,1w,NVDA,2024-11-01 00:00:00+00:00,2024-11-08 00:00:00+00:00,0.0,,0.09032475139482221
ht2.vwap_reversion,5w,NVDA,2024-11-01 00:00:00+00:00,2024-12-09 00:00:00+00:00,0.0,,0.02525516858243204
ht2.vwap_reversion,1d,NVDA,2024-12-09 00:00:00+00:00,2024-12-10 00:00:00+00:00,0.0,,-0.02694318315051991
ht2.vwap_reversion,1w,NVDA,2024-12-09 00:00:00+00:00,2024-12-16 00:00:00+00:00,0.0,,-0.049059914779404634
ht2.vwap_reversion,5w,NVDA,2024-12-09 00:00:00+00:00,2025-01-16 00:00:00+00:00,0.0,,-0.03774949812764594
ht2.vwap_reversion,1d,NVDA,2025-01-16 00:00:00+00:00,2025-01-17 00:00:00+00:00,0.0,,0.030995168746084323
ht2.vwap_reversion,1w,NVDA,2025-01-16 00:00:00+00:00,2025-01-24 00:00:00+00:00,0.0,,0.0677547094085662
ht2.vwap_reversion,5w,NVDA,2025-01-16 00:00:00+00:00,2025-02-24 00:00:00+00:00,0.0,,-0.0246311804194409
ht2.vwap_reversion,1d,NVDA,2025-02-24 00:00:00+00:00,2025-02-25 00:00:00+00:00,0.0,,-0.028016560596070605
ht2.vwap_reversion,1w,NVDA,2025-02-24 00:00:00+00:00,2025-03-03 00:00:00+00:00,0.0,,-0.12450105843819881
ht2.vwap_reversion,5w,NVDA,2025-02-24 00:00:00+00:00,2025-03-31 00:00:00+00:00,0.0,,-0.1680229439513955
ht2.vwap_reversion,1d,NVDA,2025-03-31 00:00:00+00:00,2025-04-01 00:00:00+00:00,0.0,,0.016331513496370187
ht2.vwap_reversion,1w,NVDA,2025-03-31 00:00:00+00:00,2025-04-07 00:00:00+00:00,0.0,,-0.09909589958284071
ht2.vwap_reversion,5w,NVDA,2025-03-31 00:00:00+00:00,2025-05-06 00:00:00+00:00,0.0,,0.0476104004151221
ht2.vwap_reversion,1d,NVDA,2025-05-06 00:00:00+00:00,2025-05-07 00:00:00+00:00,0.0,,0.031002234694763375
ht2.vwap_reversion,1w,NVDA,2025-05-06 00:00:00+00:00,2025-05-13 00:00:00+00:00,0.0,,0.14435428356870195
ht2.vwap_reversion,5w,NVDA,2025-05-06 00:00:00+00:00,2025-06-11 00:00:00+00:00,0.0,,0.25805792172714104
ht2.vwap_reversion,1d,NVDA,2025-06-11 00:00:00+00:00,2025-06-12 00:00:00+00:00,0.0,,0.015192998415927361
ht2.vwap_reversion,1w,NVDA,2025-06-11 00:00:00+00:00,2025-06-18 00:00:00+00:00,0.0,,0.018553483205492105
ht2.vwap_reversion,5w,NVDA,2025-06-11 00:00:00+00:00,2025-07-18 00:00:00+00:00,0.0,,0.20709942259652703
ht2.vwap_reversion,1d,NVDA,2025-07-18 00:00:00+00:00,2025-07-21 00:00:00+00:00,0.0,,-0.005974105180302058
ht2.vwap_reversion,1w,NVDA,2025-07-18 00:00:00+00:00,2025-07-25 00:00:00+00:00,0.0,,0.00632220767167202
ht2.vwap_reversion,5w,NVDA,2025-07-18 00:00:00+00:00,2025-08-22 00:00:00+00:00,0.0,,0.03236466961768003
ht2.vwap_reversion,1d,NVDA,2025-08-22 00:00:00+00:00,2025-08-25 00:00:00+00:00,0.0,,0.01022530488477491
ht2.vwap_reversion,1w,NVDA,2025-08-22 00:00:00+00:00,2025-08-29 00:00:00+00:00,0.0,,-0.021405779623163257
ht2.vwap_reversion,5w,NVDA,2025-08-22 00:00:00+00:00,2025-09-29 00:00:00+00:00,0.0,,0.02174425672685687
ht2.vwap_reversion,1d,NVDA,2025-09-29 00:00:00+00:00,2025-09-30 00:00:00+00:00,0.0,,0.02601041239849544
ht2.vwap_reversion,1w,NVDA,2025-09-29 00:00:00+00:00,2025-10-06 00:00:00+00:00,0.0,,0.020291381478962922
ht2.vwap_reversion,5w,NVDA,2025-09-29 00:00:00+00:00,2025-11-03 00:00:00+00:00,0.0,,0.1376408617286009
ht2.vwap_reversion,1d,NVDA,2025-11-03 00:00:00+00:00,2025-11-04 00:00:00+00:00,0.0,,-0.039588157789888334
ht2.vwap_reversion,1w,NVDA,2025-11-03 00:00:00+00:00,2025-11-10 00:00:00+00:00,0.0,,-0.03784793783122553
ht2.vwap_reversion,5w,NVDA,2025-11-03 00:00:00+00:00,2025-12-09 00:00:00+00:00,0.0,,-0.1058569804170606
ht2.vwap_reversion,1d,NVDA,2025-12-09 00:00:00+00:00,2025-12-10 00:00:00+00:00,0.0,,-0.006433489130266867
ht2.vwap_reversion,1w,NVDA,2025-12-09 00:00:00+00:00,2025-12-16 00:00:00+00:00,0.0,,-0.039195528496682286
ht2.vwap_reversion,5w,NVDA,2025-12-09 00:00:00+00:00,2026-01-15 00:00:00+00:00,0.0,,0.01124508122163359
ht2.vwap_reversion,1d,NVDA,2026-01-15 00:00:00+00:00,2026-01-16 00:00:00+00:00,0.0,,-0.004383931622591319
ht2.vwap_reversion,1w,NVDA,2026-01-15 00:00:00+00:00,2026-01-23 00:00:00+00:00,0.0,,0.003314554505971179
ht2.vwap_reversion,5w,NVDA,2026-01-15 00:00:00+00:00,2026-02-23 00:00:00+00:00,0.0,,0.024057758942322316
ht2.vwap_reversion,1d,NVDA,2026-02-23 00:00:00+00:00,2026-02-24 00:00:00+00:00,0.0,,0.006786738276499893
ht2.vwap_reversion,1w,NVDA,2026-02-23 00:00:00+00:00,2026-03-02 00:00:00+00:00,0.0,,-0.04735060550102821
ht2.vwap_reversion,5w,NVDA,2026-02-23 00:00:00+00:00,2026-03-30 00:00:00+00:00,0.0,,-0.1376719764168961
ht2.vwap_reversion,1d,NVDA,2026-03-30 00:00:00+00:00,2026-03-31 00:00:00+00:00,0.0,,0.05588180888236938
ht2.vwap_reversion,1w,NVDA,2026-03-30 00:00:00+00:00,2026-04-07 00:00:00+00:00,0.0,,0.0782829786958541
ht2.vwap_reversion,5w,NVDA,2026-03-30 00:00:00+00:00,2026-05-05 00:00:00+00:00,0.0,,0.1896832957515644
ht2.vwap_reversion,1d,NVDA,2026-05-05 00:00:00+00:00,2026-05-06 00:00:00+00:00,0.0,,0.057659075388685865
ht2.vwap_reversion,1w,NVDA,2026-05-05 00:00:00+00:00,2026-05-12 00:00:00+00:00,0.0,,0.12356236946886945
ht2.vwap_reversion,5w,NVDA,2026-05-05 00:00:00+00:00,2026-06-10 00:00:00+00:00,0.0,,0.021137880056273817
ht2.vwap_reversion,1d,NVDA,2026-06-10 00:00:00+00:00,2026-06-11 00:00:00+00:00,0.0,,0.022203357892913722
ht2.vwap_reversion,1w,NVDA,2026-06-10 00:00:00+00:00,2026-06-17 00:00:00+00:00,0.0,,0.021105656951325713
ht2.vwap_reversion,5w,NVDA,2026-06-10 00:00:00+00:00,2026-07-17 00:00:00+00:00,0.0,,0.011924954652647646
ht2.vwap_reversion,1d,NVDA,2026-07-17 00:00:00+00:00,2026-07-20 00:00:00+00:00,0.0,,0.002317446015290159
ht2.vwap_reversion,1w,NVDA,2026-07-17 00:00:00+00:00,2026-07-24 00:00:00+00:00,0.0,,0.019870809268821565
ht2.vwap_reversion,5w,NVDA,2026-07-17 00:00:00+00:00,2026-08-21 00:00:00+00:00,0.0,,0.05872493370879561
ht2.vwap_reversion,1d,ORCL,2017-11-16 00:00:00+00:00,2017-11-17 00:00:00+00:00,0.0,,-0.005284530350901262
ht2.vwap_reversion,1w,ORCL,2017-11-16 00:00:00+00:00,2017-11-24 00:00:00+00:00,0.0,,-0.003861660161726399
ht2.vwap_reversion,5w,ORCL,2017-11-16 00:00:00+00:00,2017-12-22 00:00:00+00:00,0.0,,-0.03739795681065616
ht2.vwap_reversion,1d,ORCL,2017-12-22 00:00:00+00:00,2017-12-26 00:00:00+00:00,0.0,,0.0014777832371264399
ht2.vwap_reversion,1w,ORCL,2017-12-22 00:00:00+00:00,2018-01-02 00:00:00+00:00,0.0,,-0.015414128168860786
ht2.vwap_reversion,5w,ORCL,2017-12-22 00:00:00+00:00,2018-01-31 00:00:00+00:00,0.0,,0.09355767008282934
ht2.vwap_reversion,1d,ORCL,2018-01-31 00:00:00+00:00,2018-02-01 00:00:00+00:00,0.0,,0.0007754479870085706
ht2.vwap_reversion,1w,ORCL,2018-01-31 00:00:00+00:00,2018-02-07 00:00:00+00:00,0.0,,-0.052723168925336905
ht2.vwap_reversion,5w,ORCL,2018-01-31 00:00:00+00:00,2018-03-08 00:00:00+00:00,0.0,,0.010467332126074869
ht2.vwap_reversion,1d,ORCL,2018-03-08 00:00:00+00:00,2018-03-09 00:00:00+00:00,0.0,,0.016113395904762573
ht2.vwap_reversion,1w,ORCL,2018-03-08 00:00:00+00:00,2018-03-15 00:00:00+00:00,0.0,,0.004603910374135767
ht2.vwap_reversion,5w,ORCL,2018-03-08 00:00:00+00:00,2018-04-13 00:00:00+00:00,0.0,,-0.11605601193347637
ht2.vwap_reversion,1d,ORCL,2018-04-13 00:00:00+00:00,2018-04-16 00:00:00+00:00,0.0,,0.0034863915087566255
ht2.vwap_reversion,1w,ORCL,2018-04-13 00:00:00+00:00,2018-04-20 00:00:00+00:00,0.0,,0.007408605422745795
ht2.vwap_reversion,5w,ORCL,2018-04-13 00:00:00+00:00,2018-05-18 00:00:00+00:00,0.0,,0.009369947046122817
ht2.vwap_reversion,1d,ORCL,2018-05-18 00:00:00+00:00,2018-05-21 00:00:00+00:00,0.0,,0.019214201779481632
ht2.vwap_reversion,1w,ORCL,2018-05-18 00:00:00+00:00,2018-05-25 00:00:00+00:00,0.0,,0.014680314145201434
ht2.vwap_reversion,5w,ORCL,2018-05-18 00:00:00+00:00,2018-06-25 00:00:00+00:00,0.0,,-0.044041500406761025
ht2.vwap_reversion,1d,ORCL,2018-06-25 00:00:00+00:00,2018-06-26 00:00:00+00:00,0.0,,0.0029358961949599305
ht2.vwap_reversion,1w,ORCL,2018-06-25 00:00:00+00:00,2018-07-02 00:00:00+00:00,0.0,,0.015131052549915314
ht2.vwap_reversion,5w,ORCL,2018-06-25 00:00:00+00:00,2018-07-31 00:00:00+00:00,0.0,,0.08100748517338374
ht2.vwap_reversion,1d,ORCL,2018-07-31 00:00:00+00:00,2018-08-01 00:00:00+00:00,0.0,,-0.006920927138587052
ht2.vwap_reversion,1w,ORCL,2018-07-31 00:00:00+00:00,2018-08-07 00:00:00+00:00,0.0,,0.01677884781519423
ht2.vwap_reversion,5w,ORCL,2018-07-31 00:00:00+00:00,2018-09-05 00:00:00+00:00,0.0,,0.007550495015291148
ht2.vwap_reversion,1d,ORCL,2018-09-05 00:00:00+00:00,2018-09-06 00:00:00+00:00,0.0,,-0.006869062317796715
ht2.vwap_reversion,1w,ORCL,2018-09-05 00:00:00+00:00,2018-09-12 00:00:00+00:00,0.0,,0.027060933052097447
ht2.vwap_reversion,5w,ORCL,2018-09-05 00:00:00+00:00,2018-10-10 00:00:00+00:00,0.0,,-0.013322183209292238
ht2.vwap_reversion,1d,ORCL,2018-10-10 00:00:00+00:00,2018-10-11 00:00:00+00:00,0.0,,-0.01308014055054485
ht2.vwap_reversion,1w,ORCL,2018-10-10 00:00:00+00:00,2018-10-17 00:00:00+00:00,0.0,,0.013770003047850699
ht2.vwap_reversion,5w,ORCL,2018-10-10 00:00:00+00:00,2018-11-14 00:00:00+00:00,0.0,,0.03452860919791911
ht2.vwap_reversion,1d,ORCL,2018-11-14 00:00:00+00:00,2018-11-15 00:00:00+00:00,0.0,,0.03665025137438449
ht2.vwap_reversion,1w,ORCL,2018-11-14 00:00:00+00:00,2018-11-21 00:00:00+00:00,0.0,,-0.00450450016891879
ht2.vwap_reversion,5w,ORCL,2018-11-14 00:00:00+00:00,2018-12-21 00:00:00+00:00,0.0,,-0.09909926621622245
ht2.vwap_reversion,1d,ORCL,2018-12-21 00:00:00+00:00,2018-12-24 00:00:00+00:00,1.0,0.0,-0.02977280126433468
ht2.vwap_reversion,1w,ORCL,2018-12-21 00:00:00+00:00,2018-12-31 00:00:00+00:00,1.0,1.0,0.026136343328404532
ht2.vwap_reversion,5w,ORCL,2018-12-21 00:00:00+00:00,2019-01-30 00:00:00+00:00,1.0,1.0,0.14907700149417136
ht2.vwap_reversion,1d,ORCL,2019-01-30 00:00:00+00:00,2019-01-31 00:00:00+00:00,0.0,,-0.0025816281525692375
ht2.vwap_reversion,1w,ORCL,2019-01-30 00:00:00+00:00,2019-02-06 00:00:00+00:00,0.0,,0.017871158810660814
ht2.vwap_reversion,5w,ORCL,2019-01-30 00:00:00+00:00,2019-03-07 00:00:00+00:00,0.0,,0.04408250729065033
ht2.vwap_reversion,1d,ORCL,2019-03-07 00:00:00+00:00,2019-03-08 00:00:00+00:00,0.0,,0.0036136174531320453
ht2.vwap_reversion,1w,ORCL,2019-03-07 00:00:00+00:00,2019-03-14 00:00:00+00:00,0.0,,0.008939042174818557
ht2.vwap_reversion,5w,ORCL,2019-03-07 00:00:00+00:00,2019-04-11 00:00:00+00:00,0.0,,0.027594138875535634
ht2.vwap_reversion,1d,ORCL,2019-04-11 00:00:00+00:00,2019-04-12 00:00:00+00:00,0.0,,0.01319932874807872
ht2.vwap_reversion,1w,ORCL,2019-04-11 00:00:00+00:00,2019-04-18 00:00:00+00:00,0.0,,0.013571414897169731
ht2.vwap_reversion,5w,ORCL,2019-04-11 00:00:00+00:00,2019-05-17 00:00:00+00:00,0.0,,0.01319932874807872
ht2.vwap_reversion,1d,ORCL,2019-05-17 00:00:00+00:00,2019-05-20 00:00:00+00:00,0.0,,-0.015412834620444738
ht2.vwap_reversion,1w,ORCL,2019-05-17 00:00:00+00:00,2019-05-24 00:00:00+00:00,0.0,,-0.031743105427017304
ht2.vwap_reversion,5w,ORCL,2019-05-17 00:00:00+00:00,2019-06-24 00:00:00+00:00,0.0,,0.041101047832023285
ht2.vwap_reversion,1d,ORCL,2019-06-24 00:00:00+00:00,2019-06-25 00:00:00+00:00,0.0,,-0.011808340815601226
ht2.vwap_reversion,1w,ORCL,2019-06-24 00:00:00+00:00,2019-07-01 00:00:00+00:00,0.0,,0.02238272357143689
ht2.vwap_reversion,5w,ORCL,2019-06-24 00:00:00+00:00,2019-07-30 00:00:00+00:00,0.0,,0.01731962680423993
ht2.vwap_reversion,1d,ORCL,2019-07-30 00:00:00+00:00,2019-07-31 00:00:00+00:00,0.0,,-0.02069922079584874
ht2.vwap_reversion,1w,ORCL,2019-07-30 00:00:00+00:00,2019-08-06 00:00:00+00:00,0.0,,-0.061401988968187826
ht2.vwap_reversion,5w,ORCL,2019-07-30 00:00:00+00:00,2019-09-04 00:00:00+00:00,0.0,,-0.07862240218175398
ht2.vwap_reversion,1d,ORCL,2019-09-04 00:00:00+00:00,2019-09-05 00:00:00+00:00,0.0,,0.01642434754229183
ht2.vwap_reversion,1w,ORCL,2019-09-04 00:00:00+00:00,2019-09-11 00:00:00+00:00,0.0,,0.06267716578095706
ht2.vwap_reversion,5w,ORCL,2019-09-04 00:00:00+00:00,2019-10-09 00:00:00+00:00,0.0,,0.03404196458564779
ht2.vwap_reversion,1d,ORCL,2019-10-09 00:00:00+00:00,2019-10-10 00:00:00+00:00,0.0,,0.017605214880496156
ht2.vwap_reversion,1w,ORCL,2019-10-09 00:00:00+00:00,2019-10-16 00:00:00+00:00,0.0,,0.024757213026228575
ht2.vwap_reversion,5w,ORCL,2019-10-09 00:00:00+00:00,2019-11-13 00:00:00+00:00,0.0,,0.030808779290397492
ht2.vwap_reversion,1d,ORCL,2019-11-13 00:00:00+00:00,2019-11-14 00:00:00+00:00,0.0,,-0.002134860160641905
ht2.vwap_reversion,1w,ORCL,2019-11-13 00:00:00+00:00,2019-11-20 00:00:00+00:00,0.0,,0.0005337337283162213
ht2.vwap_reversion,5w,ORCL,2019-11-13 00:00:00+00:00,2019-12-19 00:00:00+00:00,0.0,,-0.05283732177199296
ht2.vwap_reversion,1d,ORCL,2019-12-19 00:00:00+00:00,2019-12-20 00:00:00+00:00,0.0,,0.0067616222337203435
ht2.vwap_reversion,1w,ORCL,2019-12-19 00:00:00+00:00,2019-12-27 00:00:00+00:00,0.0,,0.004131918323227568
ht2.vwap_reversion,5w,ORCL,2019-12-19 00:00:00+00:00,2020-01-28 00:00:00+00:00,0.0,,0.00860131005345588
ht2.vwap_reversion,1d,ORCL,2020-01-28 00:00:00+00:00,2020-01-29 00:00:00+00:00,0.0,,-0.004863293189182882
ht2.vwap_reversion,1w,ORCL,2020-01-28 00:00:00+00:00,2020-02-04 00:00:00+00:00,0.0,,0.010849468669315021
ht2.vwap_reversion,5w,ORCL,2020-01-28 00:00:00+00:00,2020-03-04 00:00:00+00:00,0.0,,-0.05462004636760487
ht2.vwap_reversion,1d,ORCL,2020-03-04 00:00:00+00:00,2020-03-05 00:00:00+00:00,0.0,,-0.0502572964533059
ht2.vwap_reversion,1w,ORCL,2020-03-04 00:00:00+00:00,2020-03-11 00:00:00+00:00,0.0,,-0.11515645831024379
ht2.vwap_reversion,5w,ORCL,2020-03-04 00:00:00+00:00,2020-04-08 00:00:00+00:00,0.0,,0.0363602834031187
ht2.vwap_reversion,1d,ORCL,2020-04-08 00:00:00+00:00,2020-04-09 00:00:00+00:00,-1.0,0.0,0.020141796754045593
ht2.vwap_reversion,1w,ORCL,2020-04-08 00:00:00+00:00,2020-04-16 00:00:00+00:00,-1.0,0.0,0.030116975014294
ht2.vwap_reversion,5w,ORCL,2020-04-08 00:00:00+00:00,2020-05-14 00:00:00+00:00,-1.0,0.0,0.014962527790580715
ht2.vwap_reversion,1d,ORCL,2020-05-14 00:00:00+00:00,2020-05-15 00:00:00+00:00,0.0,,0.00018893278784926082
ht2.vwap_reversion,1w,ORCL,2020-05-14 00:00:00+00:00,2020-05-21 00:00:00+00:00,0.0,,-0.013041083714064539
ht2.vwap_reversion,5w,ORCL,2020-05-14 00:00:00+00:00,2020-06-19 00:00:00+00:00,0.0,,0.028160978918925217
ht2.vwap_reversion,1d,ORCL,2020-06-19 00:00:00+00:00,2020-06-22 00:00:00+00:00,0.0,,0.013235243357638815
ht2.vwap_reversion,1w,ORCL,2020-06-19 00:00:00+00:00,2020-06-26 00:00:00+00:00,0.0,,-0.004044129774311345
ht2.vwap_reversion,5w,ORCL,2020-06-19 00:00:00+00:00,2020-07-27 00:00:00+00:00,0.0,,0.021580121197612323
ht2.vwap_reversion,1d,ORCL,2020-07-27 00:00:00+00:00,2020-07-28 00:00:00+00:00,0.0,,0.00018047556998324055
ht2.vwap_reversion,1w,ORCL,2020-07-27 00:00:00+00:00,2020-08-03 00:00:00+00:00,0.0,,0.011564895501348538
ht2.vwap_reversion,5w,ORCL,2020-07-27 00:00:00+00:00,2020-08-31 00:00:00+00:00,0.0,,0.03397181030032281
ht2.vwap_reversion,1d,ORCL,2020-08-31 00:00:00+00:00,2020-09-01 00:00:00+00:00,0.0,,0.007689585027741419
ht2.vwap_reversion,1w,ORCL,2020-08-31 00:00:00+00:00,2020-09-08 00:00:00+00:00,0.0,,-0.03320531607920141
ht2.vwap_reversion,5w,ORCL,2020-08-31 00:00:00+00:00,2020-10-06 00:00:00+00:00,0.0,,0.04002093971499532
ht2.vwap_reversion,1d,ORCL,2020-10-06 00:00:00+00:00,2020-10-07 00:00:00+00:00,0.0,,0.02227091987355334
ht2.vwap_reversion,1w,ORCL,2020-10-06 00:00:00+00:00,2020-10-13 00:00:00+00:00,0.0,,0.028682289625623802
ht2.vwap_reversion,5w,ORCL,2020-10-06 00:00:00+00:00,2020-11-10 00:00:00+00:00,0.0,,-0.04386724839111389
ht2.vwap_reversion,1d,ORCL,2020-11-10 00:00:00+00:00,2020-11-11 00:00:00+00:00,0.0,,0.009352596615761488
ht2.vwap_reversion,1w,ORCL,2020-11-10 00:00:00+00:00,2020-11-17 00:00:00+00:00,0.0,,0.007940857798008016
ht2.vwap_reversion,5w,ORCL,2020-11-10 00:00:00+00:00,2020-12-16 00:00:00+00:00,0.0,,0.1078173534214355
ht2.vwap_reversion,1d,ORCL,2020-12-16 00:00:00+00:00,2020-12-17 00:00:00+00:00,-1.0,0.0,0.013220736917944453
ht2.vwap_reversion,1w,ORCL,2020-12-16 00:00:00+00:00,2020-12-23 00:00:00+00:00,-1.0,0.0,0.04014024542884265
ht2.vwap_reversion,5w,ORCL,2020-12-16 00:00:00+00:00,2021-01-25 00:00:00+00:00,-1.0,1.0,-0.026233829990401136
ht2.vwap_reversion,1d,ORCL,2021-01-25 00:00:00+00:00,2021-01-26 00:00:00+00:00,0.0,,0.014778189701481148
ht2.vwap_reversion,1w,ORCL,2021-01-25 00:00:00+00:00,2021-02-01 00:00:00+00:00,0.0,,0.010016304559636646
ht2.vwap_reversion,5w,ORCL,2021-01-25 00:00:00+00:00,2021-03-02 00:00:00+00:00,0.0,,0.09458110304307432
ht2.vwap_reversion,1d,ORCL,2021-03-02 00:00:00+00:00,2021-03-03 00:00:00+00:00,0.0,,0.0037507389539497282
ht2.vwap_reversion,1w,ORCL,2021-03-02 00:00:00+00:00,2021-03-09 00:00:00+00:00,0.0,,0.08970919462350069
ht2.vwap_reversion,5w,ORCL,2021-03-02 00:00:00+00:00,2021-04-07 00:00:00+00:00,0.0,,0.1159689336971641
ht2.vwap_reversion,1d,ORCL,2021-04-07 00:00:00+00:00,2021-04-08 00:00:00+00:00,0.0,,0.016335837408242737
ht2.vwap_reversion,1w,ORCL,2021-04-07 00:00:00+00:00,2021-04-14 00:00:00+00:00,0.0,,0.037127275188424846
ht2.vwap_reversion,5w,ORCL,2021-04-07 00:00:00+00:00,2021-05-12 00:00:00+00:00,0.0,,0.03618205400202257
ht2.vwap_reversion,1d,ORCL,2021-05-12 00:00:00+00:00,2021-05-13 00:00:00+00:00,0.0,,0.018110788859766025
ht2.vwap_reversion,1w,ORCL,2021-05-12 00:00:00+00:00,2021-05-19 00:00:00+00:00,0.0,,0.025928176728358343
ht2.vwap_reversion,5w,ORCL,2021-05-12 00:00:00+00:00,2021-06-17 00:00:00+00:00,0.0,,0.010553607034229584
ht2.vwap_reversion,1d,ORCL,2021-06-17 00:00:00+00:00,2021-06-18 00:00:00+00:00,0.0,,-0.017147811980507743
ht2.vwap_reversion,1w,ORCL,2021-06-17 00:00:00+00:00,2021-06-24 00:00:00+00:00,0.0,,0.0023208827698084633
ht2.vwap_reversion,5w,ORCL,2021-06-17 00:00:00+00:00,2021-07-23 00:00:00+00:00,0.0,,0.1347792336175777
ht2.vwap_reversion,1d,ORCL,2021-07-23 00:00:00+00:00,2021-07-26 00:00:00+00:00,0.0,,0.0019386625052899564
ht2.vwap_reversion,1w,ORCL,2021-07-23 00:00:00+00:00,2021-07-30 00:00:00+00:00,0.0,,-0.00627212697522761
ht2.vwap_reversion,5w,ORCL,2021-07-23 00:00:00+00:00,2021-08-27 00:00:00+00:00,0.0,,0.018930113310774876
ht2.vwap_reversion,1d,ORCL,2021-08-27 00:00:00+00:00,2021-08-30 00:00:00+00:00,0.0,,0.0011192084411315584
ht2.vwap_reversion,1w,ORCL,2021-08-27 00:00:00+00:00,2021-09-03 00:00:00+00:00,0.0,,0.007274809196563092
ht2.vwap_reversion,5w,ORCL,2021-08-27 00:00:00+00:00,2021-10-04 00:00:00+00:00,0.0,,-0.0010070409747389153
ht2.vwap_reversion,1d,ORCL,2021-10-04 00:00:00+00:00,2021-10-05 00:00:00+00:00,0.0,,0.024983242495513647
ht2.vwap_reversion,1w,ORCL,2021-10-04 00:00:00+00:00,2021-10-11 00:00:00+00:00,0.0,,0.07126888253709396
ht2.vwap_reversion,5w,ORCL,2021-10-04 00:00:00+00:00,2021-11-08 00:00:00+00:00,0.0,,0.06958266293410076
ht2.vwap_reversion,1d,ORCL,2021-11-08 00:00:00+00:00,2021-11-09 00:00:00+00:00,0.0,,-0.005780862203663917
ht2.vwap_reversion,1w,ORCL,2021-11-08 00:00:00+00:00,2021-11-15 00:00:00+00:00,0.0,,-0.011772189371621833
ht2.vwap_reversion,5w,ORCL,2021-11-08 00:00:00+00:00,2021-12-14 00:00:00+00:00,0.0,,0.049926358633837875
ht2.vwap_reversion,1d,ORCL,2021-12-14 00:00:00+00:00,2021-12-15 00:00:00+00:00,0.0,,0.03764151974976593
ht2.vwap_reversion,1w,ORCL,2021-12-14 00:00:00+00:00,2021-12-21 00:00:00+00:00,0.0,,-0.08389210078568188
ht2.vwap_reversion,5w,ORCL,2021-12-14 00:00:00+00:00,2022-01-20 00:00:00+00:00,0.0,,-0.16881262191169588
ht2.vwap_reversion,1d,ORCL,2022-01-20 00:00:00+00:00,2022-01-21 00:00:00+00:00,0.0,,-0.0060443179453864015
ht2.vwap_reversion,1w,ORCL,2022-01-20 00:00:00+00:00,2022-01-27 00:00:00+00:00,0.0,,-0.035541714061365526
ht2.vwap_reversion,5w,ORCL,2022-01-20 00:00:00+00:00,2022-02-25 00:00:00+00:00,0.0,,-0.07700696550240604
ht2.vwap_reversion,1d,ORCL,2022-02-25 00:00:00+00:00,2022-02-28 00:00:00+00:00,0.0,,-0.004976724238662467
ht2.vwap_reversion,1w,ORCL,2022-02-25 00:00:00+00:00,2022-03-04 00:00:00+00:00,0.0,,0.0018338092704635045
ht2.vwap_reversion,5w,ORCL,2022-02-25 00:00:00+00:00,2022-04-01 00:00:00+00:00,0.0,,0.07413252776901325
ht2.vwap_reversion,1d,ORCL,2022-04-01 00:00:00+00:00,2022-04-04 00:00:00+00:00,0.0,,0.025118728691527092
ht2.vwap_reversion,1w,ORCL,2022-04-01 00:00:00+00:00,2022-04-08 00:00:00+00:00,0.0,,-0.009186072407655677
ht2.vwap_reversion,5w,ORCL,2022-04-01 00:00:00+00:00,2022-05-09 00:00:00+00:00,0.0,,-0.12425493830929712
ht2.vwap_reversion,1d,ORCL,2022-05-09 00:00:00+00:00,2022-05-10 00:00:00+00:00,0.0,,0.013838605599458376
ht2.vwap_reversion,1w,ORCL,2022-05-09 00:00:00+00:00,2022-05-16 00:00:00+00:00,0.0,,-0.025580045925978956
ht2.vwap_reversion,5w,ORCL,2022-05-09 00:00:00+00:00,2022-06-14 00:00:00+00:00,0.0,,-0.0114622018904047
ht2.vwap_reversion,1d,ORCL,2022-06-14 00:00:00+00:00,2022-06-15 00:00:00+00:00,0.0,,-0.01442306540015359
ht2.vwap_reversion,1w,ORCL,2022-06-14 00:00:00+00:00,2022-06-22 00:00:00+00:00,0.0,,-0.05924770700628945
ht2.vwap_reversion,5w,ORCL,2022-06-14 00:00:00+00:00,2022-07-21 00:00:00+00:00,0.0,,0.05873006217102228
ht2.vwap_reversion,1d,ORCL,2022-07-21 00:00:00+00:00,2022-07-22 00:00:00+00:00,-1.0,0.0,0.00482947011657564
ht2.vwap_reversion,1w,ORCL,2022-07-21 00:00:00+00:00,2022-07-28 00:00:00+00:00,-1.0,0.0,0.03353883734818974
ht2.vwap_reversion,5w,ORCL,2022-07-21 00:00:00+00:00,2022-08-25 00:00:00+00:00,-1.0,0.0,0.031526306598048004
ht2.vwap_reversion,1d,ORCL,2022-08-25 00:00:00+00:00,2022-08-26 00:00:00+00:00,0.0,,-0.029132192755018105
ht2.vwap_reversion,1w,ORCL,2022-08-25 00:00:00+00:00,2022-09-01 00:00:00+00:00,0.0,,-0.02067870366596547
ht2.vwap_reversion,5w,ORCL,2022-08-25 00:00:00+00:00,2022-09-30 00:00:00+00:00,0.0,,-0.20574809041439757
ht2.vwap_reversion,1d,ORCL,2022-09-30 00:00:00+00:00,2022-10-03 00:00:00+00:00,0.0,,0.032913023138036346
ht2.vwap_reversion,1w,ORCL,2022-09-30 00:00:00+00:00,2022-10-07 00:00:00+00:00,0.0,,0.03635148215576933
ht2.vwap_reversion,5w,ORCL,2022-09-30 00:00:00+00:00,2022-11-04 00:00:00+00:00,0.0,,0.2508707988744565
ht2.vwap_reversion,1d,ORCL,2022-11-04 00:00:00+00:00,2022-11-07 00:00:00+00:00,0.0,,0.009736506746035323
ht2.vwap_reversion,1w,ORCL,2022-11-04 00:00:00+00:00,2022-11-11 00:00:00+00:00,0.0,,0.022894391794414437
ht2.vwap_reversion,5w,ORCL,2022-11-04 00:00:00+00:00,2022-12-12 00:00:00+00:00,0.0,,0.06947367092349133
ht2.vwap_reversion,1d,ORCL,2022-12-12 00:00:00+00:00,2022-12-13 00:00:00+00:00,0.0,,-0.008858520963572869
ht2.vwap_reversion,1w,ORCL,2022-12-12 00:00:00+00:00,2022-12-19 00:00:00+00:00,0.0,,-0.009596583510046108
ht2.vwap_reversion,5w,ORCL,2022-12-12 00:00:00+00:00,2023-01-19 00:00:00+00:00,0.0,,0.061297353439898616
ht2.vwap_reversion,1d,ORCL,2023-01-19 00:00:00+00:00,2023-01-20 00:00:00+00:00,0.0,,0.015243114700316474
ht2.vwap_reversion,1w,ORCL,2023-01-19 00:00:00+00:00,2023-01-26 00:00:00+00:00,0.0,,0.0452639295372359
ht2.vwap_reversion,5w,ORCL,2023-01-19 00:00:00+00:00,2023-02-24 00:00:00+00:00,0.0,,0.03164985848505797
ht2.vwap_reversion,1d,ORCL,2023-02-24 00:00:00+00:00,2023-02-27 00:00:00+00:00,0.0,,-0.007895332097125562
ht2.vwap_reversion,1w,ORCL,2023-02-24 00:00:00+00:00,2023-03-03 00:00:00+00:00,0.0,,0.006654483055623883
ht2.vwap_reversion,5w,ORCL,2023-02-24 00:00:00+00:00,2023-03-31 00:00:00+00:00,0.0,,0.048048786666491816
ht2.vwap_reversion,1d,ORCL,2023-03-31 00:00:00+00:00,2023-04-03 00:00:00+00:00,-1.0,0.0,0.010761849382793898
ht2.vwap_reversion,1w,ORCL,2023-03-31 00:00:00+00:00,2023-04-10 00:00:00+00:00,-1.0,0.0,0.013265541922150126
ht2.vwap_reversion,5w,ORCL,2023-03-31 00:00:00+00:00,2023-05-08 00:00:00+00:00,-1.0,0.0,0.0460106003650711
ht2.vwap_reversion,1d,ORCL,2023-05-08 00:00:00+00:00,2023-05-09 00:00:00+00:00,0.0,,-0.006715497760776734
ht2.vwap_reversion,1w,ORCL,2023-05-08 00:00:00+00:00,2023-05-15 00:00:00+00:00,0.0,,0.004855876927090996
ht2.vwap_reversion,5w,ORCL,2023-05-08 00:00:00+00:00,2023-06-13 00:00:00+00:00,0.0,,0.20549646033703461
ht2.vwap_reversion,1d,ORCL,2023-06-13 00:00:00+00:00,2023-06-14 00:00:00+00:00,0.0,,0.04790892094757826
ht2.vwap_reversion,1w,ORCL,2023-06-13 00:00:00+00:00,2023-06-21 00:00:00+00:00,0.0,,0.046451814897773946
ht2.vwap_reversion,5w,ORCL,2023-06-13 00:00:00+00:00,2023-07-20 00:00:00+00:00,0.0,,-0.0033710022029247444
ht2.vwap_reversion,1d,ORCL,2023-07-20 00:00:00+00:00,2023-07-21 00:00:00+00:00,0.0,,0.015274359967698325
ht2.vwap_reversion,1w,ORCL,2023-07-20 00:00:00+00:00,2023-07-27 00:00:00+00:00,0.0,,0.0044875240080317624
ht2.vwap_reversion,5w,ORCL,2023-07-20 00:00:00+00:00,2023-08-24 00:00:00+00:00,0.0,,-0.02563000622026279
ht2.vwap_reversion,1d,ORCL,2023-08-24 00:00:00+00:00,2023-08-25 00:00:00+00:00,0.0,,0.027898403042591724
ht2.vwap_reversion,1w,ORCL,2023-08-24 00:00:00+00:00,2023-08-31 00:00:00+00:00,0.0,,0.06624747243433582
ht2.vwap_reversion,5w,ORCL,2023-08-24 00:00:00+00:00,2023-09-29 00:00:00+00:00,0.0,,-0.06190755285304572
ht2.vwap_reversion,1d,ORCL,2023-09-29 00:00:00+00:00,2023-10-02 00:00:00+00:00,0.0,,0.0074583804329180214
ht2.vwap_reversion,1w,ORCL,2023-09-29 00:00:00+00:00,2023-10-06 00:00:00+00:00,0.0,,0.038141877268251134
ht2.vwap_reversion,5w,ORCL,2023-09-29 00:00:00+00:00,2023-11-03 00:00:00+00:00,0.0,,0.023842432180888773
ht2.vwap_reversion,1d,ORCL,2023-11-03 00:00:00+00:00,2023-11-06 00:00:00+00:00,0.0,,0.0098101499916734
ht2.vwap_reversion,1w,ORCL,2023-11-03 00:00:00+00:00,2023-11-10 00:00:00+00:00,0.0,,0.04645984886774701
ht2.vwap_reversion,5w,ORCL,2023-11-03 00:00:00+00:00,2023-12-11 00:00:00+00:00,0.0,,0.06552509110971094
ht2.vwap_reversion,1d,ORCL,2023-12-11 00:00:00+00:00,2023-12-12 00:00:00+00:00,0.0,,-0.12438124013734175
ht2.vwap_reversion,1w,ORCL,2023-12-11 00:00:00+00:00,2023-12-18 00:00:00+00:00,0.0,,-0.08798754816205634
ht2.vwap_reversion,5w,ORCL,2023-12-11 00:00:00+00:00,2024-01-18 00:00:00+00:00,0.0,,-0.05219166041217982
ht2.vwap_reversion,1d,ORCL,2024-01-18 00:00:00+00:00,2024-01-19 00:00:00+00:00,0.0,,0.00892386008059387
ht2.vwap_reversion,1w,ORCL,2024-01-18 00:00:00+00:00,2024-01-25 00:00:00+00:00,0.0,,0.057957786322121896
ht2.vwap_reversion,5w,ORCL,2024-01-18 00:00:00+00:00,2024-02-23 00:00:00+00:00,0.0,,0.02989906993661018
ht2.vwap_reversion,1d,ORCL,2024-02-23 00:00:00+00:00,2024-02-26 00:00:00+00:00,0.0,,-0.008753990050755278
ht2.vwap_reversion,1w,ORCL,2024-02-23 00:00:00+00:00,2024-03-01 00:00:00+00:00,0.0,,0.01634642907318007
ht2.vwap_reversion,5w,ORCL,2024-02-23 00:00:00+00:00,2024-04-01 00:00:00+00:00,0.0,,0.12085736297716387
ht2.vwap_reversion,1d,ORCL,2024-04-01 00:00:00+00:00,2024-04-02 00:00:00+00:00,0.0,,-0.009085008273505224
ht2.vwap_reversion,1w,ORCL,2024-04-01 00:00:00+00:00,2024-04-08 00:00:00+00:00,0.0,,-0.009005302057489395
ht2.vwap_reversion,5w,ORCL,2024-04-01 00:00:00+00:00,2024-05-06 00:00:00+00:00,0.0,,-0.053857959022002855
ht2.vwap_reversion,1d,ORCL,2024-05-06 00:00:00+00:00,2024-05-07 00:00:00+00:00,-1.0,1.0,-0.0034645508426387472
ht2.vwap_reversion,1w,ORCL,2024-05-06 00:00:00+00:00,2024-05-13 00:00:00+00:00,-1.0,1.0,-0.016646824869812615
ht2.vwap_reversion,5w,ORCL,2024-05-06 00:00:00+00:00,2024-06-11 00:00:00+00:00,-1.0,0.0,0.04681421880473757
ht2.vwap_reversion,1d,ORCL,2024-06-11 00:00:00+00:00,2024-06-12 00:00:00+00:00,0.0,,0.13319360600402508
ht2.vwap_reversion,1w,ORCL,2024-06-11 00:00:00+00:00,2024-06-18 00:00:00+00:00,0.0,,0.16758165218498888
ht2.vwap_reversion,5w,ORCL,2024-06-11 00:00:00+00:00,2024-07-18 00:00:00+00:00,0.0,,0.11736944177699016
ht2.vwap_reversion,1d,ORCL,2024-07-18 00:00:00+00:00,2024-07-19 00:00:00+00:00,0.0,,0.003839629436104497
ht2.vwap_reversion,1w,ORCL,2024-07-18 00:00:00+00:00,2024-07-25 00:00:00+00:00,0.0,,-0.0015212325768595436
ht2.vwap_reversion,5w,ORCL,2024-07-18 00:00:00+00:00,2024-08-22 00:00:00+00:00,0.0,,0.0003622036124331096
ht2.vwap_reversion,1d,ORCL,2024-08-22 00:00:00+00:00,2024-08-23 00:00:00+00:00,0.0,,0.00803900263603663
ht2.vwap_reversion,1w,ORCL,2024-08-22 00:00:00+00:00,2024-08-29 00:00:00+00:00,0.0,,0.009704694101279276
ht2.vwap_reversion,5w,ORCL,2024-08-22 00:00:00+00:00,2024-09-27 00:00:00+00:00,0.0,,0.2220452893253786
ht2.vwap_reversion,1d,ORCL,2024-09-27 00:00:00+00:00,2024-09-30 00:00:00+00:00,0.0,,0.009837534525265035
ht2.vwap_reversion,1w,ORCL,2024-09-27 00:00:00+00:00,2024-10-04 00:00:00+00:00,0.0,,0.012563698518921917
ht2.vwap_reversion,5w,ORCL,2024-09-27 00:00:00+00:00,2024-11-01 00:00:00+00:00,0.0,,0.009851304430517738
ht2.vwap_reversion,1d,ORCL,2024-11-01 00:00:00+00:00,2024-11-04 00:00:00+00:00,0.0,,-0.002529170754670629
ht2.vwap_reversion,1w,ORCL,2024-11-01 00:00:00+00:00,2024-11-08 00:00:00+00:00,0.0,,0.11310418303812919
ht2.vwap_reversion,5w,ORCL,2024-11-01 00:00:00+00:00,2024-12-09 00:00:00+00:00,0.0,,0.12016219564637076
ht2.vwap_reversion,1d,ORCL,2024-12-09 00:00:00+00:00,2024-12-10 00:00:00+00:00,0.0,,-0.06673659933604814
ht2.vwap_reversion,1w,ORCL,2024-12-09 00:00:00+00:00,2024-12-16 00:00:00+00:00,0.0,,-0.10091872410459024
ht2.vwap_reversion,5w,ORCL,2024-12-09 00:00:00+00:00,2025-01-16 00:00:00+00:00,0.0,,-0.16024074484828654
ht2.vwap_reversion,1d,ORCL,2025-01-16 00:00:00+00:00,2025-01-17 00:00:00+00:00,0.0,,0.009339384409466911
ht2.vwap_reversion,1w,ORCL,2025-01-16 00:00:00+00:00,2025-01-24 00:00:00+00:00,0.0,,0.15080859967800198
ht2.vwap_reversion,5w,ORCL,2025-01-16 00:00:00+00:00,2025-02-24 00:00:00+00:00,0.0,,0.06531264936482284
ht2.vwap_reversion,1d,ORCL,2025-02-24 00:00:00+00:00,2025-02-25 00:00:00+00:00,0.0,,-0.008354848749183574
ht2.vwap_reversion,1w,ORCL,2025-02-24 00:00:00+00:00,2025-03-03 00:00:00+00:00,0.0,,-0.04671676215273968
ht2.vwap_reversion,5w,ORCL,2025-02-24 00:00:00+00:00,2025-03-31 00:00:00+00:00,0.0,,-0.17739469500710847
ht2.vwap_reversion,1d,ORCL,2025-03-31 00:00:00+00:00,2025-04-01 00:00:00+00:00,0.0,,0.015234966720379495
ht2.vwap_reversion,1w,ORCL,2025-03-31 00:00:00+00:00,2025-04-07 00:00:00+00:00,0.0,,-0.09047988041428712
ht2.vwap_reversion,5w,ORCL,2025-03-31 00:00:00+00:00,2025-05-06 00:00:00+00:00,0.0,,0.06022881369573918
ht2.vwap_reversion,1d,ORCL,2025-05-06 00:00:00+00:00,2025-05-07 00:00:00+00:00,0.0,,0.011306565286171244
ht2.vwap_reversion,1w,ORCL,2025-05-06 00:00:00+00:00,2025-05-13 00:00:00+00:00,0.0,,0.09864577962642396
ht2.vwap_reversion,5w,ORCL,2025-05-06 00:00:00+00:00,2025-06-11 00:00:00+00:00,0.0,,0.19417741363300722
ht2.vwap_reversion,1d,ORCL,2025-06-11 00:00:00+00:00,2025-06-12 00:00:00+00:00,0.0,,0.13312163193857174
ht2.vwap_reversion,1w,ORCL,2025-06-11 00:00:00+00:00,2025-06-18 00:00:00+00:00,0.0,,0.19554364355251153
ht2.vwap_reversion,5w,ORCL,2025-06-11 00:00:00+00:00,2025-07-18 00:00:00+00:00,0.0,,0.3945545287605341
ht2.vwap_reversion,1d,ORCL,2025-07-18 00:00:00+00:00,2025-07-21 00:00:00+00:00,0.0,,-0.0077816165149363625
ht2.vwap_reversion,1w,ORCL,2025-07-18 00:00:00+00:00,2025-07-25 00:00:00+00:00,0.0,,-0.001344459215911642
ht2.vwap_reversion,5w,ORCL,2025-07-18 00:00:00+00:00,2025-08-22 00:00:00+00:00,0.0,,-0.036993282922557214
ht2.vwap_reversion,1d,ORCL,2025-08-22 00:00:00+00:00,2025-08-25 00:00:00+00:00,0.0,,-0.004061327322259278
ht2.vwap_reversion,1w,ORCL,2025-08-22 00:00:00+00:00,2025-08-29 00:00:00+00:00,0.0,,-0.04332184765452218
ht2.vwap_reversion,5w,ORCL,2025-08-22 00:00:00+00:00,2025-09-29 00:00:00+00:00,0.0,,0.1962602934479396
ht2.vwap_reversion,1d,ORCL,2025-09-29 00:00:00+00:00,2025-09-30 00:00:00+00:00,0.0,,-0.005375684445456441
ht2.vwap_reversion,1w,ORCL,2025-09-29 00:00:00+00:00,2025-10-06 00:00:00+00:00,0.0,,0.03122769773735934
ht2.vwap_reversion,5w,ORCL,2025-09-29 00:00:00+00:00,2025-11-03 00:00:00+00:00,0.0,,-0.0865135673075601
ht2.vwap_reversion,1d,ORCL,2025-11-03 00:00:00+00:00,2025-11-04 00:00:00+00:00,0.0,,-0.03754121328296278
ht2.vwap_reversion,1w,ORCL,2025-11-03 00:00:00+00:00,2025-11-10 00:00:00+00:00,0.0,,-0.06600733380299084
ht2.vwap_reversion,5w,ORCL,2025-11-03 00:00:00+00:00,2025-12-09 00:00:00+00:00,0.0,,-0.14085710245056182
ht2.vwap_reversion,1d,ORCL,2025-12-09 00:00:00+00:00,2025-12-10 00:00:00+00:00,0.0,,0.006680834530234936
ht2.vwap_reversion,1w,ORCL,2025-12-09 00:00:00+00:00,2025-12-16 00:00:00+00:00,0.0,,-0.14842229116454808
ht2.vwap_reversion,5w,ORCL,2025-12-09 00:00:00+00:00,2026-01-15 00:00:00+00:00,0.0,,-0.14074003036686056
ht2.vwap_reversion,1d,ORCL,2026-01-15 00:00:00+00:00,2026-01-16 00:00:00+00:00,0.0,,0.006531468297155563
ht2.vwap_reversion,1w,ORCL,2026-01-15 00:00:00+00:00,2026-01-23 00:00:00+00:00,0.0,,-0.06684223445964843
ht2.vwap_reversion,5w,ORCL,2026-01-15 00:00:00+00:00,2026-02-23 00:00:00+00:00,0.0,,-0.25567556923630774
ht2.vwap_reversion,1d,ORCL,2026-02-23 00:00:00+00:00,2026-02-24 00:00:00+00:00,1.0,1.0,0.03418021641540703
ht2.vwap_reversion,1w,ORCL,2026-02-23 00:00:00+00:00,2026-03-02 00:00:00+00:00,1.0,1.0,0.05618852051259893
ht2.vwap_reversion,5w,ORCL,2026-02-23 00:00:00+00:00,2026-03-30 00:00:00+00:00,1.0,0.0,-0.017762308402013094
ht2.vwap_reversion,1d,ORCL,2026-03-30 00:00:00+00:00,2026-03-31 00:00:00+00:00,0.0,,0.059870295620288116
ht2.vwap_reversion,1w,ORCL,2026-03-30 00:00:00+00:00,2026-04-07 00:00:00+00:00,0.0,,0.03148413687960039
ht2.vwap_reversion,5w,ORCL,2026-03-30 00:00:00+00:00,2026-05-05 00:00:00+00:00,0.0,,0.3400385528628429
ht2.vwap_reversion,1d,ORCL,2026-05-05 00:00:00+00:00,2026-05-06 00:00:00+00:00,0.0,,0.046830293470004225
ht2.vwap_reversion,1w,ORCL,2026-05-05 00:00:00+00:00,2026-05-12 00:00:00+00:00,0.0,,0.007984892174587754
ht2.vwap_reversion,5w,ORCL,2026-05-05 00:00:00+00:00,2026-06-10 00:00:00+00:00,0.0,,0.08583752891887131
ht2.vwap_reversion,1d,ORCL,2026-06-10 00:00:00+00:00,2026-06-11 00:00:00+00:00,0.0,,-0.08526278093801731
ht2.vwap_reversion,1w,ORCL,2026-06-10 00:00:00+00:00,2026-06-17 00:00:00+00:00,0.0,,-0.08809493757896658
ht2.vwap_reversion,5w,ORCL,2026-06-10 00:00:00+00:00,2026-07-17 00:00:00+00:00,0.0,,-0.3697218215972602
ht2.vwap_reversion,1d,ORCL,2026-07-17 00:00:00+00:00,2026-07-20 00:00:00+00:00,0.0,,-0.03979120530790026
ht2.vwap_reversion,1w,ORCL,2026-07-17 00:00:00+00:00,2026-07-24 00:00:00+00:00,0.0,,-0.09034099729057232
ht2.vwap_reversion,5w,ORCL,2026-07-17 00:00:00+00:00,2026-08-21 00:00:00+00:00,0.0,,0.1586899531481194
ht2.vwap_reversion,1d,PL,2023-05-08 00:00:00+00:00,2023-05-09 00:00:00+00:00,0.0,,-0.010126572498773245
ht2.vwap_reversion,1w,PL,2023-05-08 00:00:00+00:00,2023-05-15 00:00:00+00:00,0.0,,0.05316450561856012
ht2.vwap_reversion,5w,PL,2023-05-08 00:00:00+00:00,2023-06-13 00:00:00+00:00,0.0,,-0.10632913195538662
ht2.vwap_reversion,1d,PL,2023-06-13 00:00:00+00:00,2023-06-14 00:00:00+00:00,0.0,,-0.011331434044538846
ht2.vwap_reversion,1w,PL,2023-06-13 00:00:00+00:00,2023-06-21 00:00:00+00:00,0.0,,-0.10198297394152445
ht2.vwap_reversion,5w,PL,2023-06-13 00:00:00+00:00,2023-07-20 00:00:00+00:00,0.0,,-0.05382437925223427
ht2.vwap_reversion,1d,PL,2023-07-20 00:00:00+00:00,2023-07-21 00:00:00+00:00,0.0,,0.0
ht2.vwap_reversion,1w,PL,2023-07-20 00:00:00+00:00,2023-07-27 00:00:00+00:00,0.0,,-0.014970045988375147
ht2.vwap_reversion,5w,PL,2023-07-20 00:00:00+00:00,2023-08-24 00:00:00+00:00,0.0,,-0.06886228292933638
ht2.vwap_reversion,1d,PL,2023-08-24 00:00:00+00:00,2023-08-25 00:00:00+00:00,0.0,,0.0032154311255849777
ht2.vwap_reversion,1w,PL,2023-08-24 00:00:00+00:00,2023-08-31 00:00:00+00:00,0.0,,0.045016112420113386
ht2.vwap_reversion,5w,PL,2023-08-24 00:00:00+00:00,2023-09-29 00:00:00+00:00,0.0,,-0.16398714072867926
ht2.vwap_reversion,1d,PL,2023-09-29 00:00:00+00:00,2023-10-02 00:00:00+00:00,0.0,,-0.011538450957754964
ht2.vwap_reversion,1w,PL,2023-09-29 00:00:00+00:00,2023-10-06 00:00:00+00:00,0.0,,0.003846150319251729
ht2.vwap_reversion,5w,PL,2023-09-29 00:00:00+00:00,2023-11-03 00:00:00+00:00,0.0,,-0.1230769019155099
ht2.vwap_reversion,1d,PL,2023-11-03 00:00:00+00:00,2023-11-06 00:00:00+00:00,0.0,,-0.008771921569070362
ht2.vwap_reversion,1w,PL,2023-11-03 00:00:00+00:00,2023-11-10 00:00:00+00:00,0.0,,-0.048245568629886826
ht2.vwap_reversion,5w,PL,2023-11-03 00:00:00+00:00,2023-12-11 00:00:00+00:00,0.0,,0.04385971241490516
ht2.vwap_reversion,1d,PL,2023-12-11 00:00:00+00:00,2023-12-12 00:00:00+00:00,0.0,,-0.04621854127105551
ht2.vwap_reversion,1w,PL,2023-12-11 00:00:00+00:00,2023-12-18 00:00:00+00:00,0.0,,0.02100838231599389
ht2.vwap_reversion,5w,PL,2023-12-11 00:00:00+00:00,2024-01-18 00:00:00+00:00,0.0,,-0.1302521707109
ht2.vwap_reversion,1d,PL,2024-01-18 00:00:00+00:00,2024-01-19 00:00:00+00:00,0.0,,0.019323653692280285
ht2.vwap_reversion,1w,PL,2024-01-18 00:00:00+00:00,2024-01-25 00:00:00+00:00,0.0,,0.1111111239086735
ht2.vwap_reversion,5w,PL,2024-01-18 00:00:00+00:00,2024-02-23 00:00:00+00:00,0.0,,0.04347833598569206
ht2.vwap_reversion,1d,PL,2024-02-23 00:00:00+00:00,2024-02-26 00:00:00+00:00,0.0,,0.02314812515252984
ht2.vwap_reversion,1w,PL,2024-02-23 00:00:00+00:00,2024-03-01 00:00:00+00:00,0.0,,0.04166662527455389
ht2.vwap_reversion,5w,PL,2024-02-23 00:00:00+00:00,2024-04-01 00:00:00+00:00,0.0,,0.04166662527455389
ht2.vwap_reversion,1d,PL,2024-04-01 00:00:00+00:00,2024-04-02 00:00:00+00:00,0.0,,-0.039999961853027344
ht2.vwap_reversion,1w,PL,2024-04-01 00:00:00+00:00,2024-04-08 00:00:00+00:00,0.0,,-0.06666670905219185
ht2.vwap_reversion,5w,PL,2024-04-01 00:00:00+00:00,2024-05-06 00:00:00+00:00,0.0,,-0.16000000635782874
ht2.vwap_reversion,1d,PL,2024-05-06 00:00:00+00:00,2024-05-07 00:00:00+00:00,-1.0,0.0,0.05820106621041665
ht2.vwap_reversion,1w,PL,2024-05-06 00:00:00+00:00,2024-05-13 00:00:00+00:00,-1.0,0.0,0.04232806535494804
ht2.vwap_reversion,5w,PL,2024-05-06 00:00:00+00:00,2024-06-11 00:00:00+00:00,-1.0,0.0,0.06349206649557293
ht2.vwap_reversion,1d,PL,2024-06-11 00:00:00+00:00,2024-06-12 00:00:00+00:00,0.0,,0.014925358971199065
ht2.vwap_reversion,1w,PL,2024-06-11 00:00:00+00:00,2024-06-18 00:00:00+00:00,0.0,,-0.06965173450703255
ht2.vwap_reversion,5w,PL,2024-06-11 00:00:00+00:00,2024-07-18 00:00:00+00:00,0.0,,0.07462691347220374
ht2.vwap_reversion,1d,PL,2024-07-18 00:00:00+00:00,2024-07-19 00:00:00+00:00,0.0,,-0.009259250061012025
ht2.vwap_reversion,1w,PL,2024-07-18 00:00:00+00:00,2024-07-25 00:00:00+00:00,0.0,,0.10648148608060515
ht2.vwap_reversion,5w,PL,2024-07-18 00:00:00+00:00,2024-08-22 00:00:00+00:00,0.0,,0.18518511159920692
ht2.vwap_reversion,1d,PL,2024-08-22 00:00:00+00:00,2024-08-23 00:00:00+00:00,0.0,,0.0703125276486396
ht2.vwap_reversion,1w,PL,2024-08-22 00:00:00+00:00,2024-08-29 00:00:00+00:00,0.0,,0.07421877401066057
ht2.vwap_reversion,5w,PL,2024-08-22 00:00:00+00:00,2024-09-27 00:00:00+00:00,0.0,,-0.12499997671693508
ht2.vwap_reversion,1d,PL,2024-09-27 00:00:00+00:00,2024-09-30 00:00:00+00:00,0.0,,-0.004464281437804529
ht2.vwap_reversion,1w,PL,2024-09-27 00:00:00+00:00,2024-10-04 00:00:00+00:00,0.0,,0.0
ht2.vwap_reversion,5w,PL,2024-09-27 00:00:00+00:00,2024-11-01 00:00:00+00:00,0.0,,0.013392844313413477
ht2.vwap_reversion,1d,PL,2024-11-01 00:00:00+00:00,2024-11-04 00:00:00+00:00,0.0,,-0.026431693076513496
ht2.vwap_reversion,1w,PL,2024-11-01 00:00:00+00:00,2024-11-08 00:00:00+00:00,0.0,,0.10572687733626585
ht2.vwap_reversion,5w,PL,2024-11-01 00:00:00+00:00,2024-12-09 00:00:00+00:00,0.0,,0.7797356809686307
ht2.vwap_reversion,1d,PL,2024-12-09 00:00:00+00:00,2024-12-10 00:00:00+00:00,0.0,,-0.042079227202757585
ht2.vwap_reversion,1w,PL,2024-12-09 00:00:00+00:00,2024-12-16 00:00:00+00:00,0.0,,0.07178216945329208
ht2.vwap_reversion,5w,PL,2024-12-09 00:00:00+00:00,2025-01-16 00:00:00+00:00,0.0,,-0.056930698328024776
ht2.vwap_reversion,1d,PL,2025-01-16 00:00:00+00:00,2025-01-17 00:00:00+00:00,0.0,,0.0026246694523468506
ht2.vwap_reversion,1w,PL,2025-01-16 00:00:00+00:00,2025-01-24 00:00:00+00:00,0.0,,0.42782155877193273
ht2.vwap_reversion,5w,PL,2025-01-16 00:00:00+00:00,2025-02-24 00:00:00+00:00,0.0,,0.2257218232100553
ht2.vwap_reversion,1d,PL,2025-02-24 00:00:00+00:00,2025-02-25 00:00:00+00:00,1.0,0.0,-0.05995721739485582
ht2.vwap_reversion,1w,PL,2025-02-24 00:00:00+00:00,2025-03-03 00:00:00+00:00,1.0,0.0,-0.0899357750390557
ht2.vwap_reversion,5w,PL,2025-02-24 00:00:00+00:00,2025-03-31 00:00:00+00:00,1.0,0.0,-0.27623125070198185
ht2.vwap_reversion,1d,PL,2025-03-31 00:00:00+00:00,2025-04-01 00:00:00+00:00,0.0,,0.014792884799814443
ht2.vwap_reversion,1w,PL,2025-03-31 00:00:00+00:00,2025-04-07 00:00:00+00:00,0.0,,-0.035502994057593495
ht2.vwap_reversion,5w,PL,2025-03-31 00:00:00+00:00,2025-05-06 00:00:00+00:00,0.0,,0.03550292351955475
ht2.vwap_reversion,1d,PL,2025-05-06 00:00:00+00:00,2025-05-07 00:00:00+00:00,0.0,,-0.011428560529436416
ht2.vwap_reversion,1w,PL,2025-05-06 00:00:00+00:00,2025-05-13 00:00:00+00:00,0.0,,0.07999999182564865
ht2.vwap_reversion,5w,PL,2025-05-06 00:00:00+00:00,2025-06-11 00:00:00+00:00,0.0,,0.5514285223824638
ht2.vwap_reversion,1d,PL,2025-06-11 00:00:00+00:00,2025-06-12 00:00:00+00:00,0.0,,0.005524900691852963
ht2.vwap_reversion,1w,PL,2025-06-11 00:00:00+00:00,2025-06-18 00:00:00+00:00,0.0,,-0.05893180569807255
ht2.vwap_reversion,5w,PL,2025-06-11 00:00:00+00:00,2025-07-18 00:00:00+00:00,0.0,,0.25046043766276016
ht2.vwap_reversion,1d,PL,2025-07-18 00:00:00+00:00,2025-07-21 00:00:00+00:00,0.0,,0.03534613391806629
ht2.vwap_reversion,1w,PL,2025-07-18 00:00:00+00:00,2025-07-25 00:00:00+00:00,0.0,,-0.020618537153480165
ht2.vwap_reversion,5w,PL,2025-07-18 00:00:00+00:00,2025-08-22 00:00:00+00:00,0.0,,0.001472787767013095
ht2.vwap_reversion,1d,PL,2025-08-22 00:00:00+00:00,2025-08-25 00:00:00+00:00,0.0,,0.038235256581159005
ht2.vwap_reversion,1w,PL,2025-08-22 00:00:00+00:00,2025-08-29 00:00:00+00:00,0.0,,0.04264705201746288
ht2.vwap_reversion,5w,PL,2025-08-22 00:00:00+00:00,2025-09-29 00:00:00+00:00,0.0,,0.880882294574
ht2.vwap_reversion,1d,PL,2025-09-29 00:00:00+00:00,2025-09-30 00:00:00+00:00,0.0,,0.014855322982797903
ht2.vwap_reversion,1w,PL,2025-09-29 00:00:00+00:00,2025-10-06 00:00:00+00:00,0.0,,0.19155588870777285
ht2.vwap_reversion,5w,PL,2025-09-29 00:00:00+00:00,2025-11-03 00:00:00+00:00,0.0,,0.031274403418553254
ht2.vwap_reversion,1d,PL,2025-11-03 00:00:00+00:00,2025-11-04 00:00:00+00:00,0.0,,-0.037149339401565395
ht2.vwap_reversion,1w,PL,2025-11-03 00:00:00+00:00,2025-11-10 00:00:00+00:00,0.0,,0.015163060599099776
ht2.vwap_reversion,5w,PL,2025-11-03 00:00:00+00:00,2025-12-09 00:00:00+00:00,0.0,,-0.02653521144276183
ht2.vwap_reversion,1d,PL,2025-12-09 00:00:00+00:00,2025-12-10 00:00:00+00:00,0.0,,0.007788117336996692
ht2.vwap_reversion,1w,PL,2025-12-09 00:00:00+00:00,2025-12-16 00:00:00+00:00,0.0,,0.3925232825766676
ht2.vwap_reversion,5w,PL,2025-12-09 00:00:00+00:00,2026-01-15 00:00:00+00:00,0.0,,1.2024922391411108
ht2.vwap_reversion,1d,PL,2026-01-15 00:00:00+00:00,2026-01-16 00:00:00+00:00,0.0,,0.017680339033234516
ht2.vwap_reversion,1w,PL,2026-01-15 00:00:00+00:00,2026-01-23 00:00:00+00:00,0.0,,-0.04738331400467999
ht2.vwap_reversion,5w,PL,2026-01-15 00:00:00+00:00,2026-02-23 00:00:00+00:00,0.0,,-0.15912305129911142
ht2.vwap_reversion,1d,PL,2026-02-23 00:00:00+00:00,2026-02-24 00:00:00+00:00,0.0,,0.03910842602916409
ht2.vwap_reversion,1w,PL,2026-02-23 00:00:00+00:00,2026-03-02 00:00:00+00:00,0.0,,0.10849452688009964
ht2.vwap_reversion,5w,PL,2026-02-23 00:00:00+00:00,2026-03-30 00:00:00+00:00,0.0,,0.17283425501795913
ht2.vwap_reversion,1d,PL,2026-03-30 00:00:00+00:00,2026-03-31 00:00:00+00:00,0.0,,0.0021513579994298926
ht2.vwap_reversion,1w,PL,2026-03-30 00:00:00+00:00,2026-04-07 00:00:00+00:00,0.0,,0.2610254190969574
ht2.vwap_reversion,5w,PL,2026-03-30 00:00:00+00:00,2026-05-05 00:00:00+00:00,0.0,,0.33130160920319995
ht2.vwap_reversion,1d,PL,2026-05-05 00:00:00+00:00,2026-05-06 00:00:00+00:00,0.0,,0.06894687543631939
ht2.vwap_reversion,1w,PL,2026-05-05 00:00:00+00:00,2026-05-12 00:00:00+00:00,0.0,,0.0956099955544858
ht2.vwap_reversion,5w,PL,2026-05-05 00:00:00+00:00,2026-06-10 00:00:00+00:00,0.0,,-0.17263672422205312
ht2.vwap_reversion,1d,PL,2026-06-10 00:00:00+00:00,2026-06-11 00:00:00+00:00,0.0,,0.11230465275730173
ht2.vwap_reversion,1w,PL,2026-06-10 00:00:00+00:00,2026-06-17 00:00:00+00:00,0.0,,-0.08138021015232277
ht2.vwap_reversion,5w,PL,2026-06-10 00:00:00+00:00,2026-07-17 00:00:00+00:00,0.0,,-0.26855469350266514
ht2.vwap_reversion,1d,PL,2026-07-17 00:00:00+00:00,2026-07-20 00:00:00+00:00,0.0,,-0.014241197356602675
ht2.vwap_reversion,1w,PL,2026-07-17 00:00:00+00:00,2026-07-24 00:00:00+00:00,0.0,,-0.08900756836300161
ht2.vwap_reversion,5w,PL,2026-07-17 00:00:00+00:00,2026-08-21 00:00:00+00:00,0.0,,-0.008010609849915196
ht2.vwap_reversion,1d,PLTR,2022-09-30 00:00:00+00:00,2022-10-03 00:00:00+00:00,0.0,,0.013530092881777422
ht2.vwap_reversion,1w,PLTR,2022-09-30 00:00:00+00:00,2022-10-07 00:00:00+00:00,0.0,,0.002459963567999379
ht2.vwap_reversion,5w,PLTR,2022-09-30 00:00:00+00:00,2022-11-04 00:00:00+00:00,0.0,,-0.02460028084711141
ht2.vwap_reversion,1d,PLTR,2022-11-04 00:00:00+00:00,2022-11-07 00:00:00+00:00,0.0,,-0.11475408160289446
ht2.vwap_reversion,1w,PLTR,2022-11-04 00:00:00+00:00,2022-11-11 00:00:00+00:00,0.0,,0.060529638015647924
ht2.vwap_reversion,5w,PLTR,2022-11-04 00:00:00+00:00,2022-12-12 00:00:00+00:00,0.0,,-0.08070616397726693
ht2.vwap_reversion,1d,PLTR,2022-12-12 00:00:00+00:00,2022-12-13 00:00:00+00:00,0.0,,0.028806589745659306
ht2.vwap_reversion,1w,PLTR,2022-12-12 00:00:00+00:00,2022-12-19 00:00:00+00:00,0.0,,-0.12894376709729405
ht2.vwap_reversion,5w,PLTR,2022-12-12 00:00:00+00:00,2023-01-19 00:00:00+00:00,0.0,,-0.07681755085183783
ht2.vwap_reversion,1d,PLTR,2023-01-19 00:00:00+00:00,2023-01-20 00:00:00+00:00,0.0,,0.043090633139842405
ht2.vwap_reversion,1w,PLTR,2023-01-19 00:00:00+00:00,2023-01-26 00:00:00+00:00,0.0,,0.07578005209499072
ht2.vwap_reversion,5w,PLTR,2023-01-19 00:00:00+00:00,2023-02-24 00:00:00+00:00,0.0,,0.20208025700743382
ht2.vwap_reversion,1d,PLTR,2023-02-24 00:00:00+00:00,2023-02-27 00:00:00+00:00,0.0,,-0.007416615387517145
ht2.vwap_reversion,1w,PLTR,2023-02-24 00:00:00+00:00,2023-03-03 00:00:00+00:00,0.0,,0.029666225783863798
ht2.vwap_reversion,5w,PLTR,2023-02-24 00:00:00+00:00,2023-03-31 00:00:00+00:00,0.0,,0.044499338675795475
ht2.vwap_reversion,1d,PLTR,2023-03-31 00:00:00+00:00,2023-04-03 00:00:00+00:00,0.0,,-0.008283987740149601
ht2.vwap_reversion,1w,PLTR,2023-03-31 00:00:00+00:00,2023-04-10 00:00:00+00:00,0.0,,-0.007100528674165774
ht2.vwap_reversion,5w,PLTR,2023-03-31 00:00:00+00:00,2023-05-08 00:00:00+00:00,0.0,,-0.08402367505008479
ht2.vwap_reversion,1d,PLTR,2023-05-08 00:00:00+00:00,2023-05-09 00:00:00+00:00,0.0,,0.23385019032826349
ht2.vwap_reversion,1w,PLTR,2023-05-08 00:00:00+00:00,2023-05-15 00:00:00+00:00,0.0,,0.2299742557212452
ht2.vwap_reversion,5w,PLTR,2023-05-08 00:00:00+00:00,2023-06-13 00:00:00+00:00,0.0,,1.0671835236615967
ht2.vwap_reversion,1d,PLTR,2023-06-13 00:00:00+00:00,2023-06-14 00:00:00+00:00,0.0,,-0.005625009536743164
ht2.vwap_reversion,1w,PLTR,2023-06-13 00:00:00+00:00,2023-06-21 00:00:00+00:00,0.0,,-0.08499997854232788
ht2.vwap_reversion,5w,PLTR,2023-06-13 00:00:00+00:00,2023-07-20 00:00:00+00:00,0.0,,0.0706249475479126
ht2.vwap_reversion,1d,PLTR,2023-07-20 00:00:00+00:00,2023-07-21 00:00:00+00:00,0.0,,-0.040863916514021215
ht2.vwap_reversion,1w,PLTR,2023-07-20 00:00:00+00:00,2023-07-27 00:00:00+00:00,0.0,,-0.057209549926940606
ht2.vwap_reversion,5w,PLTR,2023-07-20 00:00:00+00:00,2023-08-24 00:00:00+00:00,0.0,,-0.1745475168668974
ht2.vwap_reversion,1d,PLTR,2023-08-24 00:00:00+00:00,2023-08-25 00:00:00+00:00,0.0,,0.02758128572695573
ht2.vwap_reversion,1w,PLTR,2023-08-24 00:00:00+00:00,2023-08-31 00:00:00+00:00,0.0,,0.05940588249774992
ht2.vwap_reversion,5w,PLTR,2023-08-24 00:00:00+00:00,2023-09-29 00:00:00+00:00,0.0,,0.13154169812701477
ht2.vwap_reversion,1d,PLTR,2023-09-29 00:00:00+00:00,2023-10-02 00:00:00+00:00,0.0,,-0.007499992847442627
ht2.vwap_reversion,1w,PLTR,2023-09-29 00:00:00+00:00,2023-10-06 00:00:00+00:00,0.0,,0.038125038146972656
ht2.vwap_reversion,5w,PLTR,2023-09-29 00:00:00+00:00,2023-11-03 00:00:00+00:00,0.0,,0.18062496185302757
ht2.vwap_reversion,1d,PLTR,2023-11-03 00:00:00+00:00,2023-11-06 00:00:00+00:00,0.0,,-0.018528241685009994
ht2.vwap_reversion,1w,PLTR,2023-11-03 00:00:00+00:00,2023-11-10 00:00:00+00:00,0.0,,0.04129172640804524
ht2.vwap_reversion,5w,PLTR,2023-11-03 00:00:00+00:00,2023-12-11 00:00:00+00:00,0.0,,-0.05929057533472015
ht2.vwap_reversion,1d,PLTR,2023-12-11 00:00:00+00:00,2023-12-12 00:00:00+00:00,0.0,,-0.015194172808572382
ht2.vwap_reversion,1w,PLTR,2023-12-11 00:00:00+00:00,2023-12-18 00:00:00+00:00,0.0,,0.003939206135114892
ht2.vwap_reversion,5w,PLTR,2023-12-11 00:00:00+00:00,2024-01-18 00:00:00+00:00,0.0,,-0.07709627484195414
ht2.vwap_reversion,1d,PLTR,2024-01-18 00:00:00+00:00,2024-01-19 00:00:00+00:00,0.0,,0.023170797375255514
ht2.vwap_reversion,1w,PLTR,2024-01-18 00:00:00+00:00,2024-01-25 00:00:00+00:00,0.0,,0.0036585041059751244
ht2.vwap_reversion,5w,PLTR,2024-01-18 00:00:00+00:00,2024-02-23 00:00:00+00:00,0.0,,0.400609746807604
ht2.vwap_reversion,1d,PLTR,2024-02-23 00:00:00+00:00,2024-02-26 00:00:00+00:00,0.0,,0.02568568438070762
ht2.vwap_reversion,1w,PLTR,2024-02-23 00:00:00+00:00,2024-03-01 00:00:00+00:00,0.0,,0.08532873532485352
ht2.vwap_reversion,5w,PLTR,2024-02-23 00:00:00+00:00,2024-04-01 00:00:00+00:00,0.0,,-0.004788798706623298
ht2.vwap_reversion,1d,PLTR,2024-04-01 00:00:00+00:00,2024-04-02 00:00:00+00:00,0.0,,-0.0061242910437051545
ht2.vwap_reversion,1w,PLTR,2024-04-01 00:00:00+00:00,2024-04-08 00:00:00+00:00,0.0,,0.006124207607634435
ht2.vwap_reversion,5w,PLTR,2024-04-01 00:00:00+00:00,2024-05-06 00:00:00+00:00,0.0,,0.10279958055018423
ht2.vwap_reversion,1d,PLTR,2024-05-06 00:00:00+00:00,2024-05-07 00:00:00+00:00,0.0,,-0.15113048807245022
ht2.vwap_reversion,1w,PLTR,2024-05-06 00:00:00+00:00,2024-05-13 00:00:00+00:00,0.0,,-0.1693771799081507
ht2.vwap_reversion,5w,PLTR,2024-05-06 00:00:00+00:00,2024-06-11 00:00:00+00:00,0.0,,-0.053946797000900326
ht2.vwap_reversion,1d,PLTR,2024-06-11 00:00:00+00:00,2024-06-12 00:00:00+00:00,0.0,,-0.003354294441362371
ht2.vwap_reversion,1w,PLTR,2024-06-11 00:00:00+00:00,2024-06-18 00:00:00+00:00,0.0,,0.0825995506014785
ht2.vwap_reversion,5w,PLTR,2024-06-11 00:00:00+00:00,2024-07-18 00:00:00+00:00,0.0,,0.20083852962536253
ht2.vwap_reversion,1d,PLTR,2024-07-18 00:00:00+00:00,2024-07-19 00:00:00+00:00,0.0,,-0.0020949534644221224
ht2.vwap_reversion,1w,PLTR,2024-07-18 00:00:00+00:00,2024-07-25 00:00:00+00:00,0.0,,-0.07018157373314504
ht2.vwap_reversion,5w,PLTR,2024-07-18 00:00:00+00:00,2024-08-22 00:00:00+00:00,0.0,,0.11452516608052088
ht2.vwap_reversion,1d,PLTR,2024-08-22 00:00:00+00:00,2024-08-23 00:00:00+00:00,0.0,,-0.004385945780507994
ht2.vwap_reversion,1w,PLTR,2024-08-22 00:00:00+00:00,2024-08-29 00:00:00+00:00,0.0,,-0.02882205745911648
ht2.vwap_reversion,5w,PLTR,2024-08-22 00:00:00+00:00,2024-09-27 00:00:00+00:00,0.0,,0.15413534036761756
ht2.vwap_reversion,1d,PLTR,2024-09-27 00:00:00+00:00,2024-09-30 00:00:00+00:00,0.0,,0.009772003497841242
ht2.vwap_reversion,1w,PLTR,2024-09-27 00:00:00+00:00,2024-10-04 00:00:00+00:00,0.0,,0.08604772409922568
ht2.vwap_reversion,5w,PLTR,2024-09-27 00:00:00+00:00,2024-11-01 00:00:00+00:00,0.0,,0.1378935395037062
ht2.vwap_reversion,1d,PLTR,2024-11-01 00:00:00+00:00,2024-11-04 00:00:00+00:00,0.0,,-0.012165991025997136
ht2.vwap_reversion,1w,PLTR,2024-11-01 00:00:00+00:00,2024-11-08 00:00:00+00:00,0.0,,0.3928912676552605
ht2.vwap_reversion,5w,PLTR,2024-11-01 00:00:00+00:00,2024-12-09 00:00:00+00:00,0.0,,0.7285305880130413
ht2.vwap_reversion,1d,PLTR,2024-12-09 00:00:00+00:00,2024-12-10 00:00:00+00:00,0.0,,-0.02166712275270577
ht2.vwap_reversion,1w,PLTR,2024-12-09 00:00:00+00:00,2024-12-16 00:00:00+00:00,0.0,,0.04540437423538912
ht2.vwap_reversion,5w,PLTR,2024-12-09 00:00:00+00:00,2025-01-16 00:00:00+00:00,0.0,,-0.04443832820021565
ht2.vwap_reversion,1d,PLTR,2025-01-16 00:00:00+00:00,2025-01-17 00:00:00+00:00,0.0,,0.03653955599875491
ht2.vwap_reversion,1w,PLTR,2025-01-16 00:00:00+00:00,2025-01-24 00:00:00+00:00,0.0,,0.1406702165463325
ht2.vwap_reversion,5w,PLTR,2025-01-16 00:00:00+00:00,2025-02-24 00:00:00+00:00,0.0,,0.309647647355358
ht2.vwap_reversion,1d,PLTR,2025-02-24 00:00:00+00:00,2025-02-25 00:00:00+00:00,0.0,,-0.03131896733267936
ht2.vwap_reversion,1w,PLTR,2025-02-24 00:00:00+00:00,2025-03-03 00:00:00+00:00,0.0,,-0.08006177891263289
ht2.vwap_reversion,5w,PLTR,2025-02-24 00:00:00+00:00,2025-03-31 00:00:00+00:00,0.0,,-0.06925450769918484
ht2.vwap_reversion,1d,PLTR,2025-03-31 00:00:00+00:00,2025-04-01 00:00:00+00:00,0.0,,0.0033175210217386564
ht2.vwap_reversion,1w,PLTR,2025-03-31 00:00:00+00:00,2025-04-07 00:00:00+00:00,0.0,,-0.0777251785472639
ht2.vwap_reversion,5w,PLTR,2025-03-31 00:00:00+00:00,2025-05-06 00:00:00+00:00,0.0,,0.2898104104532828
ht2.vwap_reversion,1d,PLTR,2025-05-06 00:00:00+00:00,2025-05-07 00:00:00+00:00,0.0,,0.014881524320219164
ht2.vwap_reversion,1w,PLTR,2025-05-06 00:00:00+00:00,2025-05-13 00:00:00+00:00,0.0,,0.17674081742871595
ht2.vwap_reversion,5w,PLTR,2025-05-06 00:00:00+00:00,2025-06-11 00:00:00+00:00,0.0,,0.25289361220781603
ht2.vwap_reversion,1d,PLTR,2025-06-11 00:00:00+00:00,2025-06-12 00:00:00+00:00,0.0,,-0.008798276659668813
ht2.vwap_reversion,1w,PLTR,2025-06-11 00:00:00+00:00,2025-06-18 00:00:00+00:00,0.0,,0.026174993329384
ht2.vwap_reversion,5w,PLTR,2025-06-11 00:00:00+00:00,2025-07-18 00:00:00+00:00,0.0,,0.12559575452357263
ht2.vwap_reversion,1d,PLTR,2025-07-18 00:00:00+00:00,2025-07-21 00:00:00+00:00,0.0,,-0.011268961296130309
ht2.vwap_reversion,1w,PLTR,2025-07-18 00:00:00+00:00,2025-07-25 00:00:00+00:00,0.0,,0.03439290406692641
ht2.vwap_reversion,5w,PLTR,2025-07-18 00:00:00+00:00,2025-08-22 00:00:00+00:00,0.0,,0.034002091424117475
ht2.vwap_reversion,1d,PLTR,2025-08-22 00:00:00+00:00,2025-08-25 00:00:00+00:00,0.0,,-0.00989043259347977
ht2.vwap_reversion,1w,PLTR,2025-08-22 00:00:00+00:00,2025-08-29 00:00:00+00:00,0.0,,-0.012788198998672007
ht2.vwap_reversion,5w,PLTR,2025-08-22 00:00:00+00:00,2025-09-29 00:00:00+00:00,0.0,,0.12674810646931678
ht2.vwap_reversion,1d,PLTR,2025-09-29 00:00:00+00:00,2025-09-30 00:00:00+00:00,0.0,,0.019903821684252643
ht2.vwap_reversion,1w,PLTR,2025-09-29 00:00:00+00:00,2025-10-06 00:00:00+00:00,0.0,,0.0037459363002290136
ht2.vwap_reversion,5w,PLTR,2025-09-29 00:00:00+00:00,2025-11-03 00:00:00+00:00,0.0,,0.1583360839136141
ht2.vwap_reversion,1d,PLTR,2025-11-03 00:00:00+00:00,2025-11-04 00:00:00+00:00,0.0,,-0.07935122967372776
ht2.vwap_reversion,1w,PLTR,2025-11-03 00:00:00+00:00,2025-11-10 00:00:00+00:00,0.0,,-0.06549856426853684
ht2.vwap_reversion,5w,PLTR,2025-11-03 00:00:00+00:00,2025-12-09 00:00:00+00:00,0.0,,-0.12230908984317568
ht2.vwap_reversion,1d,PLTR,2025-12-09 00:00:00+00:00,2025-12-10 00:00:00+00:00,0.0,,0.03338103523132241
ht2.vwap_reversion,1w,PLTR,2025-12-09 00:00:00+00:00,2025-12-16 00:00:00+00:00,0.0,,0.03250112066174671
ht2.vwap_reversion,5w,PLTR,2025-12-09 00:00:00+00:00,2026-01-15 00:00:00+00:00,0.0,,-0.026231792288471167
ht2.vwap_reversion,1d,PLTR,2026-01-15 00:00:00+00:00,2026-01-16 00:00:00+00:00,0.0,,-0.03450612953984933
ht2.vwap_reversion,1w,PLTR,2026-01-15 00:00:00+00:00,2026-01-23 00:00:00+00:00,0.0,,-0.04218671097147131
ht2.vwap_reversion,5w,PLTR,2026-01-15 00:00:00+00:00,2026-02-23 00:00:00+00:00,0.0,,-0.26243857964954853
ht2.vwap_reversion,1d,PLTR,2026-02-23 00:00:00+00:00,2026-02-24 00:00:00+00:00,0.0,,-0.01347633754496147
ht2.vwap_reversion,1w,PLTR,2026-02-23 00:00:00+00:00,2026-03-02 00:00:00+00:00,0.0,,0.11156195547097658
ht2.vwap_reversion,5w,PLTR,2026-02-23 00:00:00+00:00,2026-03-30 00:00:00+00:00,0.0,,0.05321590063888282
ht2.vwap_reversion,1d,PLTR,2026-03-30 00:00:00+00:00,2026-03-31 00:00:00+00:00,1.0,1.0,0.06346779741076491
ht2.vwap_reversion,1w,PLTR,2026-03-30 00:00:00+00:00,2026-04-07 00:00:00+00:00,1.0,1.0,0.09102147578833475
ht2.vwap_reversion,5w,PLTR,2026-03-30 00:00:00+00:00,2026-05-05 00:00:00+00:00,1.0,0.0,-0.011922932411941423
ht2.vwap_reversion,1d,PLTR,2026-05-05 00:00:00+00:00,2026-05-06 00:00:00+00:00,0.0,,-0.015598633793338701
ht2.vwap_reversion,1w,PLTR,2026-05-05 00:00:00+00:00,2026-05-12 00:00:00+00:00,0.0,,0.0006621759654599213
ht2.vwap_reversion,5w,PLTR,2026-05-05 00:00:00+00:00,2026-06-10 00:00:00+00:00,0.0,,-0.04193949521488605
ht2.vwap_reversion,1d,PLTR,2026-06-10 00:00:00+00:00,2026-06-11 00:00:00+00:00,0.0,,0.006681476632585559
ht2.vwap_reversion,1w,PLTR,2026-06-10 00:00:00+00:00,2026-06-17 00:00:00+00:00,0.0,,0.0032255444842135272
ht2.vwap_reversion,5w,PLTR,2026-06-10 00:00:00+00:00,2026-07-17 00:00:00+00:00,0.0,,0.016665371761433123
ht2.vwap_reversion,1d,PLTR,2026-07-17 00:00:00+00:00,2026-07-20 00:00:00+00:00,0.0,,0.018658416147435908
ht2.vwap_reversion,1w,PLTR,2026-07-17 00:00:00+00:00,2026-07-24 00:00:00+00:00,0.0,,-0.07146099384300153
ht2.vwap_reversion,5w,PLTR,2026-07-17 00:00:00+00:00,2026-08-21 00:00:00+00:00,0.0,,0.35926874002380904
ht2.vwap_reversion,1d,QQQ,2018-09-05 00:00:00+00:00,2018-09-06 00:00:00+00:00,0.0,,-0.008939707756986048
ht2.vwap_reversion,1w,QQQ,2018-09-05 00:00:00+00:00,2018-09-12 00:00:00+00:00,0.0,,-0.00474252708680778
ht2.vwap_reversion,5w,QQQ,2018-09-05 00:00:00+00:00,2018-10-10 00:00:00+00:00,0.0,,-0.06220204949077812
ht2.vwap_reversion,1d,QQQ,2018-10-10 00:00:00+00:00,2018-10-11 00:00:00+00:00,1.0,0.0,-0.012402824846788008
ht2.vwap_reversion,1w,QQQ,2018-10-10 00:00:00+00:00,2018-10-17 00:00:00+00:00,1.0,1.0,0.03237620996767254
ht2.vwap_reversion,5w,QQQ,2018-10-10 00:00:00+00:00,2018-11-14 00:00:00+00:00,1.0,0.0,-0.0380248022899361
ht2.vwap_reversion,1d,QQQ,2018-11-14 00:00:00+00:00,2018-11-15 00:00:00+00:00,0.0,,0.01749424042657366
ht2.vwap_reversion,1w,QQQ,2018-11-14 00:00:00+00:00,2018-11-21 00:00:00+00:00,0.0,,-0.02923729927594354
ht2.vwap_reversion,5w,QQQ,2018-11-14 00:00:00+00:00,2018-12-21 00:00:00+00:00,0.0,,-0.10671890245091475
ht2.vwap_reversion,1d,QQQ,2018-12-21 00:00:00+00:00,2018-12-24 00:00:00+00:00,0.0,,-0.024798310700407056
ht2.vwap_reversion,1w,QQQ,2018-12-21 00:00:00+00:00,2018-12-31 00:00:00+00:00,0.0,,0.048324954931267206
ht2.vwap_reversion,5w,QQQ,2018-12-21 00:00:00+00:00,2019-01-30 00:00:00+00:00,0.0,,0.12593331836744048
ht2.vwap_reversion,1d,QQQ,2019-01-30 00:00:00+00:00,2019-01-31 00:00:00+00:00,0.0,,0.014968920571879707
ht2.vwap_reversion,1w,QQQ,2019-01-30 00:00:00+00:00,2019-02-06 00:00:00+00:00,0.0,,0.02921314803388042
ht2.vwap_reversion,5w,QQQ,2019-01-30 00:00:00+00:00,2019-03-07 00:00:00+00:00,0.0,,0.034705208675057886
ht2.vwap_reversion,1d,QQQ,2019-03-07 00:00:00+00:00,2019-03-08 00:00:00+00:00,1.0,0.0,-0.0015162757024579365
ht2.vwap_reversion,1w,QQQ,2019-03-07 00:00:00+00:00,2019-03-14 00:00:00+00:00,1.0,1.0,0.030799833801640197
ht2.vwap_reversion,5w,QQQ,2019-03-07 00:00:00+00:00,2019-04-11 00:00:00+00:00,1.0,1.0,0.08129726825196482
ht2.vwap_reversion,1d,QQQ,2019-04-11 00:00:00+00:00,2019-04-12 00:00:00+00:00,0.0,,0.004323471688795655
ht2.vwap_reversion,1w,QQQ,2019-04-11 00:00:00+00:00,2019-04-18 00:00:00+00:00,0.0,,0.012754620824601215
ht2.vwap_reversion,5w,QQQ,2019-04-11 00:00:00+00:00,2019-05-17 00:00:00+00:00,0.0,,-0.010755053964941141
ht2.vwap_reversion,1d,QQQ,2019-05-17 00:00:00+00:00,2019-05-20 00:00:00+00:00,0.0,,-0.016881605652441012
ht2.vwap_reversion,1w,QQQ,2019-05-17 00:00:00+00:00,2019-05-24 00:00:00+00:00,0.0,,-0.026660969278726743
ht2.vwap_reversion,5w,QQQ,2019-05-17 00:00:00+00:00,2019-06-24 00:00:00+00:00,0.0,,0.03024446709610329
ht2.vwap_reversion,1d,QQQ,2019-06-24 00:00:00+00:00,2019-06-25 00:00:00+00:00,0.0,,-0.017165798304534796
ht2.vwap_reversion,1w,QQQ,2019-06-24 00:00:00+00:00,2019-07-01 00:00:00+00:00,0.0,,0.005846481989243646
ht2.vwap_reversion,5w,QQQ,2019-06-24 00:00:00+00:00,2019-07-30 00:00:00+00:00,0.0,,0.029868803736172067
ht2.vwap_reversion,1d,QQQ,2019-07-30 00:00:00+00:00,2019-07-31 00:00:00+00:00,0.0,,-0.013830185261925032
ht2.vwap_reversion,1w,QQQ,2019-07-30 00:00:00+00:00,2019-08-06 00:00:00+00:00,0.0,,-0.054288820338768806
ht2.vwap_reversion,5w,QQQ,2019-07-30 00:00:00+00:00,2019-09-04 00:00:00+00:00,0.0,,-0.02812478823365605
ht2.vwap_reversion,1d,QQQ,2019-09-04 00:00:00+00:00,2019-09-05 00:00:00+00:00,0.0,,0.01831865377088482
ht2.vwap_reversion,1w,QQQ,2019-09-04 00:00:00+00:00,2019-09-11 00:00:00+00:00,0.0,,0.02176997718810081
ht2.vwap_reversion,5w,QQQ,2019-09-04 00:00:00+00:00,2019-10-09 00:00:00+00:00,0.0,,-0.003835874341604706
ht2.vwap_reversion,1d,QQQ,2019-10-09 00:00:00+00:00,2019-10-10 00:00:00+00:00,0.0,,0.007744219981390632
ht2.vwap_reversion,1w,QQQ,2019-10-09 00:00:00+00:00,2019-10-16 00:00:00+00:00,0.0,,0.03103092436264676
ht2.vwap_reversion,5w,QQQ,2019-10-09 00:00:00+00:00,2019-11-13 00:00:00+00:00,0.0,,0.07669703138234008
ht2.vwap_reversion,1d,QQQ,2019-11-13 00:00:00+00:00,2019-11-14 00:00:00+00:00,0.0,,-0.0007939738675741825
ht2.vwap_reversion,1w,QQQ,2019-11-13 00:00:00+00:00,2019-11-20 00:00:00+00:00,0.0,,0.0027777265587414224
ht2.vwap_reversion,5w,QQQ,2019-11-13 00:00:00+00:00,2019-12-19 00:00:00+00:00,0.0,,0.0459842147656766
ht2.vwap_reversion,1d,QQQ,2019-12-19 00:00:00+00:00,2019-12-20 00:00:00+00:00,0.0,,0.004030989227868931
ht2.vwap_reversion,1w,QQQ,2019-12-19 00:00:00+00:00,2019-12-27 00:00:00+00:00,0.0,,0.015238251216027843
ht2.vwap_reversion,5w,QQQ,2019-12-19 00:00:00+00:00,2020-01-28 00:00:00+00:00,0.0,,0.0524998152425602
ht2.vwap_reversion,1d,QQQ,2020-01-28 00:00:00+00:00,2020-01-29 00:00:00+00:00,0.0,,0.0016257186645645127
ht2.vwap_reversion,1w,QQQ,2020-01-28 00:00:00+00:00,2020-02-04 00:00:00+00:00,0.0,,0.027184495483947746
ht2.vwap_reversion,5w,QQQ,2020-01-28 00:00:00+00:00,2020-03-04 00:00:00+00:00,0.0,,-0.014585730552001297
ht2.vwap_reversion,1d,QQQ,2020-03-04 00:00:00+00:00,2020-03-05 00:00:00+00:00,0.0,,-0.03038204948924539
ht2.vwap_reversion,1w,QQQ,2020-03-04 00:00:00+00:00,2020-03-11 00:00:00+00:00,0.0,,-0.10539820737206229
ht2.vwap_reversion,5w,QQQ,2020-03-04 00:00:00+00:00,2020-04-08 00:00:00+00:00,0.0,,-0.07892288625910981
ht2.vwap_reversion,1d,QQQ,2020-04-08 00:00:00+00:00,2020-04-09 00:00:00+00:00,0.0,,0.0014456591230103122
ht2.vwap_reversion,1w,QQQ,2020-04-08 00:00:00+00:00,2020-04-16 00:00:00+00:00,0.0,,0.06321982795773184
ht2.vwap_reversion,5w,QQQ,2020-04-08 00:00:00+00:00,2020-05-14 00:00:00+00:00,0.0,,0.10599791604909514
ht2.vwap_reversion,1d,QQQ,2020-05-14 00:00:00+00:00,2020-05-15 00:00:00+00:00,0.0,,0.006491477164356274
ht2.vwap_reversion,1w,QQQ,2020-05-14 00:00:00+00:00,2020-05-21 00:00:00+00:00,0.0,,0.03173588083039136
ht2.vwap_reversion,5w,QQQ,2020-05-14 00:00:00+00:00,2020-06-19 00:00:00+00:00,0.0,,0.10102317664551275
ht2.vwap_reversion,1d,QQQ,2020-06-19 00:00:00+00:00,2020-06-22 00:00:00+00:00,0.0,,0.011992537602435682
ht2.vwap_reversion,1w,QQQ,2020-06-19 00:00:00+00:00,2020-06-26 00:00:00+00:00,0.0,,-0.014748713320552942
ht2.vwap_reversion,5w,QQQ,2020-06-19 00:00:00+00:00,2020-07-27 00:00:00+00:00,0.0,,0.06687022388617425
ht2.vwap_reversion,1d,QQQ,2020-07-27 00:00:00+00:00,2020-07-28 00:00:00+00:00,0.0,,-0.012724808830737566
ht2.vwap_reversion,1w,QQQ,2020-07-27 00:00:00+00:00,2020-08-03 00:00:00+00:00,0.0,,0.035598713752198474
ht2.vwap_reversion,5w,QQQ,2020-07-27 00:00:00+00:00,2020-08-31 00:00:00+00:00,0.0,,0.13363046325255556
ht2.vwap_reversion,1d,QQQ,2020-08-31 00:00:00+00:00,2020-09-01 00:00:00+00:00,0.0,,0.01709158512594433
ht2.vwap_reversion,1w,QQQ,2020-08-31 00:00:00+00:00,2020-09-08 00:00:00+00:00,0.0,,-0.08454283471498303
ht2.vwap_reversion,5w,QQQ,2020-08-31 00:00:00+00:00,2020-10-06 00:00:00+00:00,0.0,,-0.06687413724971525
ht2.vwap_reversion,1d,QQQ,2020-10-06 00:00:00+00:00,2020-10-07 00:00:00+00:00,0.0,,0.01729851282070105
ht2.vwap_reversion,1w,QQQ,2020-10-06 00:00:00+00:00,2020-10-13 00:00:00+00:00,0.0,,0.0703585784115699
ht2.vwap_reversion,5w,QQQ,2020-10-06 00:00:00+00:00,2020-11-10 00:00:00+00:00,0.0,,0.0300186792584487
ht2.vwap_reversion,1d,QQQ,2020-11-10 00:00:00+00:00,2020-11-11 00:00:00+00:00,0.0,,0.02236931520573937
ht2.vwap_reversion,1w,QQQ,2020-11-10 00:00:00+00:00,2020-11-17 00:00:00+00:00,0.0,,0.03122527499525618
ht2.vwap_reversion,5w,QQQ,2020-11-10 00:00:00+00:00,2020-12-16 00:00:00+00:00,0.0,,0.09018400389616765
ht2.vwap_reversion,1d,QQQ,2020-12-16 00:00:00+00:00,2020-12-17 00:00:00+00:00,0.0,,0.006537670481048696
ht2.vwap_reversion,1w,QQQ,2020-12-16 00:00:00+00:00,2020-12-23 00:00:00+00:00,0.0,,-0.0007164486387066793
ht2.vwap_reversion,5w,QQQ,2020-12-16 00:00:00+00:00,2021-01-25 00:00:00+00:00,0.0,,0.06383771998856957
ht2.vwap_reversion,1d,QQQ,2021-01-25 00:00:00+00:00,2021-01-26 00:00:00+00:00,0.0,,0.001463159132534031
ht2.vwap_reversion,1w,QQQ,2021-01-25 00:00:00+00:00,2021-02-01 00:00:00+00:00,0.0,,-0.01734126981077111
ht2.vwap_reversion,5w,QQQ,2021-01-25 00:00:00+00:00,2021-03-02 00:00:00+00:00,0.0,,-0.029593666394337803
ht2.vwap_reversion,1d,QQQ,2021-03-02 00:00:00+00:00,2021-03-03 00:00:00+00:00,0.0,,-0.029019861905976274
ht2.vwap_reversion,1w,QQQ,2021-03-02 00:00:00+00:00,2021-03-09 00:00:00+00:00,0.0,,-0.02082250926250062
ht2.vwap_reversion,5w,QQQ,2021-03-02 00:00:00+00:00,2021-04-07 00:00:00+00:00,0.0,,0.04283579831746409
ht2.vwap_reversion,1d,QQQ,2021-04-07 00:00:00+00:00,2021-04-08 00:00:00+00:00,0.0,,0.010433634154088933
ht2.vwap_reversion,1w,QQQ,2021-04-07 00:00:00+00:00,2021-04-14 00:00:00+00:00,0.0,,0.01474572953321096
ht2.vwap_reversion,5w,QQQ,2021-04-07 00:00:00+00:00,2021-05-12 00:00:00+00:00,0.0,,-0.04441832280736002
ht2.vwap_reversion,1d,QQQ,2021-05-12 00:00:00+00:00,2021-05-13 00:00:00+00:00,0.0,,0.0077313739476680965
ht2.vwap_reversion,1w,QQQ,2021-05-12 00:00:00+00:00,2021-05-19 00:00:00+00:00,0.0,,0.017987351153516684
ht2.vwap_reversion,5w,QQQ,2021-05-12 00:00:00+00:00,2021-06-17 00:00:00+00:00,0.0,,0.08977879420688395
ht2.vwap_reversion,1d,QQQ,2021-06-17 00:00:00+00:00,2021-06-18 00:00:00+00:00,0.0,,-0.007847445127048491
ht2.vwap_reversion,1w,QQQ,2021-06-17 00:00:00+00:00,2021-06-24 00:00:00+00:00,0.0,,0.014350882406834353
ht2.vwap_reversion,5w,QQQ,2021-06-17 00:00:00+00:00,2021-07-23 00:00:00+00:00,0.0,,0.06743267425928234
ht2.vwap_reversion,1d,QQQ,2021-07-23 00:00:00+00:00,2021-07-26 00:00:00+00:00,-1.0,0.0,0.0007875052693933071
ht2.vwap_reversion,1w,QQQ,2021-07-23 00:00:00+00:00,2021-07-30 00:00:00+00:00,-1.0,1.0,-0.009858974980886726
ht2.vwap_reversion,5w,QQQ,2021-07-23 00:00:00+00:00,2021-08-27 00:00:00+00:00,-1.0,0.0,0.021292704290191367
ht2.vwap_reversion,1d,QQQ,2021-08-27 00:00:00+00:00,2021-08-30 00:00:00+00:00,0.0,,0.011222025736284946
ht2.vwap_reversion,1w,QQQ,2021-08-27 00:00:00+00:00,2021-09-03 00:00:00+00:00,0.0,,0.014705672065946418
ht2.vwap_reversion,5w,QQQ,2021-08-27 00:00:00+00:00,2021-10-04 00:00:00+00:00,0.0,,-0.061241146112032796
ht2.vwap_reversion,1d,QQQ,2021-10-04 00:00:00+00:00,2021-10-05 00:00:00+00:00,0.0,,0.01349899136814936
ht2.vwap_reversion,1w,QQQ,2021-10-04 00:00:00+00:00,2021-10-11 00:00:00+00:00,0.0,,0.01636338824050876
ht2.vwap_reversion,5w,QQQ,2021-10-04 00:00:00+00:00,2021-11-08 00:00:00+00:00,0.0,,0.1288639204824329
ht2.vwap_reversion,1d,QQQ,2021-11-08 00:00:00+00:00,2021-11-09 00:00:00+00:00,0.0,,-0.0068832802258896875
ht2.vwap_reversion,1w,QQQ,2021-11-08 00:00:00+00:00,2021-11-15 00:00:00+00:00,0.0,,-0.008667109559679198
ht2.vwap_reversion,5w,QQQ,2021-11-08 00:00:00+00:00,2021-12-14 00:00:00+00:00,0.0,,-0.024770181847851847
ht2.vwap_reversion,1d,QQQ,2021-12-14 00:00:00+00:00,2021-12-15 00:00:00+00:00,0.0,,0.022797544525044566
ht2.vwap_reversion,1w,QQQ,2021-12-14 00:00:00+00:00,2021-12-21 00:00:00+00:00,0.0,,0.003882567857752983
ht2.vwap_reversion,5w,QQQ,2021-12-14 00:00:00+00:00,2022-01-20 00:00:00+00:00,0.0,,-0.06702187286159988
ht2.vwap_reversion,1d,QQQ,2022-01-20 00:00:00+00:00,2022-01-21 00:00:00+00:00,0.0,,-0.027728673791700076
ht2.vwap_reversion,1w,QQQ,2022-01-20 00:00:00+00:00,2022-01-27 00:00:00+00:00,0.0,,-0.05700549992589232
ht2.vwap_reversion,5w,QQQ,2022-01-20 00:00:00+00:00,2022-02-25 00:00:00+00:00,0.0,,-0.04409506631921767
ht2.vwap_reversion,1d,QQQ,2022-02-25 00:00:00+00:00,2022-02-28 00:00:00+00:00,0.0,,0.0029789295668332105
ht2.vwap_reversion,1w,QQQ,2022-02-25 00:00:00+00:00,2022-03-04 00:00:00+00:00,0.0,,-0.024496193096039898
ht2.vwap_reversion,5w,QQQ,2022-02-25 00:00:00+00:00,2022-04-01 00:00:00+00:00,0.0,,0.04779869135408199
ht2.vwap_reversion,1d,QQQ,2022-04-01 00:00:00+00:00,2022-04-04 00:00:00+00:00,0.0,,0.02058876322731784
ht2.vwap_reversion,1w,QQQ,2022-04-01 00:00:00+00:00,2022-04-08 00:00:00+00:00,0.0,,-0.03509747793754936
ht2.vwap_reversion,5w,QQQ,2022-04-01 00:00:00+00:00,2022-05-09 00:00:00+00:00,0.0,,-0.17880328387387878
ht2.vwap_reversion,1d,QQQ,2022-05-09 00:00:00+00:00,2022-05-10 00:00:00+00:00,1.0,1.0,0.012148437104594567
ht2.vwap_reversion,1w,QQQ,2022-05-09 00:00:00+00:00,2022-05-16 00:00:00+00:00,1.0,1.0,0.004341235537650201
ht2.vwap_reversion,5w,QQQ,2022-05-09 00:00:00+00:00,2022-06-14 00:00:00+00:00,1.0,0.0,-0.07147897244350865
ht2.vwap_reversion,1d,QQQ,2022-06-14 00:00:00+00:00,2022-06-15 00:00:00+00:00,0.0,,0.024971627409115182
ht2.vwap_reversion,1w,QQQ,2022-06-14 00:00:00+00:00,2022-06-22 00:00:00+00:00,0.0,,0.01920705734272654
ht2.vwap_reversion,5w,QQQ,2022-06-14 00:00:00+00:00,2022-07-21 00:00:00+00:00,0.0,,0.11620020999237579
ht2.vwap_reversion,1d,QQQ,2022-07-21 00:00:00+00:00,2022-07-22 00:00:00+00:00,-1.0,1.0,-0.017535129928417104
ht2.vwap_reversion,1w,QQQ,2022-07-21 00:00:00+00:00,2022-07-28 00:00:00+00:00,-1.0,0.0,0.007905651848753692
ht2.vwap_reversion,5w,QQQ,2022-07-21 00:00:00+00:00,2022-08-25 00:00:00+00:00,-1.0,0.0,0.04294376291610691
ht2.vwap_reversion,1d,QQQ,2022-08-25 00:00:00+00:00,2022-08-26 00:00:00+00:00,0.0,,-0.04098843436469779
ht2.vwap_reversion,1w,QQQ,2022-08-25 00:00:00+00:00,2022-09-01 00:00:00+00:00,0.0,,-0.06606773082009054
ht2.vwap_reversion,5w,QQQ,2022-08-25 00:00:00+00:00,2022-09-30 00:00:00+00:00,0.0,,-0.1648255204848038
ht2.vwap_reversion,1d,QQQ,2022-09-30 00:00:00+00:00,2022-10-03 00:00:00+00:00,0.0,,0.0234602639589212
ht2.vwap_reversion,1w,QQQ,2022-09-30 00:00:00+00:00,2022-10-07 00:00:00+00:00,0.0,,0.006884838789816605
ht2.vwap_reversion,5w,QQQ,2022-09-30 00:00:00+00:00,2022-11-04 00:00:00+00:00,0.0,,-0.009653444270660394
ht2.vwap_reversion,1d,QQQ,2022-11-04 00:00:00+00:00,2022-11-07 00:00:00+00:00,0.0,,0.01099425985967084
ht2.vwap_reversion,1w,QQQ,2022-11-04 00:00:00+00:00,2022-11-11 00:00:00+00:00,0.0,,0.08795514031565532
ht2.vwap_reversion,5w,QQQ,2022-11-04 00:00:00+00:00,2022-12-12 00:00:00+00:00,0.0,,0.07896322481935214
ht2.vwap_reversion,1d,QQQ,2022-12-12 00:00:00+00:00,2022-12-13 00:00:00+00:00,0.0,,0.01074984738093665
ht2.vwap_reversion,1w,QQQ,2022-12-12 00:00:00+00:00,2022-12-19 00:00:00+00:00,0.0,,-0.053169585056503266
ht2.vwap_reversion,5w,QQQ,2022-12-12 00:00:00+00:00,2023-01-19 00:00:00+00:00,0.0,,-0.03421541777726522
ht2.vwap_reversion,1d,QQQ,2023-01-19 00:00:00+00:00,2023-01-20 00:00:00+00:00,0.0,,0.027366762446166426
ht2.vwap_reversion,1w,QQQ,2023-01-19 00:00:00+00:00,2023-01-26 00:00:00+00:00,0.0,,0.06610913249306316
ht2.vwap_reversion,5w,QQQ,2023-01-19 00:00:00+00:00,2023-02-24 00:00:00+00:00,0.0,,0.06069397657559672
ht2.vwap_reversion,1d,QQQ,2023-02-24 00:00:00+00:00,2023-02-27 00:00:00+00:00,0.0,,0.00716124201037216
ht2.vwap_reversion,1w,QQQ,2023-02-24 00:00:00+00:00,2023-03-03 00:00:00+00:00,0.0,,0.02682899555028606
ht2.vwap_reversion,5w,QQQ,2023-02-24 00:00:00+00:00,2023-03-31 00:00:00+00:00,0.0,,0.10134255414999727
ht2.vwap_reversion,1d,QQQ,2023-03-31 00:00:00+00:00,2023-04-03 00:00:00+00:00,-1.0,1.0,-0.0024302424313120685
ht2.vwap_reversion,1w,QQQ,2023-03-31 00:00:00+00:00,2023-04-10 00:00:00+00:00,-1.0,1.0,-0.009534855241491558
ht2.vwap_reversion,5w,QQQ,2023-03-31 00:00:00+00:00,2023-05-08 00:00:00+00:00,-1.0,0.0,0.008600116803550995
ht2.vwap_reversion,1d,QQQ,2023-05-08 00:00:00+00:00,2023-05-09 00:00:00+00:00,0.0,,-0.006333203686977096
ht2.vwap_reversion,1w,QQQ,2023-05-08 00:00:00+00:00,2023-05-15 00:00:00+00:00,0.0,,0.009577180294535026
ht2.vwap_reversion,5w,QQQ,2023-05-08 00:00:00+00:00,2023-06-13 00:00:00+00:00,0.0,,0.12224645980436244
ht2.vwap_reversion,1d,QQQ,2023-06-13 00:00:00+00:00,2023-06-14 00:00:00+00:00,-1.0,0.0,0.007267823800766182
ht2.vwap_reversion,1w,QQQ,2023-06-13 00:00:00+00:00,2023-06-21 00:00:00+00:00,-1.0,1.0,-0.002377299943969846
ht2.vwap_reversion,5w,QQQ,2023-06-13 00:00:00+00:00,2023-07-20 00:00:00+00:00,-1.0,0.0,0.03858622980634596
ht2.vwap_reversion,1d,QQQ,2023-07-20 00:00:00+00:00,2023-07-21 00:00:00+00:00,0.0,,-0.0029992240686248506
ht2.vwap_reversion,1w,QQQ,2023-07-20 00:00:00+00:00,2023-07-27 00:00:00+00:00,0.0,,-0.0003715240190526048
ht2.vwap_reversion,5w,QQQ,2023-07-20 00:00:00+00:00,2023-08-24 00:00:00+00:00,0.0,,-0.0412461713370208
ht2.vwap_reversion,1d,QQQ,2023-08-24 00:00:00+00:00,2023-08-25 00:00:00+00:00,0.0,,0.007751347593277558
ht2.vwap_reversion,1w,QQQ,2023-08-24 00:00:00+00:00,2023-08-31 00:00:00+00:00,0.0,,0.046425735980027305
ht2.vwap_reversion,5w,QQQ,2023-08-24 00:00:00+00:00,2023-09-29 00:00:00+00:00,0.0,,-0.006731261516476961
ht2.vwap_reversion,1d,QQQ,2023-09-29 00:00:00+00:00,2023-10-02 00:00:00+00:00,0.0,,0.00834563317690784
ht2.vwap_reversion,1w,QQQ,2023-09-29 00:00:00+00:00,2023-10-06 00:00:00+00:00,0.0,,0.017947516340293568
ht2.vwap_reversion,5w,QQQ,2023-09-29 00:00:00+00:00,2023-11-03 00:00:00+00:00,0.0,,0.026348882845342203
ht2.vwap_reversion,1d,QQQ,2023-11-03 00:00:00+00:00,2023-11-06 00:00:00+00:00,0.0,,0.004079350143897598
ht2.vwap_reversion,1w,QQQ,2023-11-03 00:00:00+00:00,2023-11-10 00:00:00+00:00,0.0,,0.029044763909265248
ht2.vwap_reversion,5w,QQQ,2023-11-03 00:00:00+00:00,2023-12-11 00:00:00+00:00,0.0,,0.07563042145077614
ht2.vwap_reversion,1d,QQQ,2023-12-11 00:00:00+00:00,2023-12-12 00:00:00+00:00,-1.0,0.0,0.007964065167160861
ht2.vwap_reversion,1w,QQQ,2023-12-11 00:00:00+00:00,2023-12-18 00:00:00+00:00,-1.0,0.0,0.031283059321087325
ht2.vwap_reversion,5w,QQQ,2023-12-11 00:00:00+00:00,2024-01-18 00:00:00+00:00,-1.0,0.0,0.04680551173232317
ht2.vwap_reversion,1d,QQQ,2024-01-18 00:00:00+00:00,2024-01-19 00:00:00+00:00,0.0,,0.019830986582090482
ht2.vwap_reversion,1w,QQQ,2024-01-18 00:00:00+00:00,2024-01-25 00:00:00+00:00,0.0,,0.03234950607691056
ht2.vwap_reversion,5w,QQQ,2024-01-18 00:00:00+00:00,2024-02-23 00:00:00+00:00,0.0,,0.05760424086696103
ht2.vwap_reversion,1d,QQQ,2024-02-23 00:00:00+00:00,2024-02-26 00:00:00+00:00,0.0,,-0.0005265276914906414
ht2.vwap_reversion,1w,QQQ,2024-02-23 00:00:00+00:00,2024-03-01 00:00:00+00:00,0.0,,0.02021622756079311
ht2.vwap_reversion,5w,QQQ,2024-02-23 00:00:00+00:00,2024-04-01 00:00:00+00:00,0.0,,0.02005216561066092
ht2.vwap_reversion,1d,QQQ,2024-04-01 00:00:00+00:00,2024-04-02 00:00:00+00:00,0.0,,-0.008630211014163947
ht2.vwap_reversion,1w,QQQ,2024-04-01 00:00:00+00:00,2024-04-08 00:00:00+00:00,0.0,,-0.009776477076587575
ht2.vwap_reversion,5w,QQQ,2024-04-01 00:00:00+00:00,2024-05-06 00:00:00+00:00,0.0,,-0.010563029535457846
ht2.vwap_reversion,1d,QQQ,2024-05-06 00:00:00+00:00,2024-05-07 00:00:00+00:00,-1.0,0.0,0.00015904603249605742
ht2.vwap_reversion,1w,QQQ,2024-05-06 00:00:00+00:00,2024-05-13 00:00:00+00:00,-1.0,0.0,0.006428139712152614
ht2.vwap_reversion,5w,QQQ,2024-05-06 00:00:00+00:00,2024-06-11 00:00:00+00:00,-1.0,0.0,0.06307785292767121
ht2.vwap_reversion,1d,QQQ,2024-06-11 00:00:00+00:00,2024-06-12 00:00:00+00:00,0.0,,0.013097685382862378
ht2.vwap_reversion,1w,QQQ,2024-06-11 00:00:00+00:00,2024-06-18 00:00:00+00:00,0.0,,0.03672911264760437
ht2.vwap_reversion,5w,QQQ,2024-06-11 00:00:00+00:00,2024-07-18 00:00:00+00:00,0.0,,0.02613584393146362
ht2.vwap_reversion,1d,QQQ,2024-07-18 00:00:00+00:00,2024-07-19 00:00:00+00:00,0.0,,-0.008863606867177798
ht2.vwap_reversion,1w,QQQ,2024-07-18 00:00:00+00:00,2024-07-25 00:00:00+00:00,0.0,,-0.04425545740903736
ht2.vwap_reversion,5w,QQQ,2024-07-18 00:00:00+00:00,2024-08-22 00:00:00+00:00,0.0,,-0.009676849662695552
ht2.vwap_reversion,1d,QQQ,2024-08-22 00:00:00+00:00,2024-08-23 00:00:00+00:00,0.0,,0.010845413919032376
ht2.vwap_reversion,1w,QQQ,2024-08-22 00:00:00+00:00,2024-08-29 00:00:00+00:00,0.0,,-0.008823839986471294
ht2.vwap_reversion,5w,QQQ,2024-08-22 00:00:00+00:00,2024-09-27 00:00:00+00:00,0.0,,0.02650093860413283
ht2.vwap_reversion,1d,QQQ,2024-09-27 00:00:00+00:00,2024-09-30 00:00:00+00:00,0.0,,0.0027118641923211673
ht2.vwap_reversion,1w,QQQ,2024-09-27 00:00:00+00:00,2024-10-04 00:00:00+00:00,0.0,,0.0011710394540969116
ht2.vwap_reversion,5w,QQQ,2024-09-27 00:00:00+00:00,2024-11-01 00:00:00+00:00,0.0,,0.001396959599454961
ht2.vwap_reversion,1d,QQQ,2024-11-01 00:00:00+00:00,2024-11-04 00:00:00+00:00,0.0,,-0.0029131535792505936
ht2.vwap_reversion,1w,QQQ,2024-11-01 00:00:00+00:00,2024-11-08 00:00:00+00:00,0.0,,0.05479781440512155
ht2.vwap_reversion,5w,QQQ,2024-11-01 00:00:00+00:00,2024-12-09 00:00:00+00:00,0.0,,0.07170277304599781
ht2.vwap_reversion,1d,QQQ,2024-12-09 00:00:00+00:00,2024-12-10 00:00:00+00:00,0.0,,-0.0034075511058978547
ht2.vwap_reversion,1w,QQQ,2024-12-09 00:00:00+00:00,2024-12-16 00:00:00+00:00,0.0,,0.030226895366298745
ht2.vwap_reversion,5w,QQQ,2024-12-09 00:00:00+00:00,2025-01-16 00:00:00+00:00,0.0,,-0.01621935140515207
ht2.vwap_reversion,1d,QQQ,2025-01-16 00:00:00+00:00,2025-01-17 00:00:00+00:00,0.0,,0.016878286159249356
ht2.vwap_reversion,1w,QQQ,2025-01-16 00:00:00+00:00,2025-01-24 00:00:00+00:00,0.0,,0.03225606582789875
ht2.vwap_reversion,5w,QQQ,2025-01-16 00:00:00+00:00,2025-02-24 00:00:00+00:00,0.0,,0.013233830875583052
ht2.vwap_reversion,1d,QQQ,2025-02-24 00:00:00+00:00,2025-02-25 00:00:00+00:00,0.0,,-0.01259934227583348
ht2.vwap_reversion,1w,QQQ,2025-02-24 00:00:00+00:00,2025-03-03 00:00:00+00:00,0.0,,-0.04389570752422822
ht2.vwap_reversion,5w,QQQ,2025-02-24 00:00:00+00:00,2025-03-31 00:00:00+00:00,0.0,,-0.09666018814828548
ht2.vwap_reversion,1d,QQQ,2025-03-31 00:00:00+00:00,2025-04-01 00:00:00+00:00,0.0,,0.008061006229358236
ht2.vwap_reversion,1w,QQQ,2025-03-31 00:00:00+00:00,2025-04-07 00:00:00+00:00,0.0,,-0.0964557366763279
ht2.vwap_reversion,5w,QQQ,2025-03-31 00:00:00+00:00,2025-05-06 00:00:00+00:00,0.0,,0.026635625496897797
ht2.vwap_reversion,1d,QQQ,2025-05-06 00:00:00+00:00,2025-05-07 00:00:00+00:00,0.0,,0.003925805884480882
ht2.vwap_reversion,1w,QQQ,2025-05-06 00:00:00+00:00,2025-05-13 00:00:00+00:00,0.0,,0.07099986665919289
ht2.vwap_reversion,5w,QQQ,2025-05-06 00:00:00+00:00,2025-06-11 00:00:00+00:00,0.0,,0.10593872916581781
ht2.vwap_reversion,1d,QQQ,2025-06-11 00:00:00+00:00,2025-06-12 00:00:00+00:00,0.0,,0.0023477026234117737
ht2.vwap_reversion,1w,QQQ,2025-06-11 00:00:00+00:00,2025-06-18 00:00:00+00:00,0.0,,-0.006423719384610838
ht2.vwap_reversion,5w,QQQ,2025-06-11 00:00:00+00:00,2025-07-18 00:00:00+00:00,0.0,,0.05537155467317145
ht2.vwap_reversion,1d,QQQ,2025-07-18 00:00:00+00:00,2025-07-21 00:00:00+00:00,0.0,,0.005184771900194951
ht2.vwap_reversion,1w,QQQ,2025-07-18 00:00:00+00:00,2025-07-25 00:00:00+00:00,0.0,,0.009104410940678376
ht2.vwap_reversion,5w,QQQ,2025-07-18 00:00:00+00:00,2025-08-22 00:00:00+00:00,0.0,,0.019082001764061607
ht2.vwap_reversion,1d,QQQ,2025-08-22 00:00:00+00:00,2025-08-25 00:00:00+00:00,0.0,,-0.0028845497096954276
ht2.vwap_reversion,1w,QQQ,2025-08-22 00:00:00+00:00,2025-08-29 00:00:00+00:00,0.0,,-0.0027448363697305522
ht2.vwap_reversion,5w,QQQ,2025-08-22 00:00:00+00:00,2025-09-29 00:00:00+00:00,0.0,,0.04799919881958847
ht2.vwap_reversion,1d,QQQ,2025-09-29 00:00:00+00:00,2025-09-30 00:00:00+00:00,0.0,,0.00273923660495079
ht2.vwap_reversion,1w,QQQ,2025-09-29 00:00:00+00:00,2025-10-06 00:00:00+00:00,0.0,,0.01499842795463957
ht2.vwap_reversion,5w,QQQ,2025-09-29 00:00:00+00:00,2025-11-03 00:00:00+00:00,0.0,,0.055701255518401105
ht2.vwap_reversion,1d,QQQ,2025-11-03 00:00:00+00:00,2025-11-04 00:00:00+00:00,0.0,,-0.02029799650310915
ht2.vwap_reversion,1w,QQQ,2025-11-03 00:00:00+00:00,2025-11-10 00:00:00+00:00,0.0,,-0.01400142213225053
ht2.vwap_reversion,5w,QQQ,2025-11-03 00:00:00+00:00,2025-12-09 00:00:00+00:00,0.0,,-0.011122074363153933
ht2.vwap_reversion,1d,QQQ,2025-12-09 00:00:00+00:00,2025-12-10 00:00:00+00:00,0.0,,0.004095732190410706
ht2.vwap_reversion,1w,QQQ,2025-12-09 00:00:00+00:00,2025-12-16 00:00:00+00:00,0.0,,-0.021278284769180256
ht2.vwap_reversion,5w,QQQ,2025-12-09 00:00:00+00:00,2026-01-15 00:00:00+00:00,0.0,,-0.003949802558874671
ht2.vwap_reversion,1d,QQQ,2026-01-15 00:00:00+00:00,2026-01-16 00:00:00+00:00,0.0,,-0.0008363469702494797
ht2.vwap_reversion,1w,QQQ,2026-01-15 00:00:00+00:00,2026-01-23 00:00:00+00:00,0.0,,0.0015117217471662947
ht2.vwap_reversion,5w,QQQ,2026-01-15 00:00:00+00:00,2026-02-23 00:00:00+00:00,0.0,,-0.03276089154980599
ht2.vwap_reversion,1d,QQQ,2026-02-23 00:00:00+00:00,2026-02-24 00:00:00+00:00,0.0,,0.010741494985549327
ht2.vwap_reversion,1w,QQQ,2026-02-23 00:00:00+00:00,2026-03-02 00:00:00+00:00,0.0,,0.011107303152531944
ht2.vwap_reversion,5w,QQQ,2026-02-23 00:00:00+00:00,2026-03-30 00:00:00+00:00,0.0,,-0.07054421289140123
ht2.vwap_reversion,1d,QQQ,2026-03-30 00:00:00+00:00,2026-03-31 00:00:00+00:00,0.0,,0.03385390473424077
ht2.vwap_reversion,1w,QQQ,2026-03-30 00:00:00+00:00,2026-04-07 00:00:00+00:00,0.0,,0.054291761717070175
ht2.vwap_reversion,5w,QQQ,2026-03-30 00:00:00+00:00,2026-05-05 00:00:00+00:00,0.0,,0.22091058168056077
ht2.vwap_reversion,1d,QQQ,2026-05-05 00:00:00+00:00,2026-05-06 00:00:00+00:00,-1.0,0.0,0.02077436440402569
ht2.vwap_reversion,1w,QQQ,2026-05-05 00:00:00+00:00,2026-05-12 00:00:00+00:00,-1.0,0.0,0.03760215267463107
ht2.vwap_reversion,5w,QQQ,2026-05-05 00:00:00+00:00,2026-06-10 00:00:00+00:00,-1.0,0.0,0.017722793747404264
ht2.vwap_reversion,1d,QQQ,2026-06-10 00:00:00+00:00,2026-06-11 00:00:00+00:00,0.0,,0.03377582954055702
ht2.vwap_reversion,1w,QQQ,2026-06-10 00:00:00+00:00,2026-06-17 00:00:00+00:00,0.0,,0.041545886656153774
ht2.vwap_reversion,5w,QQQ,2026-06-10 00:00:00+00:00,2026-07-17 00:00:00+00:00,0.0,,0.0034657098984307577
ht2.vwap_reversion,1d,QQQ,2026-07-17 00:00:00+00:00,2026-07-20 00:00:00+00:00,0.0,,0.001049833101992581
ht2.vwap_reversion,1w,QQQ,2026-07-17 00:00:00+00:00,2026-07-24 00:00:00+00:00,0.0,,-0.01596369543709708
ht2.vwap_reversion,5w,QQQ,2026-07-17 00:00:00+00:00,2026-08-21 00:00:00+00:00,0.0,,0.026045165470287124
ht2.vwap_reversion,1d,RKLB,2022-12-12 00:00:00+00:00,2022-12-13 00:00:00+00:00,0.0,,0.004819272401665575
ht2.vwap_reversion,1w,RKLB,2022-12-12 00:00:00+00:00,2022-12-19 00:00:00+00:00,0.0,,-0.06024096247107802
ht2.vwap_reversion,5w,RKLB,2022-12-12 00:00:00+00:00,2023-01-19 00:00:00+00:00,0.0,,0.15421683175381506
ht2.vwap_reversion,1d,RKLB,2023-01-19 00:00:00+00:00,2023-01-20 00:00:00+00:00,0.0,,-0.0020876309236564916
ht2.vwap_reversion,1w,RKLB,2023-01-19 00:00:00+00:00,2023-01-26 00:00:00+00:00,0.0,,0.018789176055248547
ht2.vwap_reversion,5w,RKLB,2023-01-19 00:00:00+00:00,2023-02-24 00:00:00+00:00,0.0,,-0.07098124327674538
ht2.vwap_reversion,1d,RKLB,2023-02-24 00:00:00+00:00,2023-02-27 00:00:00+00:00,0.0,,0.03146075265694748
ht2.vwap_reversion,1w,RKLB,2023-02-24 00:00:00+00:00,2023-03-03 00:00:00+00:00,0.0,,0.02696637472801533
ht2.vwap_reversion,5w,RKLB,2023-02-24 00:00:00+00:00,2023-03-31 00:00:00+00:00,0.0,,-0.09213480112032091
ht2.vwap_reversion,1d,RKLB,2023-03-31 00:00:00+00:00,2023-04-03 00:00:00+00:00,0.0,,0.0
ht2.vwap_reversion,1w,RKLB,2023-03-31 00:00:00+00:00,2023-04-10 00:00:00+00:00,0.0,,-0.009900980750178201
ht2.vwap_reversion,5w,RKLB,2023-03-31 00:00:00+00:00,2023-05-08 00:00:00+00:00,0.0,,-0.047029717577846686
ht2.vwap_reversion,1d,RKLB,2023-05-08 00:00:00+00:00,2023-05-09 00:00:00+00:00,0.0,,0.02337666358889967
ht2.vwap_reversion,1w,RKLB,2023-05-08 00:00:00+00:00,2023-05-15 00:00:00+00:00,0.0,,0.12727279482935128
ht2.vwap_reversion,5w,RKLB,2023-05-08 00:00:00+00:00,2023-06-13 00:00:00+00:00,0.0,,0.5428571959373474
ht2.vwap_reversion,1d,RKLB,2023-06-13 00:00:00+00:00,2023-06-14 00:00:00+00:00,-1.0,1.0,-0.04208754168210971
ht2.vwap_reversion,1w,RKLB,2023-06-13 00:00:00+00:00,2023-06-21 00:00:00+00:00,-1.0,1.0,-0.0067340002470883675
ht2.vwap_reversion,5w,RKLB,2023-06-13 00:00:00+00:00,2023-07-20 00:00:00+00:00,-1.0,0.0,0.31481479251603295
ht2.vwap_reversion,1d,RKLB,2023-07-20 00:00:00+00:00,2023-07-21 00:00:00+00:00,0.0,,-0.039692694628780445
ht2.vwap_reversion,1w,RKLB,2023-07-20 00:00:00+00:00,2023-07-27 00:00:00+00:00,0.0,,-0.1382842422047046
ht2.vwap_reversion,5w,RKLB,2023-07-20 00:00:00+00:00,2023-08-24 00:00:00+00:00,0.0,,-0.27656848440940907
ht2.vwap_reversion,1d,RKLB,2023-08-24 00:00:00+00:00,2023-08-25 00:00:00+00:00,0.0,,0.02477873701283384
ht2.vwap_reversion,1w,RKLB,2023-08-24 00:00:00+00:00,2023-08-31 00:00:00+00:00,0.0,,0.116814130313601
ht2.vwap_reversion,5w,RKLB,2023-08-24 00:00:00+00:00,2023-09-29 00:00:00+00:00,0.0,,-0.22477875389202495
ht2.vwap_reversion,1d,RKLB,2023-09-29 00:00:00+00:00,2023-10-02 00:00:00+00:00,0.0,,0.00228304835237525
ht2.vwap_reversion,1w,RKLB,2023-09-29 00:00:00+00:00,2023-10-06 00:00:00+00:00,0.0,,0.0273972334300725
ht2.vwap_reversion,5w,RKLB,2023-09-29 00:00:00+00:00,2023-11-03 00:00:00+00:00,0.0,,0.05251141850776975
ht2.vwap_reversion,1d,RKLB,2023-11-03 00:00:00+00:00,2023-11-06 00:00:00+00:00,0.0,,-0.05639918033660152
ht2.vwap_reversion,1w,RKLB,2023-11-03 00:00:00+00:00,2023-11-10 00:00:00+00:00,0.0,,-0.05206078980573903
ht2.vwap_reversion,5w,RKLB,2023-11-03 00:00:00+00:00,2023-12-11 00:00:00+00:00,0.0,,0.010845924609461655
ht2.vwap_reversion,1d,RKLB,2023-12-11 00:00:00+00:00,2023-12-12 00:00:00+00:00,0.0,,-0.012875524623216728
ht2.vwap_reversion,1w,RKLB,2023-12-11 00:00:00+00:00,2023-12-18 00:00:00+00:00,0.0,,-0.03648070426190109
ht2.vwap_reversion,5w,RKLB,2023-12-11 00:00:00+00:00,2024-01-18 00:00:00+00:00,0.0,,0.04077254580297329
ht2.vwap_reversion,1d,RKLB,2024-01-18 00:00:00+00:00,2024-01-19 00:00:00+00:00,0.0,,0.00206190290277819
ht2.vwap_reversion,1w,RKLB,2024-01-18 00:00:00+00:00,2024-01-25 00:00:00+00:00,0.0,,0.014433025368622232
ht2.vwap_reversion,5w,RKLB,2024-01-18 00:00:00+00:00,2024-02-23 00:00:00+00:00,0.0,,-0.09690717514091518
ht2.vwap_reversion,1d,RKLB,2024-02-23 00:00:00+00:00,2024-02-26 00:00:00+00:00,0.0,,0.04337900736441225
ht2.vwap_reversion,1w,RKLB,2024-02-23 00:00:00+00:00,2024-03-01 00:00:00+00:00,0.0,,0.03652964457343
ht2.vwap_reversion,5w,RKLB,2024-02-23 00:00:00+00:00,2024-04-01 00:00:00+00:00,0.0,,-0.0684931924421095
ht2.vwap_reversion,1d,RKLB,2024-04-01 00:00:00+00:00,2024-04-02 00:00:00+00:00,0.0,,-0.051470598547516566
ht2.vwap_reversion,1w,RKLB,2024-04-01 00:00:00+00:00,2024-04-08 00:00:00+00:00,0.0,,-0.07598037955303527
ht2.vwap_reversion,5w,RKLB,2024-04-01 00:00:00+00:00,2024-05-06 00:00:00+00:00,0.0,,-0.004901956201103785
ht2.vwap_reversion,1d,RKLB,2024-05-06 00:00:00+00:00,2024-05-07 00:00:00+00:00,0.0,,-0.022167466856587215
ht2.vwap_reversion,1w,RKLB,2024-05-06 00:00:00+00:00,2024-05-13 00:00:00+00:00,0.0,,0.024630518729541473
ht2.vwap_reversion,5w,RKLB,2024-05-06 00:00:00+00:00,2024-06-11 00:00:00+00:00,0.0,,0.12561582169202734
ht2.vwap_reversion,1d,RKLB,2024-06-11 00:00:00+00:00,2024-06-12 00:00:00+00:00,0.0,,0.015317219298652818
ht2.vwap_reversion,1w,RKLB,2024-06-11 00:00:00+00:00,2024-06-18 00:00:00+00:00,0.0,,0.07439817570666074
ht2.vwap_reversion,5w,RKLB,2024-06-11 00:00:00+00:00,2024-07-18 00:00:00+00:00,0.0,,0.15098468956284883
ht2.vwap_reversion,1d,RKLB,2024-07-18 00:00:00+00:00,2024-07-19 00:00:00+00:00,0.0,,-0.011406923385144818
ht2.vwap_reversion,1w,RKLB,2024-07-18 00:00:00+00:00,2024-07-25 00:00:00+00:00,0.0,,-0.0019011841153402376
ht2.vwap_reversion,5w,RKLB,2024-07-18 00:00:00+00:00,2024-08-22 00:00:00+00:00,0.0,,0.3003802005616887
ht2.vwap_reversion,1d,RKLB,2024-08-22 00:00:00+00:00,2024-08-23 00:00:00+00:00,0.0,,0.017543842526623443
ht2.vwap_reversion,1w,RKLB,2024-08-22 00:00:00+00:00,2024-08-29 00:00:00+00:00,0.0,,-0.08918130407988556
ht2.vwap_reversion,5w,RKLB,2024-08-22 00:00:00+00:00,2024-09-27 00:00:00+00:00,0.0,,0.42982449046743976
ht2.vwap_reversion,1d,RKLB,2024-09-27 00:00:00+00:00,2024-09-30 00:00:00+00:00,0.0,,-0.005112494079759333
ht2.vwap_reversion,1w,RKLB,2024-09-27 00:00:00+00:00,2024-10-04 00:00:00+00:00,0.0,,0.0020450366369892947
ht2.vwap_reversion,5w,RKLB,2024-09-27 00:00:00+00:00,2024-11-01 00:00:00+00:00,0.0,,0.16768920123728015
ht2.vwap_reversion,1d,RKLB,2024-11-01 00:00:00+00:00,2024-11-04 00:00:00+00:00,0.0,,-0.014886171204747667
ht2.vwap_reversion,1w,RKLB,2024-11-01 00:00:00+00:00,2024-11-08 00:00:00+00:00,0.0,,0.18301227133320186
ht2.vwap_reversion,5w,RKLB,2024-11-01 00:00:00+00:00,2024-12-09 00:00:00+00:00,0.0,,1.0350262360646223
ht2.vwap_reversion,1d,RKLB,2024-12-09 00:00:00+00:00,2024-12-10 00:00:00+00:00,0.0,,-0.016781385262021997
ht2.vwap_reversion,1w,RKLB,2024-12-09 00:00:00+00:00,2024-12-16 00:00:00+00:00,0.0,,0.11445782588680875
ht2.vwap_reversion,5w,RKLB,2024-12-09 00:00:00+00:00,2025-01-16 00:00:00+00:00,0.0,,0.06024094803435176
ht2.vwap_reversion,1d,RKLB,2025-01-16 00:00:00+00:00,2025-01-17 00:00:00+00:00,0.0,,-0.025974001846660433
ht2.vwap_reversion,1w,RKLB,2025-01-16 00:00:00+00:00,2025-01-24 00:00:00+00:00,0.0,,0.2321429124347365
ht2.vwap_reversion,5w,RKLB,2025-01-16 00:00:00+00:00,2025-02-24 00:00:00+00:00,0.0,,-0.08725648018617715
ht2.vwap_reversion,1d,RKLB,2025-02-24 00:00:00+00:00,2025-02-25 00:00:00+00:00,0.0,,-0.09826585624561701
ht2.vwap_reversion,1w,RKLB,2025-02-24 00:00:00+00:00,2025-03-03 00:00:00+00:00,0.0,,-0.17029790852308369
ht2.vwap_reversion,5w,RKLB,2025-02-24 00:00:00+00:00,2025-03-31 00:00:00+00:00,0.0,,-0.20498002033204832
ht2.vwap_reversion,1d,RKLB,2025-03-31 00:00:00+00:00,2025-04-01 00:00:00+00:00,0.0,,0.015100697451716272
ht2.vwap_reversion,1w,RKLB,2025-03-31 00:00:00+00:00,2025-04-07 00:00:00+00:00,0.0,,-0.02013415659397011
ht2.vwap_reversion,5w,RKLB,2025-03-31 00:00:00+00:00,2025-05-06 00:00:00+00:00,0.0,,0.25111867389339904
ht2.vwap_reversion,1d,RKLB,2025-05-06 00:00:00+00:00,2025-05-07 00:00:00+00:00,0.0,,-0.003576214604594341
ht2.vwap_reversion,1w,RKLB,2025-05-06 00:00:00+00:00,2025-05-13 00:00:00+00:00,0.0,,-0.024139512528773444
ht2.vwap_reversion,5w,RKLB,2025-05-06 00:00:00+00:00,2025-06-11 00:00:00+00:00,0.0,,0.22306658846281757
ht2.vwap_reversion,1d,RKLB,2025-06-11 00:00:00+00:00,2025-06-12 00:00:00+00:00,0.0,,-0.03508775476627968
ht2.vwap_reversion,1w,RKLB,2025-06-11 00:00:00+00:00,2025-06-18 00:00:00+00:00,0.0,,0.017909347960057387
ht2.vwap_reversion,5w,RKLB,2025-06-11 00:00:00+00:00,2025-07-18 00:00:00+00:00,0.0,,0.8782894094748379
ht2.vwap_reversion,1d,RKLB,2025-07-18 00:00:00+00:00,2025-07-21 00:00:00+00:00,0.0,,-0.08172797845538549
ht2.vwap_reversion,1w,RKLB,2025-07-18 00:00:00+00:00,2025-07-25 00:00:00+00:00,0.0,,-0.07705777644493073
ht2.vwap_reversion,5w,RKLB,2025-07-18 00:00:00+00:00,2025-08-22 00:00:00+00:00,0.0,,-0.13640783041038984
ht2.vwap_reversion,1d,RKLB,2025-08-22 00:00:00+00:00,2025-08-25 00:00:00+00:00,0.0,,0.06399279144290704
ht2.vwap_reversion,1w,RKLB,2025-08-22 00:00:00+00:00,2025-08-29 00:00:00+00:00,0.0,,0.09508781668411692
ht2.vwap_reversion,5w,RKLB,2025-08-22 00:00:00+00:00,2025-09-29 00:00:00+00:00,0.0,,0.05926086503200856
ht2.vwap_reversion,1d,RKLB,2025-09-29 00:00:00+00:00,2025-09-30 00:00:00+00:00,0.0,,0.019144895937310835
ht2.vwap_reversion,1w,RKLB,2025-09-29 00:00:00+00:00,2025-10-06 00:00:00+00:00,0.0,,0.2444161261159572
ht2.vwap_reversion,5w,RKLB,2025-09-29 00:00:00+00:00,2025-11-03 00:00:00+00:00,0.0,,0.30482880967240433
ht2.vwap_reversion,1d,RKLB,2025-11-03 00:00:00+00:00,2025-11-04 00:00:00+00:00,0.0,,-0.07776329386856762
ht2.vwap_reversion,1w,RKLB,2025-11-03 00:00:00+00:00,2025-11-10 00:00:00+00:00,0.0,,-0.15389629284685802
ht2.vwap_reversion,5w,RKLB,2025-11-03 00:00:00+00:00,2025-12-09 00:00:00+00:00,0.0,,-0.12895337182483513
ht2.vwap_reversion,1d,RKLB,2025-12-09 00:00:00+00:00,2025-12-10 00:00:00+00:00,0.0,,0.07654875779949588
ht2.vwap_reversion,1w,RKLB,2025-12-09 00:00:00+00:00,2025-12-16 00:00:00+00:00,0.0,,0.03855514432949492
ht2.vwap_reversion,5w,RKLB,2025-12-09 00:00:00+00:00,2026-01-15 00:00:00+00:00,0.0,,0.6986711888047386
ht2.vwap_reversion,1d,RKLB,2026-01-15 00:00:00+00:00,2026-01-16 00:00:00+00:00,0.0,,0.06104011442410262
ht2.vwap_reversion,1w,RKLB,2026-01-15 00:00:00+00:00,2026-01-23 00:00:00+00:00,0.0,,-0.020493615762147366
ht2.vwap_reversion,5w,RKLB,2026-01-15 00:00:00+00:00,2026-02-23 00:00:00+00:00,0.0,,-0.22642135927798168
ht2.vwap_reversion,1d,RKLB,2026-02-23 00:00:00+00:00,2026-02-24 00:00:00+00:00,0.0,,-0.003418286097408685
ht2.vwap_reversion,1w,RKLB,2026-02-23 00:00:00+00:00,2026-03-02 00:00:00+00:00,0.0,,0.01082469941804276
ht2.vwap_reversion,5w,RKLB,2026-02-23 00:00:00+00:00,2026-03-30 00:00:00+00:00,0.0,,-0.18273747591024891
ht2.vwap_reversion,1d,RKLB,2026-03-30 00:00:00+00:00,2026-03-31 00:00:00+00:00,1.0,1.0,0.11920529845351857
ht2.vwap_reversion,1w,RKLB,2026-03-30 00:00:00+00:00,2026-04-07 00:00:00+00:00,1.0,1.0,0.15580338899081592
ht2.vwap_reversion,5w,RKLB,2026-03-30 00:00:00+00:00,2026-05-05 00:00:00+00:00,1.0,1.0,0.3726037063459662
ht2.vwap_reversion,1d,RKLB,2026-05-05 00:00:00+00:00,2026-05-06 00:00:00+00:00,0.0,,0.0747841446151889
ht2.vwap_reversion,1w,RKLB,2026-05-05 00:00:00+00:00,2026-05-12 00:00:00+00:00,0.0,,0.49263578428110355
ht2.vwap_reversion,5w,RKLB,2026-05-05 00:00:00+00:00,2026-06-10 00:00:00+00:00,0.0,,0.33379888525210744
ht2.vwap_reversion,1d,RKLB,2026-06-10 00:00:00+00:00,2026-06-11 00:00:00+00:00,0.0,,0.09262251732391791
ht2.vwap_reversion,1w,RKLB,2026-06-10 00:00:00+00:00,2026-06-17 00:00:00+00:00,0.0,,0.027891482342291773
ht2.vwap_reversion,5w,RKLB,2026-06-10 00:00:00+00:00,2026-07-17 00:00:00+00:00,0.0,,-0.3563065132585872
ht2.vwap_reversion,1d,RKLB,2026-07-17 00:00:00+00:00,2026-07-20 00:00:00+00:00,0.0,,-0.02780249639826471
ht2.vwap_reversion,1w,RKLB,2026-07-17 00:00:00+00:00,2026-07-24 00:00:00+00:00,0.0,,-0.05486546507656642
ht2.vwap_reversion,5w,RKLB,2026-07-17 00:00:00+00:00,2026-08-21 00:00:00+00:00,0.0,,0.0732031462168552
ht2.vwap_reversion,1d,SLV,2017-11-16 00:00:00+00:00,2017-11-17 00:00:00+00:00,0.0,,0.011786514690902417
ht2.vwap_reversion,1w,SLV,2017-11-16 00:00:00+00:00,2017-11-24 00:00:00+00:00,0.0,,-0.0024814462434759044
ht2.vwap_reversion,5w,SLV,2017-11-16 00:00:00+00:00,2017-12-22 00:00:00+00:00,0.0,,-0.044665085807611304
ht2.vwap_reversion,1d,SLV,2017-12-22 00:00:00+00:00,2017-12-26 00:00:00+00:00,0.0,,0.012337697322342578
ht2.vwap_reversion,1w,SLV,2017-12-22 00:00:00+00:00,2018-01-02 00:00:00+00:00,0.0,,0.05259736922121361
ht2.vwap_reversion,5w,SLV,2017-12-22 00:00:00+00:00,2018-01-31 00:00:00+00:00,0.0,,0.06168836275790257
ht2.vwap_reversion,1d,SLV,2018-01-31 00:00:00+00:00,2018-02-01 00:00:00+00:00,0.0,,-0.00611623113985138
ht2.vwap_reversion,1w,SLV,2018-01-31 00:00:00+00:00,2018-02-07 00:00:00+00:00,0.0,,-0.05749238606275309
ht2.vwap_reversion,5w,SLV,2018-01-31 00:00:00+00:00,2018-03-08 00:00:00+00:00,0.0,,-0.04892967413270177
ht2.vwap_reversion,1d,SLV,2018-03-08 00:00:00+00:00,2018-03-09 00:00:00+00:00,0.0,,0.005144689564294813
ht2.vwap_reversion,1w,SLV,2018-03-08 00:00:00+00:00,2018-03-15 00:00:00+00:00,0.0,,-0.006430892620137074
ht2.vwap_reversion,5w,SLV,2018-03-08 00:00:00+00:00,2018-04-13 00:00:00+00:00,0.0,,0.00836013587436324
ht2.vwap_reversion,1d,SLV,2018-04-13 00:00:00+00:00,2018-04-16 00:00:00+00:00,0.0,,0.0025510179256709176
ht2.vwap_reversion,1w,SLV,2018-04-13 00:00:00+00:00,2018-04-20 00:00:00+00:00,0.0,,0.028698906047998074
ht2.vwap_reversion,5w,SLV,2018-04-13 00:00:00+00:00,2018-05-18 00:00:00+00:00,0.0,,-0.012755150449418884
ht2.vwap_reversion,1d,SLV,2018-05-18 00:00:00+00:00,2018-05-21 00:00:00+00:00,0.0,,0.003875996213888122
ht2.vwap_reversion,1w,SLV,2018-05-18 00:00:00+00:00,2018-05-25 00:00:00+00:00,0.0,,0.0032299865770952785
ht2.vwap_reversion,5w,SLV,2018-05-18 00:00:00+00:00,2018-06-25 00:00:00+00:00,0.0,,-0.007105921184113573
ht2.vwap_reversion,1d,SLV,2018-06-25 00:00:00+00:00,2018-06-26 00:00:00+00:00,0.0,,-0.0026024698861973894
ht2.vwap_reversion,1w,SLV,2018-06-25 00:00:00+00:00,2018-07-02 00:00:00+00:00,0.0,,-0.029928434715160046
ht2.vwap_reversion,5w,SLV,2018-06-25 00:00:00+00:00,2018-07-31 00:00:00+00:00,0.0,,-0.04944698988552987
ht2.vwap_reversion,1d,SLV,2018-07-31 00:00:00+00:00,2018-08-01 00:00:00+00:00,0.0,,-0.008898023100329389
ht2.vwap_reversion,1w,SLV,2018-07-31 00:00:00+00:00,2018-08-07 00:00:00+00:00,0.0,,-0.01232028444430533
ht2.vwap_reversion,5w,SLV,2018-07-31 00:00:00+00:00,2018-09-05 00:00:00+00:00,0.0,,-0.08624225221194015
ht2.vwap_reversion,1d,SLV,2018-09-05 00:00:00+00:00,2018-09-06 00:00:00+00:00,0.0,,-0.0029962517385805354
ht2.vwap_reversion,1w,SLV,2018-09-05 00:00:00+00:00,2018-09-12 00:00:00+00:00,0.0,,0.0029962517385802023
ht2.vwap_reversion,5w,SLV,2018-09-05 00:00:00+00:00,2018-10-10 00:00:00+00:00,0.0,,0.007490593628312725
ht2.vwap_reversion,1d,SLV,2018-10-10 00:00:00+00:00,2018-10-11 00:00:00+00:00,0.0,,0.016356897408820625
ht2.vwap_reversion,1w,SLV,2018-10-10 00:00:00+00:00,2018-10-17 00:00:00+00:00,0.0,,0.021561335759518574
ht2.vwap_reversion,5w,SLV,2018-10-10 00:00:00+00:00,2018-11-14 00:00:00+00:00,0.0,,-0.012639411056113103
ht2.vwap_reversion,1d,SLV,2018-11-14 00:00:00+00:00,2018-11-15 00:00:00+00:00,0.0,,0.010542194739293853
ht2.vwap_reversion,1w,SLV,2018-11-14 00:00:00+00:00,2018-11-21 00:00:00+00:00,0.0,,0.024096434859411042
ht2.vwap_reversion,5w,SLV,2018-11-14 00:00:00+00:00,2018-12-21 00:00:00+00:00,0.0,,0.03463855778587832
ht2.vwap_reversion,1d,SLV,2018-12-21 00:00:00+00:00,2018-12-24 00:00:00+00:00,0.0,,0.009461434978636829
ht2.vwap_reversion,1w,SLV,2018-12-21 00:00:00+00:00,2018-12-31 00:00:00+00:00,0.0,,0.05676860987182031
ht2.vwap_reversion,5w,SLV,2018-12-21 00:00:00+00:00,2019-01-30 00:00:00+00:00,0.0,,0.09534209908579139
ht2.vwap_reversion,1d,SLV,2019-01-30 00:00:00+00:00,2019-01-31 00:00:00+00:00,0.0,,0.0
ht2.vwap_reversion,1w,SLV,2019-01-30 00:00:00+00:00,2019-02-06 00:00:00+00:00,0.0,,-0.024584709692353712
ht2.vwap_reversion,5w,SLV,2019-01-30 00:00:00+00:00,2019-03-07 00:00:00+00:00,0.0,,-0.06378737714156124
ht2.vwap_reversion,1d,SLV,2019-03-07 00:00:00+00:00,2019-03-08 00:00:00+00:00,0.0,,0.022711120749380864
ht2.vwap_reversion,1w,SLV,2019-03-07 00:00:00+00:00,2019-03-14 00:00:00+00:00,0.0,,0.010645820930152539
ht2.vwap_reversion,5w,SLV,2019-03-07 00:00:00+00:00,2019-04-11 00:00:00+00:00,0.0,,-0.0049680407428073226
ht2.vwap_reversion,1d,SLV,2019-04-11 00:00:00+00:00,2019-04-12 00:00:00+00:00,0.0,,0.0021397811691639124
ht2.vwap_reversion,1w,SLV,2019-04-11 00:00:00+00:00,2019-04-18 00:00:00+00:00,0.0,,0.0028530642330242273
ht2.vwap_reversion,5w,SLV,2019-04-11 00:00:00+00:00,2019-05-17 00:00:00+00:00,0.0,,-0.035663336924010025
ht2.vwap_reversion,1d,SLV,2019-05-17 00:00:00+00:00,2019-05-20 00:00:00+00:00,1.0,1.0,0.0022189150854625694
ht2.vwap_reversion,1w,SLV,2019-05-17 00:00:00+00:00,2019-05-24 00:00:00+00:00,1.0,1.0,0.009615322216350197
ht2.vwap_reversion,5w,SLV,2019-05-17 00:00:00+00:00,2019-06-24 00:00:00+00:00,1.0,1.0,0.0695265938281473
ht2.vwap_reversion,1d,SLV,2019-06-24 00:00:00+00:00,2019-06-25 00:00:00+00:00,0.0,,-0.005532498167012956
ht2.vwap_reversion,1w,SLV,2019-06-24 00:00:00+00:00,2019-07-01 00:00:00+00:00,0.0,,-0.01936374358454529
ht2.vwap_reversion,5w,SLV,2019-06-24 00:00:00+00:00,2019-07-30 00:00:00+00:00,0.0,,0.07192254212374838
ht2.vwap_reversion,1d,SLV,2019-07-30 00:00:00+00:00,2019-07-31 00:00:00+00:00,0.0,,-0.018709674958259814
ht2.vwap_reversion,1w,SLV,2019-07-30 00:00:00+00:00,2019-08-06 00:00:00+00:00,0.0,,-0.0077419281005859375
ht2.vwap_reversion,5w,SLV,2019-07-30 00:00:00+00:00,2019-09-04 00:00:00+00:00,0.0,,0.183225816295993
ht2.vwap_reversion,1d,SLV,2019-09-04 00:00:00+00:00,2019-09-05 00:00:00+00:00,0.0,,-0.05070884936958697
ht2.vwap_reversion,1w,SLV,2019-09-04 00:00:00+00:00,2019-09-11 00:00:00+00:00,0.0,,-0.07579058768177271
ht2.vwap_reversion,5w,SLV,2019-09-04 00:00:00+00:00,2019-10-09 00:00:00+00:00,0.0,,-0.09487457778851971
ht2.vwap_reversion,1d,SLV,2019-10-09 00:00:00+00:00,2019-10-10 00:00:00+00:00,0.0,,-0.01385539379222378
ht2.vwap_reversion,1w,SLV,2019-10-09 00:00:00+00:00,2019-10-16 00:00:00+00:00,0.0,,-0.02048193643220797
ht2.vwap_reversion,5w,SLV,2019-10-09 00:00:00+00:00,2019-11-13 00:00:00+00:00,0.0,,-0.04638556867885424
ht2.vwap_reversion,1d,SLV,2019-11-13 00:00:00+00:00,2019-11-14 00:00:00+00:00,0.0,,0.004421964318482852
ht2.vwap_reversion,1w,SLV,2019-11-13 00:00:00+00:00,2019-11-20 00:00:00+00:00,0.0,,0.013266013444940272
ht2.vwap_reversion,5w,SLV,2019-11-13 00:00:00+00:00,2019-12-19 00:00:00+00:00,0.0,,0.006948809678294143
ht2.vwap_reversion,1d,SLV,2019-12-19 00:00:00+00:00,2019-12-20 00:00:00+00:00,0.0,,0.0062736096472117975
ht2.vwap_reversion,1w,SLV,2019-12-19 00:00:00+00:00,2019-12-27 00:00:00+00:00,0.0,,0.04015058721271081
ht2.vwap_reversion,5w,SLV,2019-12-19 00:00:00+00:00,2020-01-28 00:00:00+00:00,0.0,,0.023839405548577774
ht2.vwap_reversion,1d,SLV,2020-01-28 00:00:00+00:00,2020-01-29 00:00:00+00:00,1.0,1.0,0.005514715335223519
ht2.vwap_reversion,1w,SLV,2020-01-28 00:00:00+00:00,2020-02-04 00:00:00+00:00,1.0,1.0,0.007965751871702675
ht2.vwap_reversion,5w,SLV,2020-01-28 00:00:00+00:00,2020-03-04 00:00:00+00:00,1.0,0.0,-0.0140931094691914
ht2.vwap_reversion,1d,SLV,2020-03-04 00:00:00+00:00,2020-03-05 00:00:00+00:00,0.0,,0.013051527811134278
ht2.vwap_reversion,1w,SLV,2020-03-04 00:00:00+00:00,2020-03-11 00:00:00+00:00,0.0,,-0.02858918792943499
ht2.vwap_reversion,5w,SLV,2020-03-04 00:00:00+00:00,2020-04-08 00:00:00+00:00,0.0,,-0.1336234028474379
ht2.vwap_reversion,1d,SLV,2020-04-08 00:00:00+00:00,2020-04-09 00:00:00+00:00,0.0,,0.02869444650252939
ht2.vwap_reversion,1w,SLV,2020-04-08 00:00:00+00:00,2020-04-16 00:00:00+00:00,0.0,,0.040889574293865305
ht2.vwap_reversion,5w,SLV,2020-04-08 00:00:00+00:00,2020-05-14 00:00:00+00:00,0.0,,0.062410392067563825
ht2.vwap_reversion,1d,SLV,2020-05-14 00:00:00+00:00,2020-05-15 00:00:00+00:00,0.0,,0.04726534702442997
ht2.vwap_reversion,1w,SLV,2020-05-14 00:00:00+00:00,2020-05-21 00:00:00+00:00,0.0,,0.07765020836913905
ht2.vwap_reversion,5w,SLV,2020-05-14 00:00:00+00:00,2020-06-19 00:00:00+00:00,0.0,,0.11343681997984345
ht2.vwap_reversion,1d,SLV,2020-06-19 00:00:00+00:00,2020-06-22 00:00:00+00:00,0.0,,0.0006064420267215542
ht2.vwap_reversion,1w,SLV,2020-06-19 00:00:00+00:00,2020-06-26 00:00:00+00:00,0.0,,0.008489957040123342
ht2.vwap_reversion,5w,SLV,2020-06-19 00:00:00+00:00,2020-07-27 00:00:00+00:00,0.0,,0.3844754542502933
ht2.vwap_reversion,1d,SLV,2020-07-27 00:00:00+00:00,2020-07-28 00:00:00+00:00,0.0,,-0.0026280975095438475
ht2.vwap_reversion,1w,SLV,2020-07-27 00:00:00+00:00,2020-08-03 00:00:00+00:00,0.0,,-0.0039421880371727225
ht2.vwap_reversion,5w,SLV,2020-07-27 00:00:00+00:00,2020-08-31 00:00:00+00:00,0.0,,0.14892683442367471
ht2.vwap_reversion,1d,SLV,2020-08-31 00:00:00+00:00,2020-09-01 00:00:00+00:00,0.0,,-0.0034311915424537487
ht2.vwap_reversion,1w,SLV,2020-08-31 00:00:00+00:00,2020-09-08 00:00:00+00:00,0.0,,-0.05642392558387921
ht2.vwap_reversion,5w,SLV,2020-08-31 00:00:00+00:00,2020-10-06 00:00:00+00:00,0.0,,-0.17155928625747652
ht2.vwap_reversion,1d,SLV,2020-10-06 00:00:00+00:00,2020-10-07 00:00:00+00:00,0.0,,0.016566986559380048
ht2.vwap_reversion,1w,SLV,2020-10-06 00:00:00+00:00,2020-10-13 00:00:00+00:00,0.0,,0.03497470063929975
ht2.vwap_reversion,5w,SLV,2020-10-06 00:00:00+00:00,2020-11-10 00:00:00+00:00,0.0,,0.03221356547103782
ht2.vwap_reversion,1d,SLV,2020-11-10 00:00:00+00:00,2020-11-11 00:00:00+00:00,0.0,,0.004012490029575488
ht2.vwap_reversion,1w,SLV,2020-11-10 00:00:00+00:00,2020-11-17 00:00:00+00:00,0.0,,0.013820751748757187
ht2.vwap_reversion,5w,SLV,2020-11-10 00:00:00+00:00,2020-12-16 00:00:00+00:00,0.0,,0.05305396869669332
ht2.vwap_reversion,1d,SLV,2020-12-16 00:00:00+00:00,2020-12-17 00:00:00+00:00,-1.0,0.0,0.022438558868149716
ht2.vwap_reversion,1w,SLV,2020-12-16 00:00:00+00:00,2020-12-23 00:00:00+00:00,-1.0,0.0,0.00762059235527901
ht2.vwap_reversion,5w,SLV,2020-12-16 00:00:00+00:00,2021-01-25 00:00:00+00:00,-1.0,1.0,-0.0029636579037108923
ht2.vwap_reversion,1d,SLV,2021-01-25 00:00:00+00:00,2021-01-26 00:00:00+00:00,0.0,,0.004246300836917349
ht2.vwap_reversion,1w,SLV,2021-01-25 00:00:00+00:00,2021-02-01 00:00:00+00:00,0.0,,0.13630577901547136
ht2.vwap_reversion,5w,SLV,2021-01-25 00:00:00+00:00,2021-03-02 00:00:00+00:00,0.0,,0.05307855798283345
ht2.vwap_reversion,1d,SLV,2021-03-02 00:00:00+00:00,2021-03-03 00:00:00+00:00,0.0,,-0.02096768412952066
ht2.vwap_reversion,1w,SLV,2021-03-02 00:00:00+00:00,2021-03-09 00:00:00+00:00,0.0,,-0.030241936414224457
ht2.vwap_reversion,5w,SLV,2021-03-02 00:00:00+00:00,2021-04-07 00:00:00+00:00,0.0,,-0.0592741676845604
ht2.vwap_reversion,1d,SLV,2021-04-07 00:00:00+00:00,2021-04-08 00:00:00+00:00,0.0,,0.012430386475598354
ht2.vwap_reversion,1w,SLV,2021-04-07 00:00:00+00:00,2021-04-14 00:00:00+00:00,0.0,,0.011144459054097444
ht2.vwap_reversion,5w,SLV,2021-04-07 00:00:00+00:00,2021-05-12 00:00:00+00:00,0.0,,0.07543935853567962
ht2.vwap_reversion,1d,SLV,2021-05-12 00:00:00+00:00,2021-05-13 00:00:00+00:00,0.0,,0.00278994397762089
ht2.vwap_reversion,1w,SLV,2021-05-12 00:00:00+00:00,2021-05-19 00:00:00+00:00,0.0,,0.025508146104272766
ht2.vwap_reversion,5w,SLV,2021-05-12 00:00:00+00:00,2021-06-17 00:00:00+00:00,0.0,,-0.04145081343971513
ht2.vwap_reversion,1d,SLV,2021-06-17 00:00:00+00:00,2021-06-18 00:00:00+00:00,1.0,0.0,-0.007068610465150393
ht2.vwap_reversion,1w,SLV,2021-06-17 00:00:00+00:00,2021-06-24 00:00:00+00:00,1.0,0.0,-0.00041573063826949586
ht2.vwap_reversion,5w,SLV,2021-06-17 00:00:00+00:00,2021-07-23 00:00:00+00:00,1.0,0.0,-0.029105982444778467
ht2.vwap_reversion,1d,SLV,2021-07-23 00:00:00+00:00,2021-07-26 00:00:00+00:00,0.0,,0.000428275319848348
ht2.vwap_reversion,1w,SLV,2021-07-23 00:00:00+00:00,2021-07-30 00:00:00+00:00,0.0,,0.011991382215097435
ht2.vwap_reversion,5w,SLV,2021-07-23 00:00:00+00:00,2021-08-27 00:00:00+00:00,0.0,,-0.04368310240256512
ht2.vwap_reversion,1d,SLV,2021-08-27 00:00:00+00:00,2021-08-30 00:00:00+00:00,0.0,,-0.0031347825823276887
ht2.vwap_reversion,1w,SLV,2021-08-27 00:00:00+00:00,2021-09-03 00:00:00+00:00,0.0,,0.024630507789507705
ht2.vwap_reversion,5w,SLV,2021-08-27 00:00:00+00:00,2021-10-04 00:00:00+00:00,0.0,,-0.060456801884559375
ht2.vwap_reversion,1d,SLV,2021-10-04 00:00:00+00:00,2021-10-05 00:00:00+00:00,0.0,,-0.0028598411464020312
ht2.vwap_reversion,1w,SLV,2021-10-04 00:00:00+00:00,2021-10-11 00:00:00+00:00,0.0,,-0.004766462519143921
ht2.vwap_reversion,5w,SLV,2021-10-04 00:00:00+00:00,2021-11-08 00:00:00+00:00,0.0,,0.07959962405775833
ht2.vwap_reversion,1d,SLV,2021-11-08 00:00:00+00:00,2021-11-09 00:00:00+00:00,-1.0,1.0,-0.005297966176855962
ht2.vwap_reversion,1w,SLV,2021-11-08 00:00:00+00:00,2021-11-15 00:00:00+00:00,-1.0,0.0,0.026048572296892836
ht2.vwap_reversion,5w,SLV,2021-11-08 00:00:00+00:00,2021-12-14 00:00:00+00:00,-1.0,1.0,-0.10331126675487934
ht2.vwap_reversion,1d,SLV,2021-12-14 00:00:00+00:00,2021-12-15 00:00:00+00:00,0.0,,0.004923701826650362
ht2.vwap_reversion,1w,SLV,2021-12-14 00:00:00+00:00,2021-12-21 00:00:00+00:00,0.0,,0.022648990837870864
ht2.vwap_reversion,5w,SLV,2021-12-14 00:00:00+00:00,2022-01-20 00:00:00+00:00,0.0,,0.11373714593959638
ht2.vwap_reversion,1d,SLV,2022-01-20 00:00:00+00:00,2022-01-21 00:00:00+00:00,0.0,,-0.010610153384721599
ht2.vwap_reversion,1w,SLV,2022-01-20 00:00:00+00:00,2022-01-27 00:00:00+00:00,0.0,,-0.0707338780772544
ht2.vwap_reversion,5w,SLV,2022-01-20 00:00:00+00:00,2022-02-25 00:00:00+00:00,0.0,,-0.00972595988243885
ht2.vwap_reversion,1d,SLV,2022-02-25 00:00:00+00:00,2022-02-28 00:00:00+00:00,0.0,,0.009821483234362383
ht2.vwap_reversion,1w,SLV,2022-02-25 00:00:00+00:00,2022-03-04 00:00:00+00:00,0.0,,0.05535713358192984
ht2.vwap_reversion,5w,SLV,2022-02-25 00:00:00+00:00,2022-04-01 00:00:00+00:00,0.0,,0.015178578499020157
ht2.vwap_reversion,1d,SLV,2022-04-01 00:00:00+00:00,2022-04-04 00:00:00+00:00,0.0,,-0.004837318006100988
ht2.vwap_reversion,1w,SLV,2022-04-01 00:00:00+00:00,2022-04-08 00:00:00+00:00,0.0,,0.003518026583609002
ht2.vwap_reversion,5w,SLV,2022-04-01 00:00:00+00:00,2022-05-09 00:00:00+00:00,0.0,,-0.11917322391157614
ht2.vwap_reversion,1d,SLV,2022-05-09 00:00:00+00:00,2022-05-10 00:00:00+00:00,1.0,0.0,-0.02396412546830262
ht2.vwap_reversion,1w,SLV,2022-05-09 00:00:00+00:00,2022-05-16 00:00:00+00:00,1.0,0.0,-0.004992530106921023
ht2.vwap_reversion,5w,SLV,2022-05-09 00:00:00+00:00,2022-06-14 00:00:00+00:00,1.0,0.0,-0.03295056539125074
ht2.vwap_reversion,1d,SLV,2022-06-14 00:00:00+00:00,2022-06-15 00:00:00+00:00,0.0,,0.03045938150112182
ht2.vwap_reversion,1w,SLV,2022-06-14 00:00:00+00:00,2022-06-22 00:00:00+00:00,0.0,,0.020134195805428634
ht2.vwap_reversion,5w,SLV,2022-06-14 00:00:00+00:00,2022-07-21 00:00:00+00:00,0.0,,-0.10170372407588868
ht2.vwap_reversion,1d,SLV,2022-07-21 00:00:00+00:00,2022-07-22 00:00:00+00:00,0.0,,-0.014942542217354249
ht2.vwap_reversion,1w,SLV,2022-07-21 00:00:00+00:00,2022-07-28 00:00:00+00:00,0.0,,0.059195443059010255
ht2.vwap_reversion,5w,SLV,2022-07-21 00:00:00+00:00,2022-08-25 00:00:00+00:00,0.0,,0.0189655132724611
ht2.vwap_reversion,1d,SLV,2022-08-25 00:00:00+00:00,2022-08-26 00:00:00+00:00,0.0,,-0.020868524615770934
ht2.vwap_reversion,1w,SLV,2022-08-25 00:00:00+00:00,2022-09-01 00:00:00+00:00,0.0,,-0.07614215546107383
ht2.vwap_reversion,5w,SLV,2022-08-25 00:00:00+00:00,2022-09-30 00:00:00+00:00,0.0,,-0.012972337742503837
ht2.vwap_reversion,1d,SLV,2022-09-30 00:00:00+00:00,2022-10-03 00:00:00+00:00,0.0,,0.09142859322684149
ht2.vwap_reversion,1w,SLV,2022-09-30 00:00:00+00:00,2022-10-07 00:00:00+00:00,0.0,,0.05714285714285716
ht2.vwap_reversion,5w,SLV,2022-09-30 00:00:00+00:00,2022-11-04 00:00:00+00:00,0.0,,0.10057144165039089
ht2.vwap_reversion,1d,SLV,2022-11-04 00:00:00+00:00,2022-11-07 00:00:00+00:00,-1.0,1.0,-0.005711350417670569
ht2.vwap_reversion,1w,SLV,2022-11-04 00:00:00+00:00,2022-11-11 00:00:00+00:00,-1.0,0.0,0.03582557247444407
ht2.vwap_reversion,5w,SLV,2022-11-04 00:00:00+00:00,2022-12-12 00:00:00+00:00,-1.0,0.0,0.11422631513221648
ht2.vwap_reversion,1d,SLV,2022-12-12 00:00:00+00:00,2022-12-13 00:00:00+00:00,0.0,,0.017241419152767223
ht2.vwap_reversion,1w,SLV,2022-12-12 00:00:00+00:00,2022-12-19 00:00:00+00:00,0.0,,-0.01584334854353575
ht2.vwap_reversion,5w,SLV,2022-12-12 00:00:00+00:00,2023-01-19 00:00:00+00:00,0.0,,0.023299162224185377
ht2.vwap_reversion,1d,SLV,2023-01-19 00:00:00+00:00,2023-01-20 00:00:00+00:00,0.0,,0.002732303087090715
ht2.vwap_reversion,1w,SLV,2023-01-19 00:00:00+00:00,2023-01-26 00:00:00+00:00,0.0,,0.0013661515435454685
ht2.vwap_reversion,5w,SLV,2023-01-19 00:00:00+00:00,2023-02-24 00:00:00+00:00,0.0,,-0.1306921243869298
ht2.vwap_reversion,1d,SLV,2023-02-24 00:00:00+00:00,2023-02-27 00:00:00+00:00,1.0,0.0,-0.008381343432855792
ht2.vwap_reversion,1w,SLV,2023-02-24 00:00:00+00:00,2023-03-03 00:00:00+00:00,1.0,1.0,0.024096337391086742
ht2.vwap_reversion,5w,SLV,2023-02-24 00:00:00+00:00,2023-03-31 00:00:00+00:00,1.0,1.0,0.1587218785975102
ht2.vwap_reversion,1d,SLV,2023-03-31 00:00:00+00:00,2023-04-03 00:00:00+00:00,0.0,,-0.002712539376788503
ht2.vwap_reversion,1w,SLV,2023-03-31 00:00:00+00:00,2023-04-10 00:00:00+00:00,0.0,,0.03435796983267836
ht2.vwap_reversion,5w,SLV,2023-03-31 00:00:00+00:00,2023-05-08 00:00:00+00:00,0.0,,0.06193484990537845
ht2.vwap_reversion,1d,SLV,2023-05-08 00:00:00+00:00,2023-05-09 00:00:00+00:00,0.0,,-0.0004257228173383254
ht2.vwap_reversion,1w,SLV,2023-05-08 00:00:00+00:00,2023-05-15 00:00:00+00:00,0.0,,-0.059174091238497706
ht2.vwap_reversion,5w,SLV,2023-05-08 00:00:00+00:00,2023-06-13 00:00:00+00:00,0.0,,-0.07449978786937628
ht2.vwap_reversion,1d,SLV,2023-06-13 00:00:00+00:00,2023-06-14 00:00:00+00:00,0.0,,0.010579555872023638
ht2.vwap_reversion,1w,SLV,2023-06-13 00:00:00+00:00,2023-06-21 00:00:00+00:00,0.0,,-0.04139832695517931
ht2.vwap_reversion,5w,SLV,2023-06-13 00:00:00+00:00,2023-07-20 00:00:00+00:00,0.0,,0.04323829549006808
ht2.vwap_reversion,1d,SLV,2023-07-20 00:00:00+00:00,2023-07-21 00:00:00+00:00,0.0,,-0.004850115029604307
ht2.vwap_reversion,1w,SLV,2023-07-20 00:00:00+00:00,2023-07-27 00:00:00+00:00,0.0,,-0.025132261338380313
ht2.vwap_reversion,5w,SLV,2023-07-20 00:00:00+00:00,2023-08-24 00:00:00+00:00,0.0,,-0.025132261338380313
ht2.vwap_reversion,1d,SLV,2023-08-24 00:00:00+00:00,2023-08-25 00:00:00+00:00,0.0,,0.004975065579664983
ht2.vwap_reversion,1w,SLV,2023-08-24 00:00:00+00:00,2023-08-31 00:00:00+00:00,0.0,,0.012663897402417579
ht2.vwap_reversion,5w,SLV,2023-08-24 00:00:00+00:00,2023-09-29 00:00:00+00:00,0.0,,-0.0800542925781278
ht2.vwap_reversion,1d,SLV,2023-09-29 00:00:00+00:00,2023-10-02 00:00:00+00:00,0.0,,-0.045231075191358494
ht2.vwap_reversion,1w,SLV,2023-09-29 00:00:00+00:00,2023-10-06 00:00:00+00:00,0.0,,-0.02999019694077787
ht2.vwap_reversion,5w,SLV,2023-09-29 00:00:00+00:00,2023-11-03 00:00:00+00:00,0.0,,0.043264461856684644
ht2.vwap_reversion,1d,SLV,2023-11-03 00:00:00+00:00,2023-11-06 00:00:00+00:00,0.0,,-0.006597520932073331
ht2.vwap_reversion,1w,SLV,2023-11-03 00:00:00+00:00,2023-11-10 00:00:00+00:00,0.0,,-0.041470272820074205
ht2.vwap_reversion,5w,SLV,2023-11-03 00:00:00+00:00,2023-12-11 00:00:00+00:00,0.0,,-0.014608834871511323
ht2.vwap_reversion,1d,SLV,2023-12-11 00:00:00+00:00,2023-12-12 00:00:00+00:00,0.0,,-0.003347665965329094
ht2.vwap_reversion,1w,SLV,2023-12-11 00:00:00+00:00,2023-12-18 00:00:00+00:00,0.0,,0.04256333793128109
ht2.vwap_reversion,5w,SLV,2023-12-11 00:00:00+00:00,2024-01-18 00:00:00+00:00,0.0,,-0.0047824190434943015
ht2.vwap_reversion,1d,SLV,2024-01-18 00:00:00+00:00,2024-01-19 00:00:00+00:00,0.0,,-0.006727505681946799
ht2.vwap_reversion,1w,SLV,2024-01-18 00:00:00+00:00,2024-01-25 00:00:00+00:00,0.0,,0.006247048123571242
ht2.vwap_reversion,5w,SLV,2024-01-18 00:00:00+00:00,2024-02-23 00:00:00+00:00,0.0,,0.008649702537012027
ht2.vwap_reversion,1d,SLV,2024-02-23 00:00:00+00:00,2024-02-26 00:00:00+00:00,0.0,,-0.017627390944228494
ht2.vwap_reversion,1w,SLV,2024-02-23 00:00:00+00:00,2024-03-01 00:00:00+00:00,0.0,,0.008575526781255949
ht2.vwap_reversion,5w,SLV,2024-02-23 00:00:00+00:00,2024-04-01 00:00:00+00:00,0.0,,0.08909008383156247
ht2.vwap_reversion,1d,SLV,2024-04-01 00:00:00+00:00,2024-04-02 00:00:00+00:00,0.0,,0.042869620125581376
ht2.vwap_reversion,1w,SLV,2024-04-01 00:00:00+00:00,2024-04-08 00:00:00+00:00,0.0,,0.11111106475773891
ht2.vwap_reversion,5w,SLV,2024-04-01 00:00:00+00:00,2024-05-06 00:00:00+00:00,0.0,,0.09667537294255002
ht2.vwap_reversion,1d,SLV,2024-05-06 00:00:00+00:00,2024-05-07 00:00:00+00:00,0.0,,-0.0059832317653055744
ht2.vwap_reversion,1w,SLV,2024-05-06 00:00:00+00:00,2024-05-13 00:00:00+00:00,0.0,,0.02911845038382821
ht2.vwap_reversion,5w,SLV,2024-05-06 00:00:00+00:00,2024-06-11 00:00:00+00:00,0.0,,0.06541680931839111
ht2.vwap_reversion,1d,SLV,2024-06-11 00:00:00+00:00,2024-06-12 00:00:00+00:00,0.0,,0.011980592030752968
ht2.vwap_reversion,1w,SLV,2024-06-11 00:00:00+00:00,2024-06-18 00:00:00+00:00,0.0,,0.00935979066151793
ht2.vwap_reversion,5w,SLV,2024-06-11 00:00:00+00:00,2024-07-18 00:00:00+00:00,0.0,,0.018345252536966505
ht2.vwap_reversion,1d,SLV,2024-07-18 00:00:00+00:00,2024-07-19 00:00:00+00:00,1.0,0.0,-0.01875000788884984
ht2.vwap_reversion,1w,SLV,2024-07-18 00:00:00+00:00,2024-07-25 00:00:00+00:00,1.0,0.0,-0.0658088553426166
ht2.vwap_reversion,5w,SLV,2024-07-18 00:00:00+00:00,2024-08-22 00:00:00+00:00,1.0,0.0,-0.029779461418054654
ht2.vwap_reversion,1d,SLV,2024-08-22 00:00:00+00:00,2024-08-23 00:00:00+00:00,0.0,,0.030693497234741685
ht2.vwap_reversion,1w,SLV,2024-08-22 00:00:00+00:00,2024-08-29 00:00:00+00:00,0.0,,0.01591512262249939
ht2.vwap_reversion,5w,SLV,2024-08-22 00:00:00+00:00,2024-09-27 00:00:00+00:00,0.0,,0.09359610753427994
ht2.vwap_reversion,1d,SLV,2024-09-27 00:00:00+00:00,2024-09-30 00:00:00+00:00,0.0,,-0.01559254169863189
ht2.vwap_reversion,1w,SLV,2024-09-27 00:00:00+00:00,2024-10-04 00:00:00+00:00,0.0,,0.017325016958615658
ht2.vwap_reversion,5w,SLV,2024-09-27 00:00:00+00:00,2024-11-01 00:00:00+00:00,0.0,,0.023562033638068636
ht2.vwap_reversion,1d,SLV,2024-11-01 00:00:00+00:00,2024-11-04 00:00:00+00:00,0.0,,0.0030466568195652854
ht2.vwap_reversion,1w,SLV,2024-11-01 00:00:00+00:00,2024-11-08 00:00:00+00:00,0.0,,-0.0358835931089575
ht2.vwap_reversion,5w,SLV,2024-11-01 00:00:00+00:00,2024-12-09 00:00:00+00:00,0.0,,-0.018957391873222873
ht2.vwap_reversion,1d,SLV,2024-12-09 00:00:00+00:00,2024-12-10 00:00:00+00:00,0.0,,0.00034507346583145804
ht2.vwap_reversion,1w,SLV,2024-12-09 00:00:00+00:00,2024-12-16 00:00:00+00:00,0.0,,-0.040717747543646876
ht2.vwap_reversion,5w,SLV,2024-12-09 00:00:00+00:00,2025-01-16 00:00:00+00:00,0.0,,-0.0324361159957578
ht2.vwap_reversion,1d,SLV,2025-01-16 00:00:00+00:00,2025-01-17 00:00:00+00:00,0.0,,-0.015335245760911165
ht2.vwap_reversion,1w,SLV,2025-01-16 00:00:00+00:00,2025-01-24 00:00:00+00:00,0.0,,-0.0046362718926747926
ht2.vwap_reversion,5w,SLV,2025-01-16 00:00:00+00:00,2025-02-24 00:00:00+00:00,0.0,,0.049928658089130495
ht2.vwap_reversion,1d,SLV,2025-02-24 00:00:00+00:00,2025-02-25 00:00:00+00:00,0.0,,-0.020720129051828184
ht2.vwap_reversion,1w,SLV,2025-02-24 00:00:00+00:00,2025-03-03 00:00:00+00:00,0.0,,-0.023437517715374723
ht2.vwap_reversion,5w,SLV,2025-02-24 00:00:00+00:00,2025-03-31 00:00:00+00:00,0.0,,0.05264942965158692
ht2.vwap_reversion,1d,SLV,2025-03-31 00:00:00+00:00,2025-04-01 00:00:00+00:00,0.0,,-0.011616670313340016
ht2.vwap_reversion,1w,SLV,2025-03-31 00:00:00+00:00,2025-04-07 00:00:00+00:00,0.0,,-0.12423363697659073
ht2.vwap_reversion,5w,SLV,2025-03-31 00:00:00+00:00,2025-05-06 00:00:00+00:00,0.0,,-0.024846739704764254
ht2.vwap_reversion,1d,SLV,2025-05-06 00:00:00+00:00,2025-05-07 00:00:00+00:00,0.0,,-0.024156173356156607
ht2.vwap_reversion,1w,SLV,2025-05-06 00:00:00+00:00,2025-05-13 00:00:00+00:00,0.0,,-0.009596261243148163
ht2.vwap_reversion,5w,SLV,2025-05-06 00:00:00+00:00,2025-06-11 00:00:00+00:00,0.0,,0.09033757483834726
ht2.vwap_reversion,1d,SLV,2025-06-11 00:00:00+00:00,2025-06-12 00:00:00+00:00,0.0,,0.0033384099485449514
ht2.vwap_reversion,1w,SLV,2025-06-11 00:00:00+00:00,2025-06-18 00:00:00+00:00,0.0,,0.00971167488360547
ht2.vwap_reversion,5w,SLV,2025-06-11 00:00:00+00:00,2025-07-18 00:00:00+00:00,0.0,,0.05037935687331441
ht2.vwap_reversion,1d,SLV,2025-07-18 00:00:00+00:00,2025-07-21 00:00:00+00:00,0.0,,0.021381041627263286
ht2.vwap_reversion,1w,SLV,2025-07-18 00:00:00+00:00,2025-07-25 00:00:00+00:00,0.0,,0.0014446471013811468
ht2.vwap_reversion,5w,SLV,2025-07-18 00:00:00+00:00,2025-08-22 00:00:00+00:00,0.0,,0.021092156294790554
ht2.vwap_reversion,1d,SLV,2025-08-22 00:00:00+00:00,2025-08-25 00:00:00+00:00,-1.0,1.0,-0.009054886628255598
ht2.vwap_reversion,1w,SLV,2025-08-22 00:00:00+00:00,2025-08-29 00:00:00+00:00,-1.0,0.0,0.02405202236703574
ht2.vwap_reversion,5w,SLV,2025-08-22 00:00:00+00:00,2025-09-29 00:00:00+00:00,-1.0,0.0,0.2026032772070545
ht2.vwap_reversion,1d,SLV,2025-09-29 00:00:00+00:00,2025-09-30 00:00:00+00:00,0.0,,-0.003058848661534941
ht2.vwap_reversion,1w,SLV,2025-09-29 00:00:00+00:00,2025-10-06 00:00:00+00:00,0.0,,0.03670591466567097
ht2.vwap_reversion,5w,SLV,2025-09-29 00:00:00+00:00,2025-11-03 00:00:00+00:00,0.0,,0.02964701933019298
ht2.vwap_reversion,1d,SLV,2025-11-03 00:00:00+00:00,2025-11-04 00:00:00+00:00,0.0,,-0.023308882134131403
ht2.vwap_reversion,1w,SLV,2025-11-03 00:00:00+00:00,2025-11-10 00:00:00+00:00,0.0,,0.046389457766391695
ht2.vwap_reversion,5w,SLV,2025-11-03 00:00:00+00:00,2025-12-09 00:00:00+00:00,0.0,,0.2607404087078662
ht2.vwap_reversion,1d,SLV,2025-12-09 00:00:00+00:00,2025-12-10 00:00:00+00:00,0.0,,0.01631324190229
ht2.vwap_reversion,1w,SLV,2025-12-09 00:00:00+00:00,2025-12-16 00:00:00+00:00,0.0,,0.046402056520857604
ht2.vwap_reversion,5w,SLV,2025-12-09 00:00:00+00:00,2026-01-15 00:00:00+00:00,0.0,,0.5102411176392658
ht2.vwap_reversion,1d,SLV,2026-01-15 00:00:00+00:00,2026-01-16 00:00:00+00:00,0.0,,-0.027604453434733833
ht2.vwap_reversion,1w,SLV,2026-01-15 00:00:00+00:00,2026-01-23 00:00:00+00:00,0.0,,0.11509846378313027
ht2.vwap_reversion,5w,SLV,2026-01-15 00:00:00+00:00,2026-02-23 00:00:00+00:00,0.0,,-0.03300528096582345
ht2.vwap_reversion,1d,SLV,2026-02-23 00:00:00+00:00,2026-02-24 00:00:00+00:00,0.0,,-0.018493209251746467
ht2.vwap_reversion,1w,SLV,2026-02-23 00:00:00+00:00,2026-03-02 00:00:00+00:00,0.0,,0.012411567627997
ht2.vwap_reversion,5w,SLV,2026-02-23 00:00:00+00:00,2026-03-30 00:00:00+00:00,0.0,,-0.21161721858807248
ht2.vwap_reversion,1d,SLV,2026-03-30 00:00:00+00:00,2026-03-31 00:00:00+00:00,0.0,,0.07273298014153418
ht2.vwap_reversion,1w,SLV,2026-03-30 00:00:00+00:00,2026-04-07 00:00:00+00:00,0.0,,0.038098267729889335
ht2.vwap_reversion,5w,SLV,2026-03-30 00:00:00+00:00,2026-05-05 00:00:00+00:00,0.0,,0.0376259947594757
ht2.vwap_reversion,1d,SLV,2026-05-05 00:00:00+00:00,2026-05-06 00:00:00+00:00,0.0,,0.0640266022885172
ht2.vwap_reversion,1w,SLV,2026-05-05 00:00:00+00:00,2026-05-12 00:00:00+00:00,0.0,,0.19177664523352123
ht2.vwap_reversion,5w,SLV,2026-05-05 00:00:00+00:00,2026-06-10 00:00:00+00:00,0.0,,-0.12517073822346125
ht2.vwap_reversion,1d,SLV,2026-06-10 00:00:00+00:00,2026-06-11 00:00:00+00:00,0.0,,0.05480402108523319
ht2.vwap_reversion,1w,SLV,2026-06-10 00:00:00+00:00,2026-06-17 00:00:00+00:00,0.0,,0.05116199741148386
ht2.vwap_reversion,5w,SLV,2026-06-10 00:00:00+00:00,2026-07-17 00:00:00+00:00,0.0,,-0.11932017145893237
ht2.vwap_reversion,1d,SLV,2026-07-17 00:00:00+00:00,2026-07-20 00:00:00+00:00,0.0,,0.0039385736066812616
ht2.vwap_reversion,1w,SLV,2026-07-17 00:00:00+00:00,2026-07-24 00:00:00+00:00,0.0,,0.035643982213503955
ht2.vwap_reversion,5w,SLV,2026-07-17 00:00:00+00:00,2026-08-21 00:00:00+00:00,0.0,,0.23513199543979124
ht2.vwap_reversion,1d,SPY,2017-11-16 00:00:00+00:00,2017-11-17 00:00:00+00:00,0.0,,-0.002938626062113814
ht2.vwap_reversion,1w,SPY,2017-11-16 00:00:00+00:00,2017-11-24 00:00:00+00:00,0.0,,0.006728179014428237
ht2.vwap_reversion,5w,SPY,2017-11-16 00:00:00+00:00,2017-12-22 00:00:00+00:00,0.0,,0.0396617584187684
ht2.vwap_reversion,1d,SPY,2017-12-22 00:00:00+00:00,2017-12-26 00:00:00+00:00,0.0,,-0.0011958933933094995
ht2.vwap_reversion,1w,SPY,2017-12-22 00:00:00+00:00,2018-01-02 00:00:00+00:00,0.0,,0.004710543899540509
ht2.vwap_reversion,5w,SPY,2017-12-22 00:00:00+00:00,2018-01-31 00:00:00+00:00,0.0,,0.053792592088209634
ht2.vwap_reversion,1d,SPY,2018-01-31 00:00:00+00:00,2018-02-01 00:00:00+00:00,0.0,,-0.001135093655399877
ht2.vwap_reversion,1w,SPY,2018-01-31 00:00:00+00:00,2018-02-07 00:00:00+00:00,0.0,,-0.05047868151072399
ht2.vwap_reversion,5w,SPY,2018-01-31 00:00:00+00:00,2018-03-08 00:00:00+00:00,0.0,,-0.027669279704463756
ht2.vwap_reversion,1d,SPY,2018-03-08 00:00:00+00:00,2018-03-09 00:00:00+00:00,0.0,,0.01740235989996264
ht2.vwap_reversion,1w,SPY,2018-03-08 00:00:00+00:00,2018-03-15 00:00:00+00:00,0.0,,0.0032836065074799414
ht2.vwap_reversion,5w,SPY,2018-03-08 00:00:00+00:00,2018-04-13 00:00:00+00:00,0.0,,-0.028778084686521876
ht2.vwap_reversion,1d,SPY,2018-04-13 00:00:00+00:00,2018-04-16 00:00:00+00:00,0.0,,0.008221946191400598
ht2.vwap_reversion,1w,SPY,2018-04-13 00:00:00+00:00,2018-04-20 00:00:00+00:00,0.0,,0.005506346985977073
ht2.vwap_reversion,5w,SPY,2018-04-13 00:00:00+00:00,2018-05-18 00:00:00+00:00,0.0,,0.023307222848822917
ht2.vwap_reversion,1d,SPY,2018-05-18 00:00:00+00:00,2018-05-21 00:00:00+00:00,0.0,,0.007518834890354764
ht2.vwap_reversion,1w,SPY,2018-05-18 00:00:00+00:00,2018-05-25 00:00:00+00:00,0.0,,0.003022144785535419
ht2.vwap_reversion,5w,SPY,2018-05-18 00:00:00+00:00,2018-06-25 00:00:00+00:00,0.0,,0.0032689976192643577
ht2.vwap_reversion,1d,SPY,2018-06-25 00:00:00+00:00,2018-06-26 00:00:00+00:00,1.0,1.0,0.002214182136433429
ht2.vwap_reversion,1w,SPY,2018-06-25 00:00:00+00:00,2018-07-02 00:00:00+00:00,1.0,1.0,0.003173256174965333
ht2.vwap_reversion,5w,SPY,2018-06-25 00:00:00+00:00,2018-07-31 00:00:00+00:00,1.0,1.0,0.03811812134178516
ht2.vwap_reversion,1d,SPY,2018-07-31 00:00:00+00:00,2018-08-01 00:00:00+00:00,0.0,,-0.0016709209521331703
ht2.vwap_reversion,1w,SPY,2018-07-31 00:00:00+00:00,2018-08-07 00:00:00+00:00,0.0,,0.015107022009158477
ht2.vwap_reversion,5w,SPY,2018-07-31 00:00:00+00:00,2018-09-05 00:00:00+00:00,0.0,,0.02736999884586644
ht2.vwap_reversion,1d,SPY,2018-09-05 00:00:00+00:00,2018-09-06 00:00:00+00:00,0.0,,-0.0030101871607405295
ht2.vwap_reversion,1w,SPY,2018-09-05 00:00:00+00:00,2018-09-12 00:00:00+00:00,0.0,,0.00031131642664306014
ht2.vwap_reversion,5w,SPY,2018-09-05 00:00:00+00:00,2018-10-10 00:00:00+00:00,0.0,,-0.03276532346438599
ht2.vwap_reversion,1d,SPY,2018-10-10 00:00:00+00:00,2018-10-11 00:00:00+00:00,1.0,0.0,-0.02202651835065428
ht2.vwap_reversion,1w,SPY,2018-10-10 00:00:00+00:00,2018-10-17 00:00:00+00:00,1.0,1.0,0.007725436187906887
ht2.vwap_reversion,5w,SPY,2018-10-10 00:00:00+00:00,2018-11-14 00:00:00+00:00,1.0,0.0,-0.029105455693221427
ht2.vwap_reversion,1d,SPY,2018-11-14 00:00:00+00:00,2018-11-15 00:00:00+00:00,0.0,,0.01043660035301075
ht2.vwap_reversion,1w,SPY,2018-11-14 00:00:00+00:00,2018-11-21 00:00:00+00:00,0.0,,-0.019170753568427568
ht2.vwap_reversion,5w,SPY,2018-11-14 00:00:00+00:00,2018-12-21 00:00:00+00:00,0.0,,-0.10397626682525352
ht2.vwap_reversion,1d,SPY,2018-12-21 00:00:00+00:00,2018-12-24 00:00:00+00:00,0.0,,-0.02642294311572324
ht2.vwap_reversion,1w,SPY,2018-12-21 00:00:00+00:00,2018-12-31 00:00:00+00:00,0.0,,0.03830497290094459
ht2.vwap_reversion,5w,SPY,2018-12-21 00:00:00+00:00,2019-01-30 00:00:00+00:00,0.0,,0.11167445531543563
ht2.vwap_reversion,1d,SPY,2019-01-30 00:00:00+00:00,2019-01-31 00:00:00+00:00,-1.0,0.0,0.008782172107752562
ht2.vwap_reversion,1w,SPY,2019-01-30 00:00:00+00:00,2019-02-06 00:00:00+00:00,-1.0,0.0,0.019283742693130268
ht2.vwap_reversion,5w,SPY,2019-01-30 00:00:00+00:00,2019-03-07 00:00:00+00:00,-1.0,0.0,0.027767204933009326
ht2.vwap_reversion,1d,SPY,2019-03-07 00:00:00+00:00,2019-03-08 00:00:00+00:00,1.0,0.0,-0.002000054580209909
ht2.vwap_reversion,1w,SPY,2019-03-07 00:00:00+00:00,2019-03-14 00:00:00+00:00,1.0,1.0,0.02236300057185181
ht2.vwap_reversion,5w,SPY,2019-03-07 00:00:00+00:00,2019-04-11 00:00:00+00:00,1.0,1.0,0.05261420598819333
ht2.vwap_reversion,1d,SPY,2019-04-11 00:00:00+00:00,2019-04-12 00:00:00+00:00,0.0,,0.006766339672679145
ht2.vwap_reversion,1w,SPY,2019-04-11 00:00:00+00:00,2019-04-18 00:00:00+00:00,0.0,,0.006280344500340984
ht2.vwap_reversion,5w,SPY,2019-04-11 00:00:00+00:00,2019-05-17 00:00:00+00:00,0.0,,-0.008222911042731873
ht2.vwap_reversion,1d,SPY,2019-05-17 00:00:00+00:00,2019-05-20 00:00:00+00:00,0.0,,-0.00661218331387825
ht2.vwap_reversion,1w,SPY,2019-05-17 00:00:00+00:00,2019-05-24 00:00:00+00:00,0.0,,-0.010705207663965766
ht2.vwap_reversion,5w,SPY,2019-05-17 00:00:00+00:00,2019-06-24 00:00:00+00:00,0.0,,0.032284351152294555
ht2.vwap_reversion,1d,SPY,2019-06-24 00:00:00+00:00,2019-06-25 00:00:00+00:00,0.0,,-0.009807880329747887
ht2.vwap_reversion,1w,SPY,2019-06-24 00:00:00+00:00,2019-07-01 00:00:00+00:00,0.0,,0.0068792254160696675
ht2.vwap_reversion,5w,SPY,2019-06-24 00:00:00+00:00,2019-07-30 00:00:00+00:00,0.0,,0.024111130269950154
ht2.vwap_reversion,1d,SPY,2019-07-30 00:00:00+00:00,2019-07-31 00:00:00+00:00,0.0,,-0.01094033836292696
ht2.vwap_reversion,1w,SPY,2019-07-30 00:00:00+00:00,2019-08-06 00:00:00+00:00,0.0,,-0.042963338284024655
ht2.vwap_reversion,5w,SPY,2019-07-30 00:00:00+00:00,2019-09-04 00:00:00+00:00,0.0,,-0.022213257976723577
ht2.vwap_reversion,1d,SPY,2019-09-04 00:00:00+00:00,2019-09-05 00:00:00+00:00,0.0,,0.012855423699063007
ht2.vwap_reversion,1w,SPY,2019-09-04 00:00:00+00:00,2019-09-11 00:00:00+00:00,0.0,,0.02111951790925426
ht2.vwap_reversion,5w,SPY,2019-09-04 00:00:00+00:00,2019-10-09 00:00:00+00:00,0.0,,-0.004846288399450005
ht2.vwap_reversion,1d,SPY,2019-10-09 00:00:00+00:00,2019-10-10 00:00:00+00:00,0.0,,0.006763670949343048
ht2.vwap_reversion,1w,SPY,2019-10-09 00:00:00+00:00,2019-10-16 00:00:00+00:00,0.0,,0.024479279348793126
ht2.vwap_reversion,5w,SPY,2019-10-09 00:00:00+00:00,2019-11-13 00:00:00+00:00,0.0,,0.06121494727963661
ht2.vwap_reversion,1d,SPY,2019-11-13 00:00:00+00:00,2019-11-14 00:00:00+00:00,0.0,,0.0014557152989211897
ht2.vwap_reversion,1w,SPY,2019-11-13 00:00:00+00:00,2019-11-20 00:00:00+00:00,0.0,,0.005402604221770302
ht2.vwap_reversion,5w,SPY,2019-11-13 00:00:00+00:00,2019-12-19 00:00:00+00:00,0.0,,0.03817535546055417
ht2.vwap_reversion,1d,SPY,2019-12-19 00:00:00+00:00,2019-12-20 00:00:00+00:00,0.0,,0.004384165086839253
ht2.vwap_reversion,1w,SPY,2019-12-19 00:00:00+00:00,2019-12-27 00:00:00+00:00,0.0,,0.011054353120719007
ht2.vwap_reversion,5w,SPY,2019-12-19 00:00:00+00:00,2020-01-28 00:00:00+00:00,0.0,,0.023674554375452628
ht2.vwap_reversion,1d,SPY,2020-01-28 00:00:00+00:00,2020-01-29 00:00:00+00:00,0.0,,-0.0008260129874027022
ht2.vwap_reversion,1w,SPY,2020-01-28 00:00:00+00:00,2020-02-04 00:00:00+00:00,0.0,,0.006638317641476377
ht2.vwap_reversion,5w,SPY,2020-01-28 00:00:00+00:00,2020-03-04 00:00:00+00:00,0.0,,-0.04291969627712411
ht2.vwap_reversion,1d,SPY,2020-03-04 00:00:00+00:00,2020-03-05 00:00:00+00:00,0.0,,-0.033241691476601054
ht2.vwap_reversion,1w,SPY,2020-03-04 00:00:00+00:00,2020-03-11 00:00:00+00:00,0.0,,-0.12305848730902447
ht2.vwap_reversion,5w,SPY,2020-03-04 00:00:00+00:00,2020-04-08 00:00:00+00:00,0.0,,-0.11896258750003075
ht2.vwap_reversion,1d,SPY,2020-04-08 00:00:00+00:00,2020-04-09 00:00:00+00:00,0.0,,0.015217586699445063
ht2.vwap_reversion,1w,SPY,2020-04-08 00:00:00+00:00,2020-04-16 00:00:00+00:00,0.0,,0.018501610583697037
ht2.vwap_reversion,5w,SPY,2020-04-08 00:00:00+00:00,2020-05-14 00:00:00+00:00,0.0,,0.0399226774071304
ht2.vwap_reversion,1d,SPY,2020-05-14 00:00:00+00:00,2020-05-15 00:00:00+00:00,0.0,,0.004596970820716528
ht2.vwap_reversion,1w,SPY,2020-05-14 00:00:00+00:00,2020-05-21 00:00:00+00:00,0.0,,0.03477593592412753
ht2.vwap_reversion,5w,SPY,2020-05-14 00:00:00+00:00,2020-06-19 00:00:00+00:00,0.0,,0.08782786179187019
ht2.vwap_reversion,1d,SPY,2020-06-19 00:00:00+00:00,2020-06-22 00:00:00+00:00,0.0,,0.006414862949490452
ht2.vwap_reversion,1w,SPY,2020-06-19 00:00:00+00:00,2020-06-26 00:00:00+00:00,0.0,,-0.02783216907854824
ht2.vwap_reversion,5w,SPY,2020-06-19 00:00:00+00:00,2020-07-27 00:00:00+00:00,0.0,,0.04723909972027185
ht2.vwap_reversion,1d,SPY,2020-07-27 00:00:00+00:00,2020-07-28 00:00:00+00:00,0.0,,-0.006342239159010443
ht2.vwap_reversion,1w,SPY,2020-07-27 00:00:00+00:00,2020-08-03 00:00:00+00:00,0.0,,0.017233030537379124
ht2.vwap_reversion,5w,SPY,2020-07-27 00:00:00+00:00,2020-08-31 00:00:00+00:00,0.0,,0.08071888552934992
ht2.vwap_reversion,1d,SPY,2020-08-31 00:00:00+00:00,2020-09-01 00:00:00+00:00,0.0,,0.00941859453558136
ht2.vwap_reversion,1w,SPY,2020-08-31 00:00:00+00:00,2020-09-08 00:00:00+00:00,0.0,,-0.04609078663350963
ht2.vwap_reversion,5w,SPY,2020-08-31 00:00:00+00:00,2020-10-06 00:00:00+00:00,0.0,,-0.0373284892443827
ht2.vwap_reversion,1d,SPY,2020-10-06 00:00:00+00:00,2020-10-07 00:00:00+00:00,0.0,,0.017406589360766445
ht2.vwap_reversion,1w,SPY,2020-10-06 00:00:00+00:00,2020-10-13 00:00:00+00:00,0.0,,0.045382404831781464
ht2.vwap_reversion,5w,SPY,2020-10-06 00:00:00+00:00,2020-11-10 00:00:00+00:00,0.0,,0.05705663446063802
ht2.vwap_reversion,1d,SPY,2020-11-10 00:00:00+00:00,2020-11-11 00:00:00+00:00,0.0,,0.0074286390850288875
ht2.vwap_reversion,1w,SPY,2020-11-10 00:00:00+00:00,2020-11-17 00:00:00+00:00,0.0,,0.018585441981790796
ht2.vwap_reversion,5w,SPY,2020-11-10 00:00:00+00:00,2020-12-16 00:00:00+00:00,0.0,,0.045560138200301026
ht2.vwap_reversion,1d,SPY,2020-12-16 00:00:00+00:00,2020-12-17 00:00:00+00:00,0.0,,0.005591717424603626
ht2.vwap_reversion,1w,SPY,2020-12-16 00:00:00+00:00,2020-12-23 00:00:00+00:00,0.0,,-0.0027916679558444013
ht2.vwap_reversion,5w,SPY,2020-12-16 00:00:00+00:00,2021-01-25 00:00:00+00:00,0.0,,0.042840854953549945
ht2.vwap_reversion,1d,SPY,2021-01-25 00:00:00+00:00,2021-01-26 00:00:00+00:00,0.0,,-0.0015606689201587143
ht2.vwap_reversion,1w,SPY,2021-01-25 00:00:00+00:00,2021-02-01 00:00:00+00:00,0.0,,-0.02122836349247148
ht2.vwap_reversion,5w,SPY,2021-01-25 00:00:00+00:00,2021-03-02 00:00:00+00:00,0.0,,0.00559337311230701
ht2.vwap_reversion,1d,SPY,2021-03-02 00:00:00+00:00,2021-03-03 00:00:00+00:00,0.0,,-0.013245677849687443
ht2.vwap_reversion,1w,SPY,2021-03-02 00:00:00+00:00,2021-03-09 00:00:00+00:00,0.0,,0.0016298723140564242
ht2.vwap_reversion,5w,SPY,2021-03-02 00:00:00+00:00,2021-04-07 00:00:00+00:00,0.0,,0.05531541247528704
ht2.vwap_reversion,1d,SPY,2021-04-07 00:00:00+00:00,2021-04-08 00:00:00+00:00,0.0,,0.004746845514252751
ht2.vwap_reversion,1w,SPY,2021-04-07 00:00:00+00:00,2021-04-14 00:00:00+00:00,0.0,,0.011953001105174721
ht2.vwap_reversion,5w,SPY,2021-04-07 00:00:00+00:00,2021-05-12 00:00:00+00:00,0.0,,-0.002902201817314265
ht2.vwap_reversion,1d,SPY,2021-05-12 00:00:00+00:00,2021-05-13 00:00:00+00:00,1.0,1.0,0.012012598995280177
ht2.vwap_reversion,1w,SPY,2021-05-12 00:00:00+00:00,2021-05-19 00:00:00+00:00,1.0,1.0,0.013443157053522059
ht2.vwap_reversion,5w,SPY,2021-05-12 00:00:00+00:00,2021-06-17 00:00:00+00:00,1.0,1.0,0.04084750706834961
ht2.vwap_reversion,1d,SPY,2021-06-17 00:00:00+00:00,2021-06-18 00:00:00+00:00,0.0,,-0.01349038304331418
ht2.vwap_reversion,1w,SPY,2021-06-17 00:00:00+00:00,2021-06-24 00:00:00+00:00,0.0,,0.010713679621510597
ht2.vwap_reversion,5w,SPY,2021-06-17 00:00:00+00:00,2021-07-23 00:00:00+00:00,0.0,,0.045996918586624025
ht2.vwap_reversion,1d,SPY,2021-07-23 00:00:00+00:00,2021-07-26 00:00:00+00:00,0.0,,0.002454727554854985
ht2.vwap_reversion,1w,SPY,2021-07-23 00:00:00+00:00,2021-07-30 00:00:00+00:00,0.0,,-0.003250357940899673
ht2.vwap_reversion,5w,SPY,2021-07-23 00:00:00+00:00,2021-08-27 00:00:00+00:00,0.0,,0.02343502583163981
ht2.vwap_reversion,1d,SPY,2021-08-27 00:00:00+00:00,2021-08-30 00:00:00+00:00,0.0,,0.004397670172489043
ht2.vwap_reversion,1w,SPY,2021-08-27 00:00:00+00:00,2021-09-03 00:00:00+00:00,0.0,,0.006285286750706831
ht2.vwap_reversion,5w,SPY,2021-08-27 00:00:00+00:00,2021-10-04 00:00:00+00:00,0.0,,-0.044945710627196434
ht2.vwap_reversion,1d,SPY,2021-10-04 00:00:00+00:00,2021-10-05 00:00:00+00:00,0.0,,0.010405119375530347
ht2.vwap_reversion,1w,SPY,2021-10-04 00:00:00+00:00,2021-10-11 00:00:00+00:00,0.0,,0.014114502556080932
ht2.vwap_reversion,5w,SPY,2021-10-04 00:00:00+00:00,2021-11-08 00:00:00+00:00,0.0,,0.09399498465212441
ht2.vwap_reversion,1d,SPY,2021-11-08 00:00:00+00:00,2021-11-09 00:00:00+00:00,0.0,,-0.003305581716791073
ht2.vwap_reversion,1w,SPY,2021-11-08 00:00:00+00:00,2021-11-15 00:00:00+00:00,0.0,,-0.003198623156674074
ht2.vwap_reversion,5w,SPY,2021-11-08 00:00:00+00:00,2021-12-14 00:00:00+00:00,0.0,,-0.011878091673272584
ht2.vwap_reversion,1d,SPY,2021-12-14 00:00:00+00:00,2021-12-15 00:00:00+00:00,0.0,,0.015625179997409422
ht2.vwap_reversion,1w,SPY,2021-12-14 00:00:00+00:00,2021-12-21 00:00:00+00:00,0.0,,0.002863521714466133
ht2.vwap_reversion,5w,SPY,2021-12-14 00:00:00+00:00,2022-01-20 00:00:00+00:00,0.0,,-0.032459521128921254
ht2.vwap_reversion,1d,SPY,2022-01-20 00:00:00+00:00,2022-01-21 00:00:00+00:00,0.0,,-0.019630669253529742
ht2.vwap_reversion,1w,SPY,2022-01-20 00:00:00+00:00,2022-01-27 00:00:00+00:00,0.0,,-0.034717485109129864
ht2.vwap_reversion,5w,SPY,2022-01-20 00:00:00+00:00,2022-02-25 00:00:00+00:00,0.0,,-0.020145471842599738
ht2.vwap_reversion,1d,SPY,2022-02-25 00:00:00+00:00,2022-02-28 00:00:00+00:00,0.0,,-0.0025585467999493794
ht2.vwap_reversion,1w,SPY,2022-02-25 00:00:00+00:00,2022-03-04 00:00:00+00:00,0.0,,-0.012746796926424553
ht2.vwap_reversion,5w,SPY,2022-02-25 00:00:00+00:00,2022-04-01 00:00:00+00:00,0.0,,0.03786859685357724
ht2.vwap_reversion,1d,SPY,2022-04-01 00:00:00+00:00,2022-04-04 00:00:00+00:00,0.0,,0.008566711208434441
ht2.vwap_reversion,1w,SPY,2022-04-01 00:00:00+00:00,2022-04-08 00:00:00+00:00,0.0,,-0.0118118971494936
ht2.vwap_reversion,5w,SPY,2022-04-01 00:00:00+00:00,2022-05-09 00:00:00+00:00,0.0,,-0.12088199839147074
ht2.vwap_reversion,1d,SPY,2022-05-09 00:00:00+00:00,2022-05-10 00:00:00+00:00,1.0,1.0,0.0023104410301584277
ht2.vwap_reversion,1w,SPY,2022-05-09 00:00:00+00:00,2022-05-16 00:00:00+00:00,1.0,1.0,0.0048219453244344734
ht2.vwap_reversion,5w,SPY,2022-05-09 00:00:00+00:00,2022-06-14 00:00:00+00:00,1.0,0.0,-0.061029359459214505
ht2.vwap_reversion,1d,SPY,2022-06-14 00:00:00+00:00,2022-06-15 00:00:00+00:00,0.0,,0.01425635458805452
ht2.vwap_reversion,1w,SPY,2022-06-14 00:00:00+00:00,2022-06-22 00:00:00+00:00,0.0,,0.005716603949291965
ht2.vwap_reversion,5w,SPY,2022-06-14 00:00:00+00:00,2022-07-21 00:00:00+00:00,0.0,,0.07126196836387555
ht2.vwap_reversion,1d,SPY,2022-07-21 00:00:00+00:00,2022-07-22 00:00:00+00:00,0.0,,-0.009278367576936453
ht2.vwap_reversion,1w,SPY,2022-07-21 00:00:00+00:00,2022-07-28 00:00:00+00:00,0.0,,0.018255128265675546
ht2.vwap_reversion,5w,SPY,2022-07-21 00:00:00+00:00,2022-08-25 00:00:00+00:00,0.0,,0.05195703393521511
ht2.vwap_reversion,1d,SPY,2022-08-25 00:00:00+00:00,2022-08-26 00:00:00+00:00,0.0,,-0.03384892578808485
ht2.vwap_reversion,1w,SPY,2022-08-25 00:00:00+00:00,2022-09-01 00:00:00+00:00,0.0,,-0.055040391153852286
ht2.vwap_reversion,5w,SPY,2022-08-25 00:00:00+00:00,2022-09-30 00:00:00+00:00,0.0,,-0.14508069328631368
ht2.vwap_reversion,1d,SPY,2022-09-30 00:00:00+00:00,2022-10-03 00:00:00+00:00,0.0,,0.02640140013218928
ht2.vwap_reversion,1w,SPY,2022-09-30 00:00:00+00:00,2022-10-07 00:00:00+00:00,0.0,,0.015706514426138796
ht2.vwap_reversion,5w,SPY,2022-09-30 00:00:00+00:00,2022-11-04 00:00:00+00:00,0.0,,0.05367038743220309
ht2.vwap_reversion,1d,SPY,2022-11-04 00:00:00+00:00,2022-11-07 00:00:00+00:00,0.0,,0.009565782335365203
ht2.vwap_reversion,1w,SPY,2022-11-04 00:00:00+00:00,2022-11-11 00:00:00+00:00,0.0,,0.058881405870036874
ht2.vwap_reversion,5w,SPY,2022-11-04 00:00:00+00:00,2022-12-12 00:00:00+00:00,0.0,,0.060050686727806335
ht2.vwap_reversion,1d,SPY,2022-12-12 00:00:00+00:00,2022-12-13 00:00:00+00:00,0.0,,0.007569965035364001
ht2.vwap_reversion,1w,SPY,2022-12-12 00:00:00+00:00,2022-12-19 00:00:00+00:00,0.0,,-0.04307547349652319
ht2.vwap_reversion,5w,SPY,2022-12-12 00:00:00+00:00,2023-01-19 00:00:00+00:00,0.0,,-0.021369527804625088
ht2.vwap_reversion,1d,SPY,2023-01-19 00:00:00+00:00,2023-01-20 00:00:00+00:00,0.0,,0.018629033847528342
ht2.vwap_reversion,1w,SPY,2023-01-19 00:00:00+00:00,2023-01-26 00:00:00+00:00,0.0,,0.04145213583685914
ht2.vwap_reversion,5w,SPY,2023-01-19 00:00:00+00:00,2023-02-24 00:00:00+00:00,0.0,,0.01991547972564578
ht2.vwap_reversion,1d,SPY,2023-02-24 00:00:00+00:00,2023-02-27 00:00:00+00:00,0.0,,0.003405861924864695
ht2.vwap_reversion,1w,SPY,2023-02-24 00:00:00+00:00,2023-03-03 00:00:00+00:00,0.0,,0.0197033367768511
ht2.vwap_reversion,5w,SPY,2023-02-24 00:00:00+00:00,2023-03-31 00:00:00+00:00,0.0,,0.03676404870739258
ht2.vwap_reversion,1d,SPY,2023-03-31 00:00:00+00:00,2023-04-03 00:00:00+00:00,-1.0,0.0,0.003810404735610007
ht2.vwap_reversion,1w,SPY,2023-03-31 00:00:00+00:00,2023-04-10 00:00:00+00:00,-1.0,0.0,0.0005371208273339256
ht2.vwap_reversion,5w,SPY,2023-03-31 00:00:00+00:00,2023-05-08 00:00:00+00:00,-1.0,0.0,0.008182627294374134
ht2.vwap_reversion,1d,SPY,2023-05-08 00:00:00+00:00,2023-05-09 00:00:00+00:00,0.0,,-0.004385267559327111
ht2.vwap_reversion,1w,SPY,2023-05-08 00:00:00+00:00,2023-05-15 00:00:00+00:00,0.0,,0.0006540886898351861
ht2.vwap_reversion,5w,SPY,2023-05-08 00:00:00+00:00,2023-06-13 00:00:00+00:00,0.0,,0.05795436862839365
ht2.vwap_reversion,1d,SPY,2023-06-13 00:00:00+00:00,2023-06-14 00:00:00+00:00,0.0,,0.001190934741057692
ht2.vwap_reversion,1w,SPY,2023-06-13 00:00:00+00:00,2023-06-21 00:00:00+00:00,0.0,,-0.00023904614544478786
ht2.vwap_reversion,5w,SPY,2023-06-13 00:00:00+00:00,2023-07-20 00:00:00+00:00,0.0,,0.03938909620460551
ht2.vwap_reversion,1d,SPY,2023-07-20 00:00:00+00:00,2023-07-21 00:00:00+00:00,0.0,,0.0
ht2.vwap_reversion,1w,SPY,2023-07-20 00:00:00+00:00,2023-07-27 00:00:00+00:00,0.0,,0.0006855480776841727
ht2.vwap_reversion,5w,SPY,2023-07-20 00:00:00+00:00,2023-08-24 00:00:00+00:00,0.0,,-0.03381392686786633
ht2.vwap_reversion,1d,SPY,2023-08-24 00:00:00+00:00,2023-08-25 00:00:00+00:00,0.0,,0.007049798194985968
ht2.vwap_reversion,1w,SPY,2023-08-24 00:00:00+00:00,2023-08-31 00:00:00+00:00,0.0,,0.030808816630711
ht2.vwap_reversion,5w,SPY,2023-08-24 00:00:00+00:00,2023-09-29 00:00:00+00:00,0.0,,-0.018087335392204307
ht2.vwap_reversion,1d,SPY,2023-09-29 00:00:00+00:00,2023-10-02 00:00:00+00:00,0.0,,-0.00039756131870138933
ht2.vwap_reversion,1w,SPY,2023-09-29 00:00:00+00:00,2023-10-06 00:00:00+00:00,0.0,,0.00481895416414857
ht2.vwap_reversion,5w,SPY,2023-09-29 00:00:00+00:00,2023-11-03 00:00:00+00:00,0.0,,0.016866450336402217
ht2.vwap_reversion,1d,SPY,2023-11-03 00:00:00+00:00,2023-11-06 00:00:00+00:00,0.0,,0.002300272021308558
ht2.vwap_reversion,1w,SPY,2023-11-03 00:00:00+00:00,2023-11-10 00:00:00+00:00,0.0,,0.01361871123188041
ht2.vwap_reversion,5w,SPY,2023-11-03 00:00:00+00:00,2023-12-11 00:00:00+00:00,0.0,,0.062803155621459
ht2.vwap_reversion,1d,SPY,2023-12-11 00:00:00+00:00,2023-12-12 00:00:00+00:00,-1.0,0.0,0.004567212775815177
ht2.vwap_reversion,1w,SPY,2023-12-11 00:00:00+00:00,2023-12-18 00:00:00+00:00,-1.0,0.0,0.02574426710429578
ht2.vwap_reversion,5w,SPY,2023-12-11 00:00:00+00:00,2024-01-18 00:00:00+00:00,-1.0,0.0,0.035567686202658155
ht2.vwap_reversion,1d,SPY,2024-01-18 00:00:00+00:00,2024-01-19 00:00:00+00:00,0.0,,0.012466281579720295
ht2.vwap_reversion,1w,SPY,2024-01-18 00:00:00+00:00,2024-01-25 00:00:00+00:00,0.0,,0.024218805463354087
ht2.vwap_reversion,5w,SPY,2024-01-18 00:00:00+00:00,2024-02-23 00:00:00+00:00,0.0,,0.06581462199081001
ht2.vwap_reversion,1d,SPY,2024-02-23 00:00:00+00:00,2024-02-26 00:00:00+00:00,0.0,,-0.00366251727057898
ht2.vwap_reversion,1w,SPY,2024-02-23 00:00:00+00:00,2024-03-01 00:00:00+00:00,0.0,,0.009845352059194123
ht2.vwap_reversion,5w,SPY,2024-02-23 00:00:00+00:00,2024-04-01 00:00:00+00:00,0.0,,0.031371957649652504
ht2.vwap_reversion,1d,SPY,2024-04-01 00:00:00+00:00,2024-04-02 00:00:00+00:00,0.0,,-0.006357957293143257
ht2.vwap_reversion,1w,SPY,2024-04-01 00:00:00+00:00,2024-04-08 00:00:00+00:00,0.0,,-0.006587899653897944
ht2.vwap_reversion,5w,SPY,2024-04-01 00:00:00+00:00,2024-05-06 00:00:00+00:00,0.0,,-0.010705374451020822
ht2.vwap_reversion,1d,SPY,2024-05-06 00:00:00+00:00,2024-05-07 00:00:00+00:00,-1.0,0.0,0.0011034842265702505
ht2.vwap_reversion,1w,SPY,2024-05-06 00:00:00+00:00,2024-05-13 00:00:00+00:00,-1.0,0.0,0.008401781349223647
ht2.vwap_reversion,5w,SPY,2024-05-06 00:00:00+00:00,2024-06-11 00:00:00+00:00,-1.0,0.0,0.039452655321107866
ht2.vwap_reversion,1d,SPY,2024-06-11 00:00:00+00:00,2024-06-12 00:00:00+00:00,0.0,,0.008212992649689665
ht2.vwap_reversion,1w,SPY,2024-06-11 00:00:00+00:00,2024-06-18 00:00:00+00:00,0.0,,0.021491763368220118
ht2.vwap_reversion,5w,SPY,2024-06-11 00:00:00+00:00,2024-07-18 00:00:00+00:00,0.0,,0.03257822363317664
ht2.vwap_reversion,1d,SPY,2024-07-18 00:00:00+00:00,2024-07-19 00:00:00+00:00,0.0,,-0.006640528727991368
ht2.vwap_reversion,1w,SPY,2024-07-18 00:00:00+00:00,2024-07-25 00:00:00+00:00,0.0,,-0.02578430774031193
ht2.vwap_reversion,5w,SPY,2024-07-18 00:00:00+00:00,2024-08-22 00:00:00+00:00,0.0,,0.006441554800359128
ht2.vwap_reversion,1d,SPY,2024-08-22 00:00:00+00:00,2024-08-23 00:00:00+00:00,0.0,,0.010625387116536933
ht2.vwap_reversion,1w,SPY,2024-08-22 00:00:00+00:00,2024-08-29 00:00:00+00:00,0.0,,0.003829547182892412
ht2.vwap_reversion,5w,SPY,2024-08-22 00:00:00+00:00,2024-09-27 00:00:00+00:00,0.0,,0.030568642600084184
ht2.vwap_reversion,1d,SPY,2024-09-27 00:00:00+00:00,2024-09-30 00:00:00+00:00,0.0,,0.004007197783506555
ht2.vwap_reversion,1w,SPY,2024-09-27 00:00:00+00:00,2024-10-04 00:00:00+00:00,0.0,,0.0026422174265581244
ht2.vwap_reversion,5w,SPY,2024-09-27 00:00:00+00:00,2024-11-01 00:00:00+00:00,0.0,,-0.0007524123136640748
ht2.vwap_reversion,1d,SPY,2024-11-01 00:00:00+00:00,2024-11-04 00:00:00+00:00,0.0,,-0.0021538926051214435
ht2.vwap_reversion,1w,SPY,2024-11-01 00:00:00+00:00,2024-11-08 00:00:00+00:00,0.0,,0.04754489403319617
ht2.vwap_reversion,5w,SPY,2024-11-01 00:00:00+00:00,2024-12-09 00:00:00+00:00,0.0,,0.058910151721477844
ht2.vwap_reversion,1d,SPY,2024-12-09 00:00:00+00:00,2024-12-10 00:00:00+00:00,0.0,,-0.00310899072195836
ht2.vwap_reversion,1w,SPY,2024-12-09 00:00:00+00:00,2024-12-16 00:00:00+00:00,0.0,,0.003489309258304596
ht2.vwap_reversion,5w,SPY,2024-12-09 00:00:00+00:00,2025-01-16 00:00:00+00:00,0.0,,-0.018271977611063916
ht2.vwap_reversion,1d,SPY,2025-01-16 00:00:00+00:00,2025-01-17 00:00:00+00:00,0.0,,0.010039900216929798
ht2.vwap_reversion,1w,SPY,2025-01-16 00:00:00+00:00,2025-01-24 00:00:00+00:00,0.0,,0.027600885347053072
ht2.vwap_reversion,5w,SPY,2025-01-16 00:00:00+00:00,2025-02-24 00:00:00+00:00,0.0,,0.00941452470306725
ht2.vwap_reversion,1d,SPY,2025-02-24 00:00:00+00:00,2025-02-25 00:00:00+00:00,0.0,,-0.004973286374205688
ht2.vwap_reversion,1w,SPY,2025-02-24 00:00:00+00:00,2025-03-03 00:00:00+00:00,0.0,,-0.022504788722907065
ht2.vwap_reversion,5w,SPY,2025-02-24 00:00:00+00:00,2025-03-31 00:00:00+00:00,0.0,,-0.06051020598031376
ht2.vwap_reversion,1d,SPY,2025-03-31 00:00:00+00:00,2025-04-01 00:00:00+00:00,0.0,,0.0028245533885180585
ht2.vwap_reversion,1w,SPY,2025-03-31 00:00:00+00:00,2025-04-07 00:00:00+00:00,0.0,,-0.09833928033415773
ht2.vwap_reversion,5w,SPY,2025-03-31 00:00:00+00:00,2025-05-06 00:00:00+00:00,0.0,,-0.001054671063121071
ht2.vwap_reversion,1d,SPY,2025-05-06 00:00:00+00:00,2025-05-07 00:00:00+00:00,0.0,,0.004205416334334133
ht2.vwap_reversion,1w,SPY,2025-05-06 00:00:00+00:00,2025-05-13 00:00:00+00:00,0.0,,0.0501788974450168
ht2.vwap_reversion,5w,SPY,2025-05-06 00:00:00+00:00,2025-06-11 00:00:00+00:00,0.0,,0.07616313798845131
ht2.vwap_reversion,1d,SPY,2025-06-11 00:00:00+00:00,2025-06-12 00:00:00+00:00,0.0,,0.0039742753822695764
ht2.vwap_reversion,1w,SPY,2025-06-11 00:00:00+00:00,2025-06-18 00:00:00+00:00,0.0,,-0.006518536206056358
ht2.vwap_reversion,5w,SPY,2025-06-11 00:00:00+00:00,2025-07-18 00:00:00+00:00,0.0,,0.0466863627311076
ht2.vwap_reversion,1d,SPY,2025-07-18 00:00:00+00:00,2025-07-21 00:00:00+00:00,0.0,,0.001896143492131186
ht2.vwap_reversion,1w,SPY,2025-07-18 00:00:00+00:00,2025-07-25 00:00:00+00:00,0.0,,0.015169344601831947
ht2.vwap_reversion,5w,SPY,2025-07-18 00:00:00+00:00,2025-08-22 00:00:00+00:00,0.0,,0.028251485876174653
ht2.vwap_reversion,1d,SPY,2025-08-22 00:00:00+00:00,2025-08-25 00:00:00+00:00,0.0,,-0.004401115245012965
ht2.vwap_reversion,1w,SPY,2025-08-22 00:00:00+00:00,2025-08-29 00:00:00+00:00,0.0,,-0.0004030833244476062
ht2.vwap_reversion,5w,SPY,2025-08-22 00:00:00+00:00,2025-09-29 00:00:00+00:00,0.0,,0.031318187664693964
ht2.vwap_reversion,1d,SPY,2025-09-29 00:00:00+00:00,2025-09-30 00:00:00+00:00,0.0,,0.003766834755358328
ht2.vwap_reversion,1w,SPY,2025-09-29 00:00:00+00:00,2025-10-06 00:00:00+00:00,0.0,,0.011948478105290317
ht2.vwap_reversion,5w,SPY,2025-09-29 00:00:00+00:00,2025-11-03 00:00:00+00:00,0.0,,0.02962273420109396
ht2.vwap_reversion,1d,SPY,2025-11-03 00:00:00+00:00,2025-11-04 00:00:00+00:00,0.0,,-0.01185354736001909
ht2.vwap_reversion,1w,SPY,2025-11-03 00:00:00+00:00,2025-11-10 00:00:00+00:00,0.0,,-0.0027804772921533605
ht2.vwap_reversion,5w,SPY,2025-11-03 00:00:00+00:00,2025-12-09 00:00:00+00:00,0.0,,-0.00043921706788341286
ht2.vwap_reversion,1d,SPY,2025-12-09 00:00:00+00:00,2025-12-10 00:00:00+00:00,0.0,,0.006632325948745521
ht2.vwap_reversion,1w,SPY,2025-12-09 00:00:00+00:00,2025-12-16 00:00:00+00:00,0.0,,-0.006104889714110495
ht2.vwap_reversion,5w,SPY,2025-12-09 00:00:00+00:00,2026-01-15 00:00:00+00:00,0.0,,0.016464047300957185
ht2.vwap_reversion,1d,SPY,2026-01-15 00:00:00+00:00,2026-01-16 00:00:00+00:00,0.0,,-0.000837905189162047
ht2.vwap_reversion,1w,SPY,2026-01-15 00:00:00+00:00,2026-01-23 00:00:00+00:00,0.0,,-0.004348278531633443
ht2.vwap_reversion,5w,SPY,2026-01-15 00:00:00+00:00,2026-02-23 00:00:00+00:00,0.0,,-0.014229142294613917
ht2.vwap_reversion,1d,SPY,2026-02-23 00:00:00+00:00,2026-02-24 00:00:00+00:00,0.0,,0.00726847527019836
ht2.vwap_reversion,1w,SPY,2026-02-23 00:00:00+00:00,2026-03-02 00:00:00+00:00,0.0,,0.005847132906885655
ht2.vwap_reversion,5w,SPY,2026-02-23 00:00:00+00:00,2026-03-30 00:00:00+00:00,0.0,,-0.07135818447993414
ht2.vwap_reversion,1d,SPY,2026-03-30 00:00:00+00:00,2026-03-31 00:00:00+00:00,0.0,,0.029067865784757174
ht2.vwap_reversion,1w,SPY,2026-03-30 00:00:00+00:00,2026-04-07 00:00:00+00:00,0.0,,0.043119062627389404
ht2.vwap_reversion,5w,SPY,2026-03-30 00:00:00+00:00,2026-05-05 00:00:00+00:00,0.0,,0.145260123610639
ht2.vwap_reversion,1d,SPY,2026-05-05 00:00:00+00:00,2026-05-06 00:00:00+00:00,-1.0,0.0,0.013899399692774095
ht2.vwap_reversion,1w,SPY,2026-05-05 00:00:00+00:00,2026-05-12 00:00:00+00:00,-1.0,0.0,0.019909573878506448
ht2.vwap_reversion,5w,SPY,2026-05-05 00:00:00+00:00,2026-06-10 00:00:00+00:00,-1.0,0.0,0.002293499446261116
ht2.vwap_reversion,1d,SPY,2026-06-10 00:00:00+00:00,2026-06-11 00:00:00+00:00,0.0,,0.016996847886747934
ht2.vwap_reversion,1w,SPY,2026-06-10 00:00:00+00:00,2026-06-17 00:00:00+00:00,0.0,,0.02140801815012594
ht2.vwap_reversion,5w,SPY,2026-06-10 00:00:00+00:00,2026-07-17 00:00:00+00:00,0.0,,0.027259520616953026
ht2.vwap_reversion,1d,SPY,2026-07-17 00:00:00+00:00,2026-07-20 00:00:00+00:00,0.0,,-0.0016143782471810253
ht2.vwap_reversion,1w,SPY,2026-07-17 00:00:00+00:00,2026-07-24 00:00:00+00:00,0.0,,-0.005865793271064512
ht2.vwap_reversion,5w,SPY,2026-07-17 00:00:00+00:00,2026-08-21 00:00:00+00:00,0.0,,0.03017663810739024
ht2.vwap_reversion,1d,T,2018-09-05 00:00:00+00:00,2018-09-06 00:00:00+00:00,0.0,,0.0049965868346810716
ht2.vwap_reversion,1w,T,2018-09-05 00:00:00+00:00,2018-09-12 00:00:00+00:00,0.0,,0.04372268915452904
ht2.vwap_reversion,5w,T,2018-09-05 00:00:00+00:00,2018-10-10 00:00:00+00:00,0.0,,0.04622622934703591
ht2.vwap_reversion,1d,T,2018-10-10 00:00:00+00:00,2018-10-11 00:00:00+00:00,0.0,,-0.033485763703738014
ht2.vwap_reversion,1w,T,2018-10-10 00:00:00+00:00,2018-10-17 00:00:00+00:00,0.0,,-0.008523638145024437
ht2.vwap_reversion,5w,T,2018-10-10 00:00:00+00:00,2018-11-14 00:00:00+00:00,0.0,,-0.07123278559710844
ht2.vwap_reversion,1d,T,2018-11-14 00:00:00+00:00,2018-11-15 00:00:00+00:00,0.0,,-0.01278293710008016
ht2.vwap_reversion,1w,T,2018-11-14 00:00:00+00:00,2018-11-21 00:00:00+00:00,0.0,,-0.024254984078699082
ht2.vwap_reversion,5w,T,2018-11-14 00:00:00+00:00,2018-12-21 00:00:00+00:00,0.0,,-0.07210783756841554
ht2.vwap_reversion,1d,T,2018-12-21 00:00:00+00:00,2018-12-24 00:00:00+00:00,1.0,0.0,-0.033556889732262785
ht2.vwap_reversion,1w,T,2018-12-21 00:00:00+00:00,2018-12-31 00:00:00+00:00,1.0,1.0,0.008124506756729266
ht2.vwap_reversion,5w,T,2018-12-21 00:00:00+00:00,2019-01-30 00:00:00+00:00,1.0,1.0,0.06033220372153991
ht2.vwap_reversion,1d,T,2019-01-30 00:00:00+00:00,2019-01-31 00:00:00+00:00,1.0,1.0,0.0234929585031749
ht2.vwap_reversion,1w,T,2019-01-30 00:00:00+00:00,2019-02-06 00:00:00+00:00,1.0,1.0,0.00646936437623058
ht2.vwap_reversion,5w,T,2019-01-30 00:00:00+00:00,2019-03-07 00:00:00+00:00,1.0,1.0,0.01872605463586874
ht2.vwap_reversion,1d,T,2019-03-07 00:00:00+00:00,2019-03-08 00:00:00+00:00,0.0,,0.0013370888733479358
ht2.vwap_reversion,1w,T,2019-03-07 00:00:00+00:00,2019-03-14 00:00:00+00:00,0.0,,0.012032240407487738
ht2.vwap_reversion,5w,T,2019-03-07 00:00:00+00:00,2019-04-11 00:00:00+00:00,0.0,,0.09911696702905992
ht2.vwap_reversion,1d,T,2019-04-11 00:00:00+00:00,2019-04-12 00:00:00+00:00,0.0,,0.0
ht2.vwap_reversion,1w,T,2019-04-11 00:00:00+00:00,2019-04-18 00:00:00+00:00,0.0,,-0.00527957008109492
ht2.vwap_reversion,5w,T,2019-04-11 00:00:00+00:00,2019-05-17 00:00:00+00:00,0.0,,-0.01242218399711903
ht2.vwap_reversion,1d,T,2019-05-17 00:00:00+00:00,2019-05-20 00:00:00+00:00,0.0,,0.012264196778829728
ht2.vwap_reversion,1w,T,2019-05-17 00:00:00+00:00,2019-05-24 00:00:00+00:00,0.0,,0.014779740239657446
ht2.vwap_reversion,5w,T,2019-05-17 00:00:00+00:00,2019-06-24 00:00:00+00:00,0.0,,0.02452806704180288
ht2.vwap_reversion,1d,T,2019-06-24 00:00:00+00:00,2019-06-25 00:00:00+00:00,0.0,,-0.0009205933279131662
ht2.vwap_reversion,1w,T,2019-06-24 00:00:00+00:00,2019-07-01 00:00:00+00:00,0.0,,0.0260897028739302
ht2.vwap_reversion,5w,T,2019-06-24 00:00:00+00:00,2019-07-30 00:00:00+00:00,0.0,,0.07020940741465509
ht2.vwap_reversion,1d,T,2019-07-30 00:00:00+00:00,2019-07-31 00:00:00+00:00,0.0,,-0.003803804292670021
ht2.vwap_reversion,1w,T,2019-07-30 00:00:00+00:00,2019-08-06 00:00:00+00:00,0.0,,-0.006436455914773598
ht2.vwap_reversion,5w,T,2019-07-30 00:00:00+00:00,2019-09-04 00:00:00+00:00,0.0,,0.0450554296362613
ht2.vwap_reversion,1d,T,2019-09-04 00:00:00+00:00,2019-09-05 00:00:00+00:00,-1.0,0.0,0.0047591610773252135
ht2.vwap_reversion,1w,T,2019-09-04 00:00:00+00:00,2019-09-11 00:00:00+00:00,-1.0,0.0,0.08454651819506598
ht2.vwap_reversion,5w,T,2019-09-04 00:00:00+00:00,2019-10-09 00:00:00+00:00,-1.0,0.0,0.05626373826779707
ht2.vwap_reversion,1d,T,2019-10-09 00:00:00+00:00,2019-10-10 00:00:00+00:00,0.0,,0.009986490801410897
ht2.vwap_reversion,1w,T,2019-10-09 00:00:00+00:00,2019-10-16 00:00:00+00:00,0.0,,0.019972981602821793
ht2.vwap_reversion,5w,T,2019-10-09 00:00:00+00:00,2019-11-13 00:00:00+00:00,0.0,,0.05695013682393446
ht2.vwap_reversion,1d,T,2019-11-13 00:00:00+00:00,2019-11-14 00:00:00+00:00,0.0,,-0.005362449803604341
ht2.vwap_reversion,1w,T,2019-11-13 00:00:00+00:00,2019-11-20 00:00:00+00:00,0.0,,-0.0505615390733245
ht2.vwap_reversion,5w,T,2019-11-13 00:00:00+00:00,2019-12-19 00:00:00+00:00,0.0,,-0.005873436424331024
ht2.vwap_reversion,1d,T,2019-12-19 00:00:00+00:00,2019-12-20 00:00:00+00:00,0.0,,0.005651186043530876
ht2.vwap_reversion,1w,T,2019-12-19 00:00:00+00:00,2019-12-27 00:00:00+00:00,0.0,,0.00796323560825396
ht2.vwap_reversion,5w,T,2019-12-19 00:00:00+00:00,2020-01-28 00:00:00+00:00,0.0,,0.008648234080101513
ht2.vwap_reversion,1d,T,2020-01-28 00:00:00+00:00,2020-01-29 00:00:00+00:00,0.0,,-0.039657859352450475
ht2.vwap_reversion,1w,T,2020-01-28 00:00:00+00:00,2020-02-04 00:00:00+00:00,0.0,,-0.02462414439892735
ht2.vwap_reversion,5w,T,2020-01-28 00:00:00+00:00,2020-03-04 00:00:00+00:00,0.0,,-0.010368114387904526
ht2.vwap_reversion,1d,T,2020-03-04 00:00:00+00:00,2020-03-05 00:00:00+00:00,0.0,,-0.02619174314078687
ht2.vwap_reversion,1w,T,2020-03-04 00:00:00+00:00,2020-03-11 00:00:00+00:00,0.0,,-0.09586159058762334
ht2.vwap_reversion,5w,T,2020-03-04 00:00:00+00:00,2020-04-08 00:00:00+00:00,0.0,,-0.19879099282400525
ht2.vwap_reversion,1d,T,2020-04-08 00:00:00+00:00,2020-04-09 00:00:00+00:00,0.0,,0.028103089154882355
ht2.vwap_reversion,1w,T,2020-04-08 00:00:00+00:00,2020-04-16 00:00:00+00:00,0.0,,0.009033119748323326
ht2.vwap_reversion,5w,T,2020-04-08 00:00:00+00:00,2020-05-14 00:00:00+00:00,0.0,,-0.04382754901843078
ht2.vwap_reversion,1d,T,2020-05-14 00:00:00+00:00,2020-05-15 00:00:00+00:00,0.0,,-0.009447098724931435
ht2.vwap_reversion,1w,T,2020-05-14 00:00:00+00:00,2020-05-21 00:00:00+00:00,0.0,,0.041637633200573454
ht2.vwap_reversion,5w,T,2020-05-14 00:00:00+00:00,2020-06-19 00:00:00+00:00,0.0,,0.060532032096861865
ht2.vwap_reversion,1d,T,2020-06-19 00:00:00+00:00,2020-06-22 00:00:00+00:00,0.0,,-0.006598556214423401
ht2.vwap_reversion,1w,T,2020-06-19 00:00:00+00:00,2020-06-26 00:00:00+00:00,0.0,,-0.040580905443783566
ht2.vwap_reversion,5w,T,2020-06-19 00:00:00+00:00,2020-07-27 00:00:00+00:00,0.0,,-0.0113050991410657
ht2.vwap_reversion,1d,T,2020-07-27 00:00:00+00:00,2020-07-28 00:00:00+00:00,1.0,1.0,0.01365649436113836
ht2.vwap_reversion,1w,T,2020-07-27 00:00:00+00:00,2020-08-03 00:00:00+00:00,1.0,1.0,0.011266580630882483
ht2.vwap_reversion,5w,T,2020-07-27 00:00:00+00:00,2020-08-31 00:00:00+00:00,1.0,1.0,0.01775339784138641
ht2.vwap_reversion,1d,T,2020-08-31 00:00:00+00:00,2020-09-01 00:00:00+00:00,0.0,,-0.011405744029972631
ht2.vwap_reversion,1w,T,2020-08-31 00:00:00+00:00,2020-09-08 00:00:00+00:00,0.0,,-0.010063721528820846
ht2.vwap_reversion,5w,T,2020-08-31 00:00:00+00:00,2020-10-06 00:00:00+00:00,0.0,,-0.03690020740061739
ht2.vwap_reversion,1d,T,2020-10-06 00:00:00+00:00,2020-10-07 00:00:00+00:00,0.0,,0.0031346536916216916
ht2.vwap_reversion,1w,T,2020-10-06 00:00:00+00:00,2020-10-13 00:00:00+00:00,0.0,,-0.009765845374201887
ht2.vwap_reversion,5w,T,2020-10-06 00:00:00+00:00,2020-11-10 00:00:00+00:00,0.0,,0.029486416337335175
ht2.vwap_reversion,1d,T,2020-11-10 00:00:00+00:00,2020-11-11 00:00:00+00:00,-1.0,1.0,-0.004159274333268459
ht2.vwap_reversion,1w,T,2020-11-10 00:00:00+00:00,2020-11-17 00:00:00+00:00,-1.0,0.0,0.006239514394456469
ht2.vwap_reversion,5w,T,2020-11-10 00:00:00+00:00,2020-12-16 00:00:00+00:00,-1.0,0.0,0.049913957427774935
ht2.vwap_reversion,1d,T,2020-12-16 00:00:00+00:00,2020-12-17 00:00:00+00:00,0.0,,-0.022119853049711646
ht2.vwap_reversion,1w,T,2020-12-16 00:00:00+00:00,2020-12-23 00:00:00+00:00,0.0,,-0.050842108711733114
ht2.vwap_reversion,5w,T,2020-12-16 00:00:00+00:00,2021-01-25 00:00:00+00:00,0.0,,-0.016314364041304485
ht2.vwap_reversion,1d,T,2021-01-25 00:00:00+00:00,2021-01-26 00:00:00+00:00,0.0,,0.021985662462231215
ht2.vwap_reversion,1w,T,2021-01-25 00:00:00+00:00,2021-02-01 00:00:00+00:00,0.0,,-0.015801720593017432
ht2.vwap_reversion,5w,T,2021-01-25 00:00:00+00:00,2021-03-02 00:00:00+00:00,0.0,,-0.030573511342439574
ht2.vwap_reversion,1d,T,2021-03-02 00:00:00+00:00,2021-03-03 00:00:00+00:00,0.0,,0.01771776060315
ht2.vwap_reversion,1w,T,2021-03-02 00:00:00+00:00,2021-03-09 00:00:00+00:00,0.0,,0.05031853645955264
ht2.vwap_reversion,5w,T,2021-03-02 00:00:00+00:00,2021-04-07 00:00:00+00:00,0.0,,0.09603113465940494
ht2.vwap_reversion,1d,T,2021-04-07 00:00:00+00:00,2021-04-08 00:00:00+00:00,0.0,,-0.007986399710006031
ht2.vwap_reversion,1w,T,2021-04-07 00:00:00+00:00,2021-04-14 00:00:00+00:00,0.0,,-0.01691442379782404
ht2.vwap_reversion,5w,T,2021-04-07 00:00:00+00:00,2021-05-12 00:00:00+00:00,0.0,,0.05715605611021801
ht2.vwap_reversion,1d,T,2021-05-12 00:00:00+00:00,2021-05-13 00:00:00+00:00,0.0,,0.007507014336774809
ht2.vwap_reversion,1w,T,2021-05-12 00:00:00+00:00,2021-05-19 00:00:00+00:00,0.0,,-0.09415081338297382
ht2.vwap_reversion,5w,T,2021-05-12 00:00:00+00:00,2021-06-17 00:00:00+00:00,0.0,,-0.10103276289375362
ht2.vwap_reversion,1d,T,2021-06-17 00:00:00+00:00,2021-06-18 00:00:00+00:00,1.0,0.0,-0.0031309227763526293
ht2.vwap_reversion,1w,T,2021-06-17 00:00:00+00:00,2021-06-24 00:00:00+00:00,1.0,1.0,0.0017399897948346954
ht2.vwap_reversion,5w,T,2021-06-17 00:00:00+00:00,2021-07-23 00:00:00+00:00,1.0,1.0,0.003349083284675647
ht2.vwap_reversion,1d,T,2021-07-23 00:00:00+00:00,2021-07-26 00:00:00+00:00,0.0,,0.0010660551471415314
ht2.vwap_reversion,1w,T,2021-07-23 00:00:00+00:00,2021-07-30 00:00:00+00:00,0.0,,-0.0035521221939252
ht2.vwap_reversion,5w,T,2021-07-23 00:00:00+00:00,2021-08-27 00:00:00+00:00,0.0,,-0.03623410879136135
ht2.vwap_reversion,1d,T,2021-08-27 00:00:00+00:00,2021-08-30 00:00:00+00:00,0.0,,0.003685857922606006
ht2.vwap_reversion,1w,T,2021-08-27 00:00:00+00:00,2021-09-03 00:00:00+00:00,0.0,,0.01584918906720545
ht2.vwap_reversion,5w,T,2021-08-27 00:00:00+00:00,2021-10-04 00:00:00+00:00,0.0,,0.004423029507127252
ht2.vwap_reversion,1d,T,2021-10-04 00:00:00+00:00,2021-10-05 00:00:00+00:00,0.0,,0.003669940322353238
ht2.vwap_reversion,1w,T,2021-10-04 00:00:00+00:00,2021-10-11 00:00:00+00:00,0.0,,-0.02006666353398201
ht2.vwap_reversion,5w,T,2021-10-04 00:00:00+00:00,2021-11-08 00:00:00+00:00,0.0,,-0.06336011778895112
ht2.vwap_reversion,1d,T,2021-11-08 00:00:00+00:00,2021-11-09 00:00:00+00:00,0.0,,-0.006832681415233632
ht2.vwap_reversion,1w,T,2021-11-08 00:00:00+00:00,2021-11-15 00:00:00+00:00,0.0,,-0.003215296858250949
ht2.vwap_reversion,5w,T,2021-11-08 00:00:00+00:00,2021-12-14 00:00:00+00:00,0.0,,-0.1040996422951308
ht2.vwap_reversion,1d,T,2021-12-14 00:00:00+00:00,2021-12-15 00:00:00+00:00,0.0,,-0.005383462104763259
ht2.vwap_reversion,1w,T,2021-12-14 00:00:00+00:00,2021-12-21 00:00:00+00:00,0.0,,0.09780195083489884
ht2.vwap_reversion,5w,T,2021-12-14 00:00:00+00:00,2022-01-20 00:00:00+00:00,0.0,,0.24503227001084116
ht2.vwap_reversion,1d,T,2022-01-20 00:00:00+00:00,2022-01-21 00:00:00+00:00,0.0,,-0.015174018423730451
ht2.vwap_reversion,1w,T,2022-01-20 00:00:00+00:00,2022-01-27 00:00:00+00:00,0.0,,-0.10732757317894015
ht2.vwap_reversion,5w,T,2022-01-20 00:00:00+00:00,2022-02-25 00:00:00+00:00,0.0,,-0.11509991954430498
ht2.vwap_reversion,1d,T,2022-02-25 00:00:00+00:00,2022-02-28 00:00:00+00:00,0.0,,-0.009200972395592033
ht2.vwap_reversion,1w,T,2022-02-25 00:00:00+00:00,2022-03-04 00:00:00+00:00,0.0,,-0.0016729102328635337
ht2.vwap_reversion,5w,T,2022-02-25 00:00:00+00:00,2022-04-01 00:00:00+00:00,0.0,,0.0029276776204052446
ht2.vwap_reversion,1d,T,2022-04-01 00:00:00+00:00,2022-04-04 00:00:00+00:00,0.0,,0.008340539375736977
ht2.vwap_reversion,1w,T,2022-04-01 00:00:00+00:00,2022-04-08 00:00:00+00:00,0.0,,0.00667230987011691
ht2.vwap_reversion,5w,T,2022-04-01 00:00:00+00:00,2022-05-09 00:00:00+00:00,0.0,,0.0949704245369749
ht2.vwap_reversion,1d,T,2022-05-09 00:00:00+00:00,2022-05-10 00:00:00+00:00,0.0,,-0.009718666856985636
ht2.vwap_reversion,1w,T,2022-05-09 00:00:00+00:00,2022-05-16 00:00:00+00:00,0.0,,0.037340206041784896
ht2.vwap_reversion,5w,T,2022-05-09 00:00:00+00:00,2022-06-14 00:00:00+00:00,0.0,,-0.0051148507166240975
ht2.vwap_reversion,1d,T,2022-06-14 00:00:00+00:00,2022-06-15 00:00:00+00:00,1.0,0.0,-0.0005142821697733391
ht2.vwap_reversion,1w,T,2022-06-14 00:00:00+00:00,2022-06-22 00:00:00+00:00,1.0,1.0,0.04472983283193255
ht2.vwap_reversion,5w,T,2022-06-14 00:00:00+00:00,2022-07-21 00:00:00+00:00,1.0,0.0,-0.014293272958471603
ht2.vwap_reversion,1d,T,2022-07-21 00:00:00+00:00,2022-07-22 00:00:00+00:00,0.0,,-0.027484113562893375
ht2.vwap_reversion,1w,T,2022-07-21 00:00:00+00:00,2022-07-28 00:00:00+00:00,0.0,,-0.017970469076628026
ht2.vwap_reversion,5w,T,2022-07-21 00:00:00+00:00,2022-08-25 00:00:00+00:00,0.0,,-0.043868723511461205
ht2.vwap_reversion,1d,T,2022-08-25 00:00:00+00:00,2022-08-26 00:00:00+00:00,0.0,,-0.011055913702493259
ht2.vwap_reversion,1w,T,2022-08-25 00:00:00+00:00,2022-09-01 00:00:00+00:00,0.0,,-0.03261495529470626
ht2.vwap_reversion,5w,T,2022-08-25 00:00:00+00:00,2022-09-30 00:00:00+00:00,0.0,,-0.15201787553598645
ht2.vwap_reversion,1d,T,2022-09-30 00:00:00+00:00,2022-10-03 00:00:00+00:00,0.0,,0.03650595869451867
ht2.vwap_reversion,1w,T,2022-09-30 00:00:00+00:00,2022-10-07 00:00:00+00:00,0.0,,-0.008777496278774888
ht2.vwap_reversion,5w,T,2022-09-30 00:00:00+00:00,2022-11-04 00:00:00+00:00,0.0,,0.21547495622156698
ht2.vwap_reversion,1d,T,2022-11-04 00:00:00+00:00,2022-11-07 00:00:00+00:00,0.0,,0.0021835301990622558
ht2.vwap_reversion,1w,T,2022-11-04 00:00:00+00:00,2022-11-11 00:00:00+00:00,0.0,,0.039847207163026255
ht2.vwap_reversion,5w,T,2022-11-04 00:00:00+00:00,2022-12-12 00:00:00+00:00,0.0,,0.05349339289750832
ht2.vwap_reversion,1d,T,2022-12-12 00:00:00+00:00,2022-12-13 00:00:00+00:00,0.0,,-0.00932637958355198
ht2.vwap_reversion,1w,T,2022-12-12 00:00:00+00:00,2022-12-19 00:00:00+00:00,0.0,,-0.07461121850699726
ht2.vwap_reversion,5w,T,2022-12-12 00:00:00+00:00,2023-01-19 00:00:00+00:00,0.0,,-0.004482199791018826
ht2.vwap_reversion,1d,T,2023-01-19 00:00:00+00:00,2023-01-20 00:00:00+00:00,0.0,,0.015311307989959388
ht2.vwap_reversion,1w,T,2023-01-19 00:00:00+00:00,2023-01-26 00:00:00+00:00,0.0,,0.055966619015439534
ht2.vwap_reversion,5w,T,2023-01-19 00:00:00+00:00,2023-02-24 00:00:00+00:00,0.0,,0.015839796407752127
ht2.vwap_reversion,1d,T,2023-02-24 00:00:00+00:00,2023-02-27 00:00:00+00:00,0.0,,-0.01091501458521893
ht2.vwap_reversion,1w,T,2023-02-24 00:00:00+00:00,2023-03-03 00:00:00+00:00,0.0,,-0.022349198114137714
ht2.vwap_reversion,5w,T,2023-02-24 00:00:00+00:00,2023-03-31 00:00:00+00:00,0.0,,0.0005196484347582686
ht2.vwap_reversion,1d,T,2023-03-31 00:00:00+00:00,2023-04-03 00:00:00+00:00,0.0,,0.007272677387989646
ht2.vwap_reversion,1w,T,2023-03-31 00:00:00+00:00,2023-04-10 00:00:00+00:00,0.0,,0.031041404294140262
ht2.vwap_reversion,5w,T,2023-03-31 00:00:00+00:00,2023-05-08 00:00:00+00:00,0.0,,-0.09803626388431541
ht2.vwap_reversion,1d,T,2023-05-08 00:00:00+00:00,2023-05-09 00:00:00+00:00,0.0,,-0.005841196213862254
ht2.vwap_reversion,1w,T,2023-05-08 00:00:00+00:00,2023-05-15 00:00:00+00:00,0.0,,-0.009929993713680418
ht2.vwap_reversion,5w,T,2023-05-08 00:00:00+00:00,2023-06-13 00:00:00+00:00,0.0,,-0.07593468736602527
ht2.vwap_reversion,1d,T,2023-06-13 00:00:00+00:00,2023-06-14 00:00:00+00:00,0.0,,0.0012641956979826396
ht2.vwap_reversion,1w,T,2023-06-13 00:00:00+00:00,2023-06-21 00:00:00+00:00,0.0,,-0.013274306388597945
ht2.vwap_reversion,5w,T,2023-06-13 00:00:00+00:00,2023-07-20 00:00:00+00:00,0.0,,-0.056802629216555434
ht2.vwap_reversion,1d,T,2023-07-20 00:00:00+00:00,2023-07-21 00:00:00+00:00,0.0,,0.006821288118896041
ht2.vwap_reversion,1w,T,2023-07-20 00:00:00+00:00,2023-07-27 00:00:00+00:00,0.0,,-0.010231894076974557
ht2.vwap_reversion,5w,T,2023-07-20 00:00:00+00:00,2023-08-24 00:00:00+00:00,0.0,,-0.03478853130499915
ht2.vwap_reversion,1d,T,2023-08-24 00:00:00+00:00,2023-08-25 00:00:00+00:00,0.0,,-0.0028268574670453628
ht2.vwap_reversion,1w,T,2023-08-24 00:00:00+00:00,2023-08-31 00:00:00+00:00,0.0,,0.04522971947272625
ht2.vwap_reversion,5w,T,2023-08-24 00:00:00+00:00,2023-09-29 00:00:00+00:00,0.0,,0.06148411043360347
ht2.vwap_reversion,1d,T,2023-09-29 00:00:00+00:00,2023-10-02 00:00:00+00:00,0.0,,-0.023302319901121082
ht2.vwap_reversion,1w,T,2023-09-29 00:00:00+00:00,2023-10-06 00:00:00+00:00,0.0,,-0.019570563107477623
ht2.vwap_reversion,5w,T,2023-09-29 00:00:00+00:00,2023-11-03 00:00:00+00:00,0.0,,0.07745459289310608
ht2.vwap_reversion,1d,T,2023-11-03 00:00:00+00:00,2023-11-06 00:00:00+00:00,0.0,,-0.00818636347006485
ht2.vwap_reversion,1w,T,2023-11-03 00:00:00+00:00,2023-11-10 00:00:00+00:00,0.0,,-0.015113143037014387
ht2.vwap_reversion,5w,T,2023-11-03 00:00:00+00:00,2023-12-11 00:00:00+00:00,0.0,,0.046599772340236045
ht2.vwap_reversion,1d,T,2023-12-11 00:00:00+00:00,2023-12-12 00:00:00+00:00,0.0,,-0.01263554061811023
ht2.vwap_reversion,1w,T,2023-12-11 00:00:00+00:00,2023-12-18 00:00:00+00:00,0.0,,-0.00962715080381693
ht2.vwap_reversion,5w,T,2023-12-11 00:00:00+00:00,2024-01-18 00:00:00+00:00,0.0,,0.002859460931528446
ht2.vwap_reversion,1d,T,2024-01-18 00:00:00+00:00,2024-01-19 00:00:00+00:00,0.0,,0.016463385319244406
ht2.vwap_reversion,1w,T,2024-01-18 00:00:00+00:00,2024-01-25 00:00:00+00:00,0.0,,0.0475609493827438
ht2.vwap_reversion,5w,T,2024-01-18 00:00:00+00:00,2024-02-23 00:00:00+00:00,0.0,,0.024390144448325435
ht2.vwap_reversion,1d,T,2024-02-23 00:00:00+00:00,2024-02-26 00:00:00+00:00,0.0,,-0.011904618214250817
ht2.vwap_reversion,1w,T,2024-02-23 00:00:00+00:00,2024-03-01 00:00:00+00:00,0.0,,0.010714374680112826
ht2.vwap_reversion,5w,T,2024-02-23 00:00:00+00:00,2024-04-01 00:00:00+00:00,0.0,,0.0416668699734537
ht2.vwap_reversion,1d,T,2024-04-01 00:00:00+00:00,2024-04-02 00:00:00+00:00,0.0,,0.0011426952038049443
ht2.vwap_reversion,1w,T,2024-04-01 00:00:00+00:00,2024-04-08 00:00:00+00:00,0.0,,-0.014285723971064201
ht2.vwap_reversion,5w,T,2024-04-01 00:00:00+00:00,2024-05-06 00:00:00+00:00,0.0,,-0.013240472193214892
ht2.vwap_reversion,1d,T,2024-05-06 00:00:00+00:00,2024-05-07 00:00:00+00:00,0.0,,0.005297509833713132
ht2.vwap_reversion,1w,T,2024-05-06 00:00:00+00:00,2024-05-13 00:00:00+00:00,0.0,,0.01589184242948538
ht2.vwap_reversion,5w,T,2024-05-06 00:00:00+00:00,2024-06-11 00:00:00+00:00,0.0,,0.05120688820563424
ht2.vwap_reversion,1d,T,2024-06-11 00:00:00+00:00,2024-06-12 00:00:00+00:00,0.0,,-0.013997911798812046
ht2.vwap_reversion,1w,T,2024-06-11 00:00:00+00:00,2024-06-18 00:00:00+00:00,0.0,,0.010638037442640469
ht2.vwap_reversion,5w,T,2024-06-11 00:00:00+00:00,2024-07-18 00:00:00+00:00,0.0,,0.08832145083636189
ht2.vwap_reversion,1d,T,2024-07-18 00:00:00+00:00,2024-07-19 00:00:00+00:00,0.0,,-0.0015665889286811119
ht2.vwap_reversion,1w,T,2024-07-18 00:00:00+00:00,2024-07-25 00:00:00+00:00,0.0,,0.0020889672262214276
ht2.vwap_reversion,5w,T,2024-07-18 00:00:00+00:00,2024-08-22 00:00:00+00:00,0.0,,0.01879906714417401
ht2.vwap_reversion,1d,T,2024-08-22 00:00:00+00:00,2024-08-23 00:00:00+00:00,0.0,,0.01127629851972256
ht2.vwap_reversion,1w,T,2024-08-22 00:00:00+00:00,2024-08-29 00:00:00+00:00,0.0,,0.012813980462318408
ht2.vwap_reversion,5w,T,2024-08-22 00:00:00+00:00,2024-09-27 00:00:00+00:00,0.0,,0.12250128024052453
ht2.vwap_reversion,1d,T,2024-09-27 00:00:00+00:00,2024-09-30 00:00:00+00:00,0.0,,0.004566109332452495
ht2.vwap_reversion,1w,T,2024-09-27 00:00:00+00:00,2024-10-04 00:00:00+00:00,0.0,,0.00045668731832892995
ht2.vwap_reversion,5w,T,2024-09-27 00:00:00+00:00,2024-11-01 00:00:00+00:00,0.0,,0.023014157306867844
ht2.vwap_reversion,1d,T,2024-11-01 00:00:00+00:00,2024-11-04 00:00:00+00:00,0.0,,-0.009041669801111873
ht2.vwap_reversion,1w,T,2024-11-01 00:00:00+00:00,2024-11-08 00:00:00+00:00,0.0,,0.009945696781175295
ht2.vwap_reversion,5w,T,2024-11-01 00:00:00+00:00,2024-12-09 00:00:00+00:00,0.0,,0.056509899590099
ht2.vwap_reversion,1d,T,2024-12-09 00:00:00+00:00,2024-12-10 00:00:00+00:00,0.0,,0.00599041762866559
ht2.vwap_reversion,1w,T,2024-12-09 00:00:00+00:00,2024-12-16 00:00:00+00:00,0.0,,-0.022678691083588887
ht2.vwap_reversion,5w,T,2024-12-09 00:00:00+00:00,2025-01-16 00:00:00+00:00,0.0,,-0.04580668557463086
ht2.vwap_reversion,1d,T,2025-01-16 00:00:00+00:00,2025-01-17 00:00:00+00:00,0.0,,0.012261572182784786
ht2.vwap_reversion,1w,T,2025-01-16 00:00:00+00:00,2025-01-24 00:00:00+00:00,0.0,,0.031789172061502224
ht2.vwap_reversion,5w,T,2025-01-16 00:00:00+00:00,2025-02-24 00:00:00+00:00,0.0,,0.2143505944927544
ht2.vwap_reversion,1d,T,2025-02-24 00:00:00+00:00,2025-02-25 00:00:00+00:00,0.0,,-0.0033657673548547207
ht2.vwap_reversion,1w,T,2025-02-24 00:00:00+00:00,2025-03-03 00:00:00+00:00,0.0,,0.03664902625507427
ht2.vwap_reversion,5w,T,2025-02-24 00:00:00+00:00,2025-03-31 00:00:00+00:00,0.0,,0.05759162104083804
ht2.vwap_reversion,1d,T,2025-03-31 00:00:00+00:00,2025-04-01 00:00:00+00:00,0.0,,0.007072152405085852
ht2.vwap_reversion,1w,T,2025-03-31 00:00:00+00:00,2025-04-07 00:00:00+00:00,0.0,,-0.051273032848556443
ht2.vwap_reversion,5w,T,2025-03-31 00:00:00+00:00,2025-05-06 00:00:00+00:00,0.0,,0.006325605777965038
ht2.vwap_reversion,1d,T,2025-05-06 00:00:00+00:00,2025-05-07 00:00:00+00:00,-1.0,1.0,-0.0021307168726142356
ht2.vwap_reversion,1w,T,2025-05-06 00:00:00+00:00,2025-05-13 00:00:00+00:00,-1.0,1.0,-0.060724356341765984
ht2.vwap_reversion,5w,T,2025-05-06 00:00:00+00:00,2025-06-11 00:00:00+00:00,-1.0,0.0,0.006392007347477469
ht2.vwap_reversion,1d,T,2025-06-11 00:00:00+00:00,2025-06-12 00:00:00+00:00,0.0,,-0.002470024061042464
ht2.vwap_reversion,1w,T,2025-06-11 00:00:00+00:00,2025-06-18 00:00:00+00:00,0.0,,-0.023994417764128917
ht2.vwap_reversion,5w,T,2025-06-11 00:00:00+00:00,2025-07-18 00:00:00+00:00,0.0,,-0.03990169729894655
ht2.vwap_reversion,1d,T,2025-07-18 00:00:00+00:00,2025-07-21 00:00:00+00:00,0.0,,0.016332551864663758
ht2.vwap_reversion,1w,T,2025-07-18 00:00:00+00:00,2025-07-25 00:00:00+00:00,0.0,,0.03934683137462036
ht2.vwap_reversion,5w,T,2025-07-18 00:00:00+00:00,2025-08-22 00:00:00+00:00,0.0,,0.06792876006855741
ht2.vwap_reversion,1d,T,2025-08-22 00:00:00+00:00,2025-08-25 00:00:00+00:00,0.0,,-0.0010427976773955683
ht2.vwap_reversion,1w,T,2025-08-22 00:00:00+00:00,2025-08-29 00:00:00+00:00,0.0,,0.018074465514990923
ht2.vwap_reversion,5w,T,2025-08-22 00:00:00+00:00,2025-09-29 00:00:00+00:00,0.0,,-0.02433090446609809
ht2.vwap_reversion,1d,T,2025-09-29 00:00:00+00:00,2025-09-30 00:00:00+00:00,0.0,,0.006056263517015825
ht2.vwap_reversion,1w,T,2025-09-29 00:00:00+00:00,2025-10-06 00:00:00+00:00,0.0,,-0.0783754427995641
ht2.vwap_reversion,5w,T,2025-09-29 00:00:00+00:00,2025-11-03 00:00:00+00:00,0.0,,-0.11670490595412197
ht2.vwap_reversion,1d,T,2025-11-03 00:00:00+00:00,2025-11-04 00:00:00+00:00,0.0,,-0.003668960901714202
ht2.vwap_reversion,1w,T,2025-11-03 00:00:00+00:00,2025-11-10 00:00:00+00:00,0.0,,0.012229869672379934
ht2.vwap_reversion,5w,T,2025-11-03 00:00:00+00:00,2025-12-09 00:00:00+00:00,0.0,,-0.0008153783482008903
ht2.vwap_reversion,1d,T,2025-12-09 00:00:00+00:00,2025-12-10 00:00:00+00:00,1.0,0.0,-0.004896101153949672
ht2.vwap_reversion,1w,T,2025-12-09 00:00:00+00:00,2025-12-16 00:00:00+00:00,1.0,0.0,-0.017951914046618223
ht2.vwap_reversion,5w,T,2025-12-09 00:00:00+00:00,2026-01-15 00:00:00+00:00,1.0,0.0,-0.02047292644714538
ht2.vwap_reversion,1d,T,2026-01-15 00:00:00+00:00,2026-01-16 00:00:00+00:00,0.0,,-0.010113741733818626
ht2.vwap_reversion,1w,T,2026-01-15 00:00:00+00:00,2026-01-23 00:00:00+00:00,0.0,,-0.005899600372219815
ht2.vwap_reversion,5w,T,2026-01-15 00:00:00+00:00,2026-02-23 00:00:00+00:00,0.0,,0.20185433413504716
ht2.vwap_reversion,1d,T,2026-02-23 00:00:00+00:00,2026-02-24 00:00:00+00:00,0.0,,-0.005960774527459467
ht2.vwap_reversion,1w,T,2026-02-23 00:00:00+00:00,2026-03-02 00:00:00+00:00,0.0,,-0.01788225510000241
ht2.vwap_reversion,5w,T,2026-02-23 00:00:00+00:00,2026-03-30 00:00:00+00:00,0.0,,0.009116373951303602
ht2.vwap_reversion,1d,T,2026-03-30 00:00:00+00:00,2026-03-31 00:00:00+00:00,0.0,,0.007296705617492849
ht2.vwap_reversion,1w,T,2026-03-30 00:00:00+00:00,2026-04-07 00:00:00+00:00,0.0,,-0.025712336474766895
ht2.vwap_reversion,5w,T,2026-03-30 00:00:00+00:00,2026-05-05 00:00:00+00:00,0.0,,-0.09065077696817136
ht2.vwap_reversion,1d,T,2026-05-05 00:00:00+00:00,2026-05-06 00:00:00+00:00,0.0,,-0.012741312453170561
ht2.vwap_reversion,1w,T,2026-05-05 00:00:00+00:00,2026-05-12 00:00:00+00:00,0.0,,-0.02586875468296168
ht2.vwap_reversion,5w,T,2026-05-05 00:00:00+00:00,2026-06-10 00:00:00+00:00,0.0,,-0.10386099925072612
ht2.vwap_reversion,1d,T,2026-06-10 00:00:00+00:00,2026-06-11 00:00:00+00:00,0.0,,-0.009047846674783533
ht2.vwap_reversion,1w,T,2026-06-10 00:00:00+00:00,2026-06-17 00:00:00+00:00,0.0,,-0.03317529901048777
ht2.vwap_reversion,5w,T,2026-06-10 00:00:00+00:00,2026-07-17 00:00:00+00:00,0.0,,-0.047736664240494164
ht2.vwap_reversion,1d,T,2026-07-17 00:00:00+00:00,2026-07-20 00:00:00+00:00,0.0,,0.00641913344453271
ht2.vwap_reversion,1w,T,2026-07-17 00:00:00+00:00,2026-07-24 00:00:00+00:00,0.0,,0.10637321190433946
ht2.vwap_reversion,5w,T,2026-07-17 00:00:00+00:00,2026-08-21 00:00:00+00:00,0.0,,0.15955990530945185
ht2.vwap_reversion,1d,TSLA,2017-11-16 00:00:00+00:00,2017-11-17 00:00:00+00:00,0.0,,0.00816000416015683
ht2.vwap_reversion,1w,TSLA,2017-11-16 00:00:00+00:00,2017-11-24 00:00:00+00:00,0.0,,0.009760071396489156
ht2.vwap_reversion,5w,TSLA,2017-11-16 00:00:00+00:00,2017-12-22 00:00:00+00:00,0.0,,0.04064007816406767
ht2.vwap_reversion,1d,TSLA,2017-12-22 00:00:00+00:00,2017-12-26 00:00:00+00:00,0.0,,-0.02432353347942262
ht2.vwap_reversion,1w,TSLA,2017-12-22 00:00:00+00:00,2018-01-02 00:00:00+00:00,0.0,,-0.014360364310621931
ht2.vwap_reversion,5w,TSLA,2017-12-22 00:00:00+00:00,2018-01-31 00:00:00+00:00,0.0,,0.0895141222976441
ht2.vwap_reversion,1d,TSLA,2018-01-31 00:00:00+00:00,2018-02-01 00:00:00+00:00,0.0,,-0.014281293846785892
ht2.vwap_reversion,1w,TSLA,2018-01-31 00:00:00+00:00,2018-02-07 00:00:00+00:00,0.0,,-0.026276417890393033
ht2.vwap_reversion,5w,TSLA,2018-01-31 00:00:00+00:00,2018-03-08 00:00:00+00:00,0.0,,-0.07115235167350986
ht2.vwap_reversion,1d,TSLA,2018-03-08 00:00:00+00:00,2018-03-09 00:00:00+00:00,0.0,,-0.005864531827206032
ht2.vwap_reversion,1w,TSLA,2018-03-08 00:00:00+00:00,2018-03-15 00:00:00+00:00,0.0,,-0.010635076662112164
ht2.vwap_reversion,5w,TSLA,2018-03-08 00:00:00+00:00,2018-04-13 00:00:00+00:00,0.0,,-0.08738986126864412
ht2.vwap_reversion,1d,TSLA,2018-04-13 00:00:00+00:00,2018-04-16 00:00:00+00:00,0.0,,-0.030398916175857993
ht2.vwap_reversion,1w,TSLA,2018-04-13 00:00:00+00:00,2018-04-20 00:00:00+00:00,0.0,,-0.03362859323482503
ht2.vwap_reversion,5w,TSLA,2018-04-13 00:00:00+00:00,2018-05-18 00:00:00+00:00,0.0,,-0.07831128584661473
ht2.vwap_reversion,1d,TSLA,2018-05-18 00:00:00+00:00,2018-05-21 00:00:00+00:00,0.0,,0.027707543542699442
ht2.vwap_reversion,1w,TSLA,2018-05-18 00:00:00+00:00,2018-05-25 00:00:00+00:00,0.0,,0.007333322308992862
ht2.vwap_reversion,5w,TSLA,2018-05-18 00:00:00+00:00,2018-06-25 00:00:00+00:00,0.0,,0.20298390997523663
ht2.vwap_reversion,1d,TSLA,2018-06-25 00:00:00+00:00,2018-06-26 00:00:00+00:00,0.0,,0.02699616299368457
ht2.vwap_reversion,1w,TSLA,2018-06-25 00:00:00+00:00,2018-07-02 00:00:00+00:00,0.0,,0.006185981700484344
ht2.vwap_reversion,5w,TSLA,2018-06-25 00:00:00+00:00,2018-07-31 00:00:00+00:00,0.0,,-0.10471158532598712
ht2.vwap_reversion,1d,TSLA,2018-07-31 00:00:00+00:00,2018-08-01 00:00:00+00:00,0.0,,0.00905616372260365
ht2.vwap_reversion,1w,TSLA,2018-07-31 00:00:00+00:00,2018-08-07 00:00:00+00:00,0.0,,0.27312674675560666
ht2.vwap_reversion,5w,TSLA,2018-07-31 00:00:00+00:00,2018-09-05 00:00:00+00:00,0.0,,-0.05836183736522593
ht2.vwap_reversion,1d,TSLA,2018-09-05 00:00:00+00:00,2018-09-06 00:00:00+00:00,0.0,,0.000748019836589231
ht2.vwap_reversion,1w,TSLA,2018-09-05 00:00:00+00:00,2018-09-12 00:00:00+00:00,0.0,,0.03490776222426484
ht2.vwap_reversion,5w,TSLA,2018-09-05 00:00:00+00:00,2018-10-10 00:00:00+00:00,0.0,,-0.0849896265750455
ht2.vwap_reversion,1d,TSLA,2018-10-10 00:00:00+00:00,2018-10-11 00:00:00+00:00,0.0,,-0.01810191714594478
ht2.vwap_reversion,1w,TSLA,2018-10-10 00:00:00+00:00,2018-10-17 00:00:00+00:00,0.0,,0.05800376383552597
ht2.vwap_reversion,5w,TSLA,2018-10-10 00:00:00+00:00,2018-11-14 00:00:00+00:00,0.0,,0.33914659590290563
ht2.vwap_reversion,1d,TSLA,2018-11-14 00:00:00+00:00,2018-11-15 00:00:00+00:00,0.0,,0.012907039788430774
ht2.vwap_reversion,1w,TSLA,2018-11-14 00:00:00+00:00,2018-11-21 00:00:00+00:00,0.0,,-0.01688951735289501
ht2.vwap_reversion,5w,TSLA,2018-11-14 00:00:00+00:00,2018-12-21 00:00:00+00:00,0.0,,-0.0704359758346681
ht2.vwap_reversion,1d,TSLA,2018-12-21 00:00:00+00:00,2018-12-24 00:00:00+00:00,0.0,,-0.07624231754928879
ht2.vwap_reversion,1w,TSLA,2018-12-21 00:00:00+00:00,2018-12-31 00:00:00+00:00,0.0,,0.04074799056471767
ht2.vwap_reversion,5w,TSLA,2018-12-21 00:00:00+00:00,2019-01-30 00:00:00+00:00,0.0,,-0.034399735451345004
ht2.vwap_reversion,1d,TSLA,2019-01-30 00:00:00+00:00,2019-01-31 00:00:00+00:00,0.0,,-0.005667655087972956
ht2.vwap_reversion,1w,TSLA,2019-01-30 00:00:00+00:00,2019-02-06 00:00:00+00:00,0.0,,0.027366656245650933
ht2.vwap_reversion,5w,TSLA,2019-01-30 00:00:00+00:00,2019-03-07 00:00:00+00:00,0.0,,-0.10422001105603684
ht2.vwap_reversion,1d,TSLA,2019-03-07 00:00:00+00:00,2019-03-08 00:00:00+00:00,0.0,,0.02729675994497449
ht2.vwap_reversion,1w,TSLA,2019-03-07 00:00:00+00:00,2019-03-14 00:00:00+00:00,0.0,,0.048338762336280316
ht2.vwap_reversion,5w,TSLA,2019-03-07 00:00:00+00:00,2019-04-11 00:00:00+00:00,0.0,,-0.029538285978380596
ht2.vwap_reversion,1d,TSLA,2019-04-11 00:00:00+00:00,2019-04-12 00:00:00+00:00,0.0,,-0.00268238221889483
ht2.vwap_reversion,1w,TSLA,2019-04-11 00:00:00+00:00,2019-04-18 00:00:00+00:00,0.0,,0.018031415400557638
ht2.vwap_reversion,5w,TSLA,2019-04-11 00:00:00+00:00,2019-05-17 00:00:00+00:00,0.0,,-0.2138066793939304
ht2.vwap_reversion,1d,TSLA,2019-05-17 00:00:00+00:00,2019-05-20 00:00:00+00:00,0.0,,-0.026868234803977042
ht2.vwap_reversion,1w,TSLA,2019-05-17 00:00:00+00:00,2019-05-24 00:00:00+00:00,0.0,,-0.09666875835094835
ht2.vwap_reversion,5w,TSLA,2019-05-17 00:00:00+00:00,2019-06-24 00:00:00+00:00,0.0,,0.05975447372900344
ht2.vwap_reversion,1d,TSLA,2019-06-24 00:00:00+00:00,2019-06-25 00:00:00+00:00,0.0,,-0.0173492693830819
ht2.vwap_reversion,1w,TSLA,2019-06-24 00:00:00+00:00,2019-07-01 00:00:00+00:00,0.0,,0.01578430363533756
ht2.vwap_reversion,5w,TSLA,2019-06-24 00:00:00+00:00,2019-07-30 00:00:00+00:00,0.0,,0.0832588515136885
ht2.vwap_reversion,1d,TSLA,2019-07-30 00:00:00+00:00,2019-07-31 00:00:00+00:00,0.0,,-0.002683168467668695
ht2.vwap_reversion,1w,TSLA,2019-07-30 00:00:00+00:00,2019-08-06 00:00:00+00:00,0.0,,-0.047510977430325285
ht2.vwap_reversion,5w,TSLA,2019-07-30 00:00:00+00:00,2019-09-04 00:00:00+00:00,0.0,,-0.08907788640489789
ht2.vwap_reversion,1d,TSLA,2019-09-04 00:00:00+00:00,2019-09-05 00:00:00+00:00,0.0,,0.040329883675328304
ht2.vwap_reversion,1w,TSLA,2019-09-04 00:00:00+00:00,2019-09-11 00:00:00+00:00,0.0,,0.11972087264571374
ht2.vwap_reversion,5w,TSLA,2019-09-04 00:00:00+00:00,2019-10-09 00:00:00+00:00,0.0,,0.10807505193933875
ht2.vwap_reversion,1d,TSLA,2019-10-09 00:00:00+00:00,2019-10-10 00:00:00+00:00,0.0,,0.0008587865860343324
ht2.vwap_reversion,1w,TSLA,2019-10-09 00:00:00+00:00,2019-10-16 00:00:00+00:00,0.0,,0.06224190333315671
ht2.vwap_reversion,5w,TSLA,2019-10-09 00:00:00+00:00,2019-11-13 00:00:00+00:00,0.0,,0.4154091117724781
ht2.vwap_reversion,1d,TSLA,2019-11-13 00:00:00+00:00,2019-11-14 00:00:00+00:00,0.0,,0.009361251460125342
ht2.vwap_reversion,1w,TSLA,2019-11-13 00:00:00+00:00,2019-11-20 00:00:00+00:00,0.0,,0.01765334942050867
ht2.vwap_reversion,5w,TSLA,2019-11-13 00:00:00+00:00,2019-12-19 00:00:00+00:00,0.0,,0.16737459992505843
ht2.vwap_reversion,1d,TSLA,2019-12-19 00:00:00+00:00,2019-12-20 00:00:00+00:00,0.0,,0.003836223506470837
ht2.vwap_reversion,1w,TSLA,2019-12-19 00:00:00+00:00,2019-12-27 00:00:00+00:00,0.0,,0.06519151164738801
ht2.vwap_reversion,5w,TSLA,2019-12-19 00:00:00+00:00,2020-01-28 00:00:00+00:00,0.0,,0.4030787789626875
ht2.vwap_reversion,1d,TSLA,2020-01-28 00:00:00+00:00,2020-01-29 00:00:00+00:00,0.0,,0.024854513769903663
ht2.vwap_reversion,1w,TSLA,2020-01-28 00:00:00+00:00,2020-02-04 00:00:00+00:00,0.0,,0.5647557683504929
ht2.vwap_reversion,5w,TSLA,2020-01-28 00:00:00+00:00,2020-03-04 00:00:00+00:00,0.0,,0.32210275357703577
ht2.vwap_reversion,1d,TSLA,2020-03-04 00:00:00+00:00,2020-03-05 00:00:00+00:00,0.0,,-0.033302230445070524
ht2.vwap_reversion,1w,TSLA,2020-03-04 00:00:00+00:00,2020-03-11 00:00:00+00:00,0.0,,-0.1537958425958712
ht2.vwap_reversion,5w,TSLA,2020-03-04 00:00:00+00:00,2020-04-08 00:00:00+00:00,0.0,,-0.267725172619503
ht2.vwap_reversion,1d,TSLA,2020-04-08 00:00:00+00:00,2020-04-09 00:00:00+00:00,0.0,,0.04402015748241661
ht2.vwap_reversion,1w,TSLA,2020-04-08 00:00:00+00:00,2020-04-16 00:00:00+00:00,0.0,,0.35779103835263815
ht2.vwap_reversion,5w,TSLA,2020-04-08 00:00:00+00:00,2020-05-14 00:00:00+00:00,0.0,,0.4636870477457846
ht2.vwap_reversion,1d,TSLA,2020-05-14 00:00:00+00:00,2020-05-15 00:00:00+00:00,0.0,,-0.005178425650618879
ht2.vwap_reversion,1w,TSLA,2020-05-14 00:00:00+00:00,2020-05-21 00:00:00+00:00,0.0,,0.030211744835481724
ht2.vwap_reversion,5w,TSLA,2020-05-14 00:00:00+00:00,2020-06-19 00:00:00+00:00,0.0,,0.24593885595691334
ht2.vwap_reversion,1d,TSLA,2020-06-19 00:00:00+00:00,2020-06-22 00:00:00+00:00,0.0,,-0.0065740925163715325
ht2.vwap_reversion,1w,TSLA,2020-06-19 00:00:00+00:00,2020-06-26 00:00:00+00:00,0.0,,-0.04112303707364218
ht2.vwap_reversion,5w,TSLA,2020-06-19 00:00:00+00:00,2020-07-27 00:00:00+00:00,0.0,,0.5382155358370766
ht2.vwap_reversion,1d,TSLA,2020-07-27 00:00:00+00:00,2020-07-28 00:00:00+00:00,0.0,,-0.040991122577997974
ht2.vwap_reversion,1w,TSLA,2020-07-27 00:00:00+00:00,2020-08-03 00:00:00+00:00,0.0,,-0.0354637510843121
ht2.vwap_reversion,5w,TSLA,2020-07-27 00:00:00+00:00,2020-08-31 00:00:00+00:00,0.0,,0.6183425095683341
ht2.vwap_reversion,1d,TSLA,2020-08-31 00:00:00+00:00,2020-09-01 00:00:00+00:00,-1.0,1.0,-0.04669690804684601
ht2.vwap_reversion,1w,TSLA,2020-08-31 00:00:00+00:00,2020-09-08 00:00:00+00:00,-1.0,1.0,-0.33735353965339043
ht2.vwap_reversion,5w,TSLA,2020-08-31 00:00:00+00:00,2020-10-06 00:00:00+00:00,-1.0,1.0,-0.1692487217718004
ht2.vwap_reversion,1d,TSLA,2020-10-06 00:00:00+00:00,2020-10-07 00:00:00+00:00,0.0,,0.027344297266189477
ht2.vwap_reversion,1w,TSLA,2020-10-06 00:00:00+00:00,2020-10-13 00:00:00+00:00,0.0,,0.07891685227816425
ht2.vwap_reversion,5w,TSLA,2020-10-06 00:00:00+00:00,2020-11-10 00:00:00+00:00,0.0,,-0.008744372082099328
ht2.vwap_reversion,1d,TSLA,2020-11-10 00:00:00+00:00,2020-11-11 00:00:00+00:00,0.0,,0.0164977197153513
ht2.vwap_reversion,1w,TSLA,2020-11-10 00:00:00+00:00,2020-11-17 00:00:00+00:00,0.0,,0.07615268352741289
ht2.vwap_reversion,5w,TSLA,2020-11-10 00:00:00+00:00,2020-12-16 00:00:00+00:00,0.0,,0.5176186472545838
ht2.vwap_reversion,1d,TSLA,2020-12-16 00:00:00+00:00,2020-12-17 00:00:00+00:00,0.0,,0.05319781856425476
ht2.vwap_reversion,1w,TSLA,2020-12-16 00:00:00+00:00,2020-12-23 00:00:00+00:00,0.0,,0.03726896264194979
ht2.vwap_reversion,5w,TSLA,2020-12-16 00:00:00+00:00,2021-01-25 00:00:00+00:00,0.0,,0.4143263706485545
ht2.vwap_reversion,1d,TSLA,2021-01-25 00:00:00+00:00,2021-01-26 00:00:00+00:00,-1.0,0.0,0.0025999188207492807
ht2.vwap_reversion,1w,TSLA,2021-01-25 00:00:00+00:00,2021-02-01 00:00:00+00:00,-1.0,1.0,-0.04653722681908823
ht2.vwap_reversion,5w,TSLA,2021-01-25 00:00:00+00:00,2021-03-02 00:00:00+00:00,-1.0,1.0,-0.22066302971150187
ht2.vwap_reversion,1d,TSLA,2021-03-02 00:00:00+00:00,2021-03-03 00:00:00+00:00,0.0,,-0.048423758283395846
ht2.vwap_reversion,1w,TSLA,2021-03-02 00:00:00+00:00,2021-03-09 00:00:00+00:00,0.0,,-0.01873433989678641
ht2.vwap_reversion,5w,TSLA,2021-03-02 00:00:00+00:00,2021-04-07 00:00:00+00:00,0.0,,-0.022536611123155414
ht2.vwap_reversion,1d,TSLA,2021-04-07 00:00:00+00:00,2021-04-08 00:00:00+00:00,0.0,,0.019121596134364482
ht2.vwap_reversion,1w,TSLA,2021-04-07 00:00:00+00:00,2021-04-14 00:00:00+00:00,0.0,,0.09130064799994386
ht2.vwap_reversion,5w,TSLA,2021-04-07 00:00:00+00:00,2021-05-12 00:00:00+00:00,0.0,,-0.12083993771679513
ht2.vwap_reversion,1d,TSLA,2021-05-12 00:00:00+00:00,2021-05-13 00:00:00+00:00,0.0,,-0.030853203980896415
ht2.vwap_reversion,1w,TSLA,2021-05-12 00:00:00+00:00,2021-05-19 00:00:00+00:00,0.0,,-0.04480495010842489
ht2.vwap_reversion,5w,TSLA,2021-05-12 00:00:00+00:00,2021-06-17 00:00:00+00:00,0.0,,0.04527963866244766
ht2.vwap_reversion,1d,TSLA,2021-06-17 00:00:00+00:00,2021-06-18 00:00:00+00:00,0.0,,0.010882243306208572
ht2.vwap_reversion,1w,TSLA,2021-06-17 00:00:00+00:00,2021-06-24 00:00:00+00:00,0.0,,0.1025300016711419
ht2.vwap_reversion,5w,TSLA,2021-06-17 00:00:00+00:00,2021-07-23 00:00:00+00:00,0.0,,0.043431718863923496
ht2.vwap_reversion,1d,TSLA,2021-07-23 00:00:00+00:00,2021-07-26 00:00:00+00:00,0.0,,0.022133069927244398
ht2.vwap_reversion,1w,TSLA,2021-07-23 00:00:00+00:00,2021-07-30 00:00:00+00:00,0.0,,0.06810901090306842
ht2.vwap_reversion,5w,TSLA,2021-07-23 00:00:00+00:00,2021-08-27 00:00:00+00:00,0.0,,0.10653111868635223
ht2.vwap_reversion,1d,TSLA,2021-08-27 00:00:00+00:00,2021-08-30 00:00:00+00:00,0.0,,0.026674352644943333
ht2.vwap_reversion,1w,TSLA,2021-08-27 00:00:00+00:00,2021-09-03 00:00:00+00:00,0.0,,0.030410689725459017
ht2.vwap_reversion,5w,TSLA,2021-08-27 00:00:00+00:00,2021-10-04 00:00:00+00:00,0.0,,0.09777786065317118
ht2.vwap_reversion,1d,TSLA,2021-10-04 00:00:00+00:00,2021-10-05 00:00:00+00:00,0.0,,-0.001202850103416031
ht2.vwap_reversion,1w,TSLA,2021-10-04 00:00:00+00:00,2021-10-11 00:00:00+00:00,0.0,,0.013320030289143192
ht2.vwap_reversion,5w,TSLA,2021-10-04 00:00:00+00:00,2021-11-08 00:00:00+00:00,0.0,,0.4880298374301464
ht2.vwap_reversion,1d,TSLA,2021-11-08 00:00:00+00:00,2021-11-09 00:00:00+00:00,0.0,,-0.11990303254359858
ht2.vwap_reversion,1w,TSLA,2021-11-08 00:00:00+00:00,2021-11-15 00:00:00+00:00,0.0,,-0.12859650368599473
ht2.vwap_reversion,5w,TSLA,2021-11-08 00:00:00+00:00,2021-12-14 00:00:00+00:00,0.0,,-0.1757872484944979
ht2.vwap_reversion,1d,TSLA,2021-12-14 00:00:00+00:00,2021-12-15 00:00:00+00:00,0.0,,0.018236618133556703
ht2.vwap_reversion,1w,TSLA,2021-12-14 00:00:00+00:00,2021-12-21 00:00:00+00:00,0.0,,-0.020844864862025192
ht2.vwap_reversion,5w,TSLA,2021-12-14 00:00:00+00:00,2022-01-20 00:00:00+00:00,0.0,,0.03939448788550726
ht2.vwap_reversion,1d,TSLA,2022-01-20 00:00:00+00:00,2022-01-21 00:00:00+00:00,0.0,,-0.05256606712507206
ht2.vwap_reversion,1w,TSLA,2022-01-20 00:00:00+00:00,2022-01-27 00:00:00+00:00,0.0,,-0.16779586332381446
ht2.vwap_reversion,5w,TSLA,2022-01-20 00:00:00+00:00,2022-02-25 00:00:00+00:00,0.0,,-0.1870978710108735
ht2.vwap_reversion,1d,TSLA,2022-02-25 00:00:00+00:00,2022-02-28 00:00:00+00:00,0.0,,0.07477746853358713
ht2.vwap_reversion,1w,TSLA,2022-02-25 00:00:00+00:00,2022-03-04 00:00:00+00:00,0.0,,0.0350920309203997
ht2.vwap_reversion,5w,TSLA,2022-02-25 00:00:00+00:00,2022-04-01 00:00:00+00:00,0.0,,0.33921493928288005
ht2.vwap_reversion,1d,TSLA,2022-04-01 00:00:00+00:00,2022-04-04 00:00:00+00:00,0.0,,0.05611341298759176
ht2.vwap_reversion,1w,TSLA,2022-04-01 00:00:00+00:00,2022-04-08 00:00:00+00:00,0.0,,-0.054490670963815435
ht2.vwap_reversion,5w,TSLA,2022-04-01 00:00:00+00:00,2022-05-09 00:00:00+00:00,0.0,,-0.27427877077122875
ht2.vwap_reversion,1d,TSLA,2022-05-09 00:00:00+00:00,2022-05-10 00:00:00+00:00,1.0,1.0,0.016427173986372612
ht2.vwap_reversion,1w,TSLA,2022-05-09 00:00:00+00:00,2022-05-16 00:00:00+00:00,1.0,0.0,-0.07970930543633259
ht2.vwap_reversion,5w,TSLA,2022-05-09 00:00:00+00:00,2022-06-14 00:00:00+00:00,1.0,0.0,-0.1580973301044276
ht2.vwap_reversion,1d,TSLA,2022-06-14 00:00:00+00:00,2022-06-15 00:00:00+00:00,0.0,,0.05482367080362738
ht2.vwap_reversion,1w,TSLA,2022-06-14 00:00:00+00:00,2022-06-22 00:00:00+00:00,0.0,,0.06879745834676632
ht2.vwap_reversion,5w,TSLA,2022-06-14 00:00:00+00:00,2022-07-21 00:00:00+00:00,0.0,,0.23005417080822133
ht2.vwap_reversion,1d,TSLA,2022-07-21 00:00:00+00:00,2022-07-22 00:00:00+00:00,-1.0,0.0,0.0019752262198982073
ht2.vwap_reversion,1w,TSLA,2022-07-21 00:00:00+00:00,2022-07-28 00:00:00+00:00,-1.0,0.0,0.033835492611490325
ht2.vwap_reversion,5w,TSLA,2022-07-21 00:00:00+00:00,2022-08-25 00:00:00+00:00,-1.0,0.0,0.08966781246110989
ht2.vwap_reversion,1d,TSLA,2022-08-25 00:00:00+00:00,2022-08-26 00:00:00+00:00,0.0,,-0.026953121859416895
ht2.vwap_reversion,1w,TSLA,2022-08-25 00:00:00+00:00,2022-09-01 00:00:00+00:00,0.0,,-0.06387004152501508
ht2.vwap_reversion,5w,TSLA,2022-08-25 00:00:00+00:00,2022-09-30 00:00:00+00:00,0.0,,-0.10409702624983741
ht2.vwap_reversion,1d,TSLA,2022-09-30 00:00:00+00:00,2022-10-03 00:00:00+00:00,0.0,,-0.08614516909902203
ht2.vwap_reversion,1w,TSLA,2022-09-30 00:00:00+00:00,2022-10-07 00:00:00+00:00,0.0,,-0.15901976503593307
ht2.vwap_reversion,5w,TSLA,2022-09-30 00:00:00+00:00,2022-11-04 00:00:00+00:00,0.0,,-0.21783222913966782
ht2.vwap_reversion,1d,TSLA,2022-11-04 00:00:00+00:00,2022-11-07 00:00:00+00:00,0.0,,-0.05007952633400592
ht2.vwap_reversion,1w,TSLA,2022-11-04 00:00:00+00:00,2022-11-11 00:00:00+00:00,0.0,,-0.05542970035348138
ht2.vwap_reversion,5w,TSLA,2022-11-04 00:00:00+00:00,2022-12-12 00:00:00+00:00,0.0,,-0.19111193745213007
ht2.vwap_reversion,1d,TSLA,2022-12-12 00:00:00+00:00,2022-12-13 00:00:00+00:00,0.0,,-0.04093677795344208
ht2.vwap_reversion,1w,TSLA,2022-12-12 00:00:00+00:00,2022-12-19 00:00:00+00:00,0.0,,-0.10695990599233407
ht2.vwap_reversion,5w,TSLA,2022-12-12 00:00:00+00:00,2023-01-19 00:00:00+00:00,0.0,,-0.24222385520899126
ht2.vwap_reversion,1d,TSLA,2023-01-19 00:00:00+00:00,2023-01-20 00:00:00+00:00,0.0,,0.049146812062518475
ht2.vwap_reversion,1w,TSLA,2023-01-19 00:00:00+00:00,2023-01-26 00:00:00+00:00,0.0,,0.26028156467803254
ht2.vwap_reversion,5w,TSLA,2023-01-19 00:00:00+00:00,2023-02-24 00:00:00+00:00,0.0,,0.5481639358149353
ht2.vwap_reversion,1d,TSLA,2023-02-24 00:00:00+00:00,2023-02-27 00:00:00+00:00,0.0,,0.0546017865369246
ht2.vwap_reversion,1w,TSLA,2023-02-24 00:00:00+00:00,2023-03-03 00:00:00+00:00,0.0,,0.004622045818527765
ht2.vwap_reversion,5w,TSLA,2023-02-24 00:00:00+00:00,2023-03-31 00:00:00+00:00,0.0,,0.05373832572460646
ht2.vwap_reversion,1d,TSLA,2023-03-31 00:00:00+00:00,2023-04-03 00:00:00+00:00,-1.0,1.0,-0.0611684277968263
ht2.vwap_reversion,1w,TSLA,2023-03-31 00:00:00+00:00,2023-04-10 00:00:00+00:00,-1.0,1.0,-0.11062378995622169
ht2.vwap_reversion,5w,TSLA,2023-03-31 00:00:00+00:00,2023-05-08 00:00:00+00:00,-1.0,1.0,-0.1719368180534725
ht2.vwap_reversion,1d,TSLA,2023-05-08 00:00:00+00:00,2023-05-09 00:00:00+00:00,-1.0,1.0,-0.015367597024416146
ht2.vwap_reversion,1w,TSLA,2023-05-08 00:00:00+00:00,2023-05-15 00:00:00+00:00,-1.0,1.0,-0.03166649627581253
ht2.vwap_reversion,5w,TSLA,2023-05-08 00:00:00+00:00,2023-06-13 00:00:00+00:00,-1.0,0.0,0.505966596227591
ht2.vwap_reversion,1d,TSLA,2023-06-13 00:00:00+00:00,2023-06-14 00:00:00+00:00,0.0,,-0.007421371317580694
ht2.vwap_reversion,1w,TSLA,2023-06-13 00:00:00+00:00,2023-06-21 00:00:00+00:00,0.0,,0.002898998974804723
ht2.vwap_reversion,5w,TSLA,2023-06-13 00:00:00+00:00,2023-07-20 00:00:00+00:00,0.0,,0.016195750376087892
ht2.vwap_reversion,1d,TSLA,2023-07-20 00:00:00+00:00,2023-07-21 00:00:00+00:00,0.0,,-0.010954754468143868
ht2.vwap_reversion,1w,TSLA,2023-07-20 00:00:00+00:00,2023-07-27 00:00:00+00:00,0.0,,-0.027348753706887496
ht2.vwap_reversion,5w,TSLA,2023-07-20 00:00:00+00:00,2023-08-24 00:00:00+00:00,0.0,,-0.12499049590427158
ht2.vwap_reversion,1d,TSLA,2023-08-24 00:00:00+00:00,2023-08-25 00:00:00+00:00,0.0,,0.037167463490241914
ht2.vwap_reversion,1w,TSLA,2023-08-24 00:00:00+00:00,2023-08-31 00:00:00+00:00,0.0,,0.12189181926838066
ht2.vwap_reversion,5w,TSLA,2023-08-24 00:00:00+00:00,2023-09-29 00:00:00+00:00,0.0,,0.08772391116126332
ht2.vwap_reversion,1d,TSLA,2023-09-29 00:00:00+00:00,2023-10-02 00:00:00+00:00,0.0,,0.005515166158101215
ht2.vwap_reversion,1w,TSLA,2023-09-29 00:00:00+00:00,2023-10-06 00:00:00+00:00,0.0,,0.041203730750124734
ht2.vwap_reversion,5w,TSLA,2023-09-29 00:00:00+00:00,2023-11-03 00:00:00+00:00,0.0,,-0.12093355590764909
ht2.vwap_reversion,1d,TSLA,2023-11-03 00:00:00+00:00,2023-11-06 00:00:00+00:00,0.0,,-0.0031369449915678027
ht2.vwap_reversion,1w,TSLA,2023-11-03 00:00:00+00:00,2023-11-10 00:00:00+00:00,0.0,,-0.02414081039872973
ht2.vwap_reversion,5w,TSLA,2023-11-03 00:00:00+00:00,2023-12-11 00:00:00+00:00,0.0,,0.0899254326948058
ht2.vwap_reversion,1d,TSLA,2023-12-11 00:00:00+00:00,2023-12-12 00:00:00+00:00,0.0,,-0.011387381846063804
ht2.vwap_reversion,1w,TSLA,2023-12-11 00:00:00+00:00,2023-12-18 00:00:00+00:00,0.0,,0.0514724120094443
ht2.vwap_reversion,5w,TSLA,2023-12-11 00:00:00+00:00,2024-01-18 00:00:00+00:00,0.0,,-0.11620922654540433
ht2.vwap_reversion,1d,TSLA,2024-01-18 00:00:00+00:00,2024-01-19 00:00:00+00:00,0.0,,0.0014630807600990448
ht2.vwap_reversion,1w,TSLA,2024-01-18 00:00:00+00:00,2024-01-25 00:00:00+00:00,0.0,,-0.13804983635042734
ht2.vwap_reversion,5w,TSLA,2024-01-18 00:00:00+00:00,2024-02-23 00:00:00+00:00,0.0,,-0.09396829905267035
ht2.vwap_reversion,1d,TSLA,2024-02-23 00:00:00+00:00,2024-02-26 00:00:00+00:00,0.0,,0.03870392576202164
ht2.vwap_reversion,1w,TSLA,2024-02-23 00:00:00+00:00,2024-03-01 00:00:00+00:00,0.0,,0.05558159140020158
ht2.vwap_reversion,5w,TSLA,2024-02-23 00:00:00+00:00,2024-04-01 00:00:00+00:00,0.0,,-0.08725321609360692
ht2.vwap_reversion,1d,TSLA,2024-04-01 00:00:00+00:00,2024-04-02 00:00:00+00:00,0.0,,-0.049024062767074494
ht2.vwap_reversion,1w,TSLA,2024-04-01 00:00:00+00:00,2024-04-08 00:00:00+00:00,0.0,,-0.012783960036289455
ht2.vwap_reversion,5w,TSLA,2024-04-01 00:00:00+00:00,2024-05-06 00:00:00+00:00,0.0,,0.054445800819944656
ht2.vwap_reversion,1d,TSLA,2024-05-06 00:00:00+00:00,2024-05-07 00:00:00+00:00,0.0,,-0.0376163517800121
ht2.vwap_reversion,1w,TSLA,2024-05-06 00:00:00+00:00,2024-05-13 00:00:00+00:00,0.0,,-0.06965791026104073
ht2.vwap_reversion,5w,TSLA,2024-05-06 00:00:00+00:00,2024-06-11 00:00:00+00:00,0.0,,-0.0763151724612382
ht2.vwap_reversion,1d,TSLA,2024-06-11 00:00:00+00:00,2024-06-12 00:00:00+00:00,1.0,1.0,0.03884911216309472
ht2.vwap_reversion,1w,TSLA,2024-06-11 00:00:00+00:00,2024-06-18 00:00:00+00:00,1.0,1.0,0.08320635558145684
ht2.vwap_reversion,5w,TSLA,2024-06-11 00:00:00+00:00,2024-07-18 00:00:00+00:00,1.0,1.0,0.46038902132564585
ht2.vwap_reversion,1d,TSLA,2024-07-18 00:00:00+00:00,2024-07-19 00:00:00+00:00,0.0,,-0.0402439471622098
ht2.vwap_reversion,1w,TSLA,2024-07-18 00:00:00+00:00,2024-07-25 00:00:00+00:00,0.0,,-0.11627812151158678
ht2.vwap_reversion,5w,TSLA,2024-07-18 00:00:00+00:00,2024-08-22 00:00:00+00:00,0.0,,-0.1547566213000896
ht2.vwap_reversion,1d,TSLA,2024-08-22 00:00:00+00:00,2024-08-23 00:00:00+00:00,0.0,,0.0458558981020607
ht2.vwap_reversion,1w,TSLA,2024-08-22 00:00:00+00:00,2024-08-29 00:00:00+00:00,0.0,,-0.020791820025968466
ht2.vwap_reversion,5w,TSLA,2024-08-22 00:00:00+00:00,2024-09-27 00:00:00+00:00,0.0,,0.236399824016172
ht2.vwap_reversion,1d,TSLA,2024-09-27 00:00:00+00:00,2024-09-30 00:00:00+00:00,0.0,,0.004492104223754234
ht2.vwap_reversion,1w,TSLA,2024-09-27 00:00:00+00:00,2024-10-04 00:00:00+00:00,0.0,,-0.03985253000291866
ht2.vwap_reversion,5w,TSLA,2024-09-27 00:00:00+00:00,2024-11-01 00:00:00+00:00,0.0,,-0.04407585081841281
ht2.vwap_reversion,1d,TSLA,2024-11-01 00:00:00+00:00,2024-11-04 00:00:00+00:00,0.0,,-0.024660613282231014
ht2.vwap_reversion,1w,TSLA,2024-11-01 00:00:00+00:00,2024-11-08 00:00:00+00:00,0.0,,0.29014381369102815
ht2.vwap_reversion,5w,TSLA,2024-11-01 00:00:00+00:00,2024-12-09 00:00:00+00:00,0.0,,0.5655474947130792
ht2.vwap_reversion,1d,TSLA,2024-12-09 00:00:00+00:00,2024-12-10 00:00:00+00:00,0.0,,0.02873337295448497
ht2.vwap_reversion,1w,TSLA,2024-12-09 00:00:00+00:00,2024-12-16 00:00:00+00:00,0.0,,0.1878703375238273
ht2.vwap_reversion,5w,TSLA,2024-12-09 00:00:00+00:00,2025-01-16 00:00:00+00:00,0.0,,0.06164857552147218
ht2.vwap_reversion,1d,TSLA,2025-01-16 00:00:00+00:00,2025-01-17 00:00:00+00:00,0.0,,0.030641323404759113
ht2.vwap_reversion,1w,TSLA,2025-01-16 00:00:00+00:00,2025-01-24 00:00:00+00:00,0.0,,-0.017495579294890873
ht2.vwap_reversion,5w,TSLA,2025-01-16 00:00:00+00:00,2025-02-24 00:00:00+00:00,0.0,,-0.20127110113278324
ht2.vwap_reversion,1d,TSLA,2025-02-24 00:00:00+00:00,2025-02-25 00:00:00+00:00,0.0,,-0.0838955952220366
ht2.vwap_reversion,1w,TSLA,2025-02-24 00:00:00+00:00,2025-03-03 00:00:00+00:00,0.0,,-0.13880738526685965
ht2.vwap_reversion,5w,TSLA,2025-02-24 00:00:00+00:00,2025-03-31 00:00:00+00:00,0.0,,-0.2159259231560492
ht2.vwap_reversion,1d,TSLA,2025-03-31 00:00:00+00:00,2025-04-01 00:00:00+00:00,0.0,,0.035885119854736525
ht2.vwap_reversion,1w,TSLA,2025-03-31 00:00:00+00:00,2025-04-07 00:00:00+00:00,0.0,,-0.0998225420991492
ht2.vwap_reversion,5w,TSLA,2025-03-31 00:00:00+00:00,2025-05-06 00:00:00+00:00,0.0,,0.06247106888651932
ht2.vwap_reversion,1d,TSLA,2025-05-06 00:00:00+00:00,2025-05-07 00:00:00+00:00,0.0,,0.003159597232260225
ht2.vwap_reversion,1w,TSLA,2025-05-06 00:00:00+00:00,2025-05-13 00:00:00+00:00,0.0,,0.21325585588920526
ht2.vwap_reversion,5w,TSLA,2025-05-06 00:00:00+00:00,2025-06-11 00:00:00+00:00,0.0,,0.18550929885602585
ht2.vwap_reversion,1d,TSLA,2025-06-11 00:00:00+00:00,2025-06-12 00:00:00+00:00,0.0,,-0.022424432461661592
ht2.vwap_reversion,1w,TSLA,2025-06-11 00:00:00+00:00,2025-06-18 00:00:00+00:00,0.0,,-0.01341789964491047
ht2.vwap_reversion,5w,TSLA,2025-06-11 00:00:00+00:00,2025-07-18 00:00:00+00:00,0.0,,0.009864293395065893
ht2.vwap_reversion,1d,TSLA,2025-07-18 00:00:00+00:00,2025-07-21 00:00:00+00:00,0.0,,-0.0035188948387289143
ht2.vwap_reversion,1w,TSLA,2025-07-18 00:00:00+00:00,2025-07-25 00:00:00+00:00,0.0,,-0.04122553189598466
ht2.vwap_reversion,5w,TSLA,2025-07-18 00:00:00+00:00,2025-08-22 00:00:00+00:00,0.0,,0.03142732006964288
ht2.vwap_reversion,1d,TSLA,2025-08-22 00:00:00+00:00,2025-08-25 00:00:00+00:00,0.0,,0.019381771561470362
ht2.vwap_reversion,1w,TSLA,2025-08-22 00:00:00+00:00,2025-08-29 00:00:00+00:00,0.0,,-0.018058334966873257
ht2.vwap_reversion,5w,TSLA,2025-08-22 00:00:00+00:00,2025-09-29 00:00:00+00:00,0.0,,0.30352042212107433
ht2.vwap_reversion,1d,TSLA,2025-09-29 00:00:00+00:00,2025-09-30 00:00:00+00:00,0.0,,0.0034069849388267404
ht2.vwap_reversion,1w,TSLA,2025-09-29 00:00:00+00:00,2025-10-06 00:00:00+00:00,0.0,,0.02265293819744474
ht2.vwap_reversion,5w,TSLA,2025-09-29 00:00:00+00:00,2025-11-03 00:00:00+00:00,0.0,,0.0567676815667173
ht2.vwap_reversion,1d,TSLA,2025-11-03 00:00:00+00:00,2025-11-04 00:00:00+00:00,0.0,,-0.05147636612701911
ht2.vwap_reversion,1w,TSLA,2025-11-03 00:00:00+00:00,2025-11-10 00:00:00+00:00,0.0,,-0.04940535126523138
ht2.vwap_reversion,5w,TSLA,2025-11-03 00:00:00+00:00,2025-12-09 00:00:00+00:00,0.0,,-0.04953344990352859
ht2.vwap_reversion,1d,TSLA,2025-12-09 00:00:00+00:00,2025-12-10 00:00:00+00:00,0.0,,0.01410696720325344
ht2.vwap_reversion,1w,TSLA,2025-12-09 00:00:00+00:00,2025-12-16 00:00:00+00:00,0.0,,0.1004335200181583
ht2.vwap_reversion,5w,TSLA,2025-12-09 00:00:00+00:00,2026-01-15 00:00:00+00:00,0.0,,-0.014825810149916907
ht2.vwap_reversion,1d,TSLA,2026-01-15 00:00:00+00:00,2026-01-16 00:00:00+00:00,0.0,,-0.0024397640202235005
ht2.vwap_reversion,1w,TSLA,2026-01-15 00:00:00+00:00,2026-01-23 00:00:00+00:00,0.0,,0.023918622019722502
ht2.vwap_reversion,5w,TSLA,2026-01-15 00:00:00+00:00,2026-02-23 00:00:00+00:00,0.0,,-0.08833258112726827
ht2.vwap_reversion,1d,TSLA,2026-02-23 00:00:00+00:00,2026-02-24 00:00:00+00:00,0.0,,0.023885197787236967
ht2.vwap_reversion,1w,TSLA,2026-02-23 00:00:00+00:00,2026-03-02 00:00:00+00:00,0.0,,0.008728761896707793
ht2.vwap_reversion,5w,TSLA,2026-02-23 00:00:00+00:00,2026-03-30 00:00:00+00:00,0.0,,-0.11142232771207305
ht2.vwap_reversion,1d,TSLA,2026-03-30 00:00:00+00:00,2026-03-31 00:00:00+00:00,0.0,,0.04635780589195071
ht2.vwap_reversion,1w,TSLA,2026-03-30 00:00:00+00:00,2026-04-07 00:00:00+00:00,0.0,,-0.02429071411974848
ht2.vwap_reversion,5w,TSLA,2026-03-30 00:00:00+00:00,2026-05-05 00:00:00+00:00,0.0,,0.09595247820034936
ht2.vwap_reversion,1d,TSLA,2026-05-05 00:00:00+00:00,2026-05-06 00:00:00+00:00,0.0,,0.024038873016714035
ht2.vwap_reversion,1w,TSLA,2026-05-05 00:00:00+00:00,2026-05-12 00:00:00+00:00,0.0,,0.11320856163191828
ht2.vwap_reversion,5w,TSLA,2026-05-05 00:00:00+00:00,2026-06-10 00:00:00+00:00,0.0,,-0.019980992056040092
ht2.vwap_reversion,1d,TSLA,2026-06-10 00:00:00+00:00,2026-06-11 00:00:00+00:00,0.0,,0.046017971453959916
ht2.vwap_reversion,1w,TSLA,2026-06-10 00:00:00+00:00,2026-06-17 00:00:00+00:00,0.0,,0.03875890009397831
ht2.vwap_reversion,5w,TSLA,2026-06-10 00:00:00+00:00,2026-07-17 00:00:00+00:00,0.0,,-0.001965460329667268
ht2.vwap_reversion,1d,TSLA,2026-07-17 00:00:00+00:00,2026-07-20 00:00:00+00:00,0.0,,-0.029592451218471316
ht2.vwap_reversion,1w,TSLA,2026-07-17 00:00:00+00:00,2026-07-24 00:00:00+00:00,0.0,,-0.17805377116543986
ht2.vwap_reversion,5w,TSLA,2026-07-17 00:00:00+00:00,2026-08-21 00:00:00+00:00,0.0,,-0.047211456672675234
ht2.vwap_reversion,1d,UAMY,2017-11-16 00:00:00+00:00,2017-11-17 00:00:00+00:00,0.0,,0.0
ht2.vwap_reversion,1w,UAMY,2017-11-16 00:00:00+00:00,2017-11-24 00:00:00+00:00,0.0,,-0.043478283404402074
ht2.vwap_reversion,5w,UAMY,2017-11-16 00:00:00+00:00,2017-12-22 00:00:00+00:00,0.0,,0.34782607287224887
ht2.vwap_reversion,1d,UAMY,2017-12-22 00:00:00+00:00,2017-12-26 00:00:00+00:00,0.0,,0.032258033504347416
ht2.vwap_reversion,1w,UAMY,2017-12-22 00:00:00+00:00,2018-01-02 00:00:00+00:00,0.0,,0.0
ht2.vwap_reversion,5w,UAMY,2017-12-22 00:00:00+00:00,2018-01-31 00:00:00+00:00,0.0,,0.0645161631452178
ht2.vwap_reversion,1d,UAMY,2018-01-31 00:00:00+00:00,2018-02-01 00:00:00+00:00,0.0,,0.0303030001996758
ht2.vwap_reversion,1w,UAMY,2018-01-31 00:00:00+00:00,2018-02-07 00:00:00+00:00,0.0,,-0.12121218141883072
ht2.vwap_reversion,5w,UAMY,2018-01-31 00:00:00+00:00,2018-03-08 00:00:00+00:00,0.0,,-0.15151518161850608
ht2.vwap_reversion,1d,UAMY,2018-03-08 00:00:00+00:00,2018-03-09 00:00:00+00:00,0.0,,0.03571425150243601
ht2.vwap_reversion,1w,UAMY,2018-03-08 00:00:00+00:00,2018-03-15 00:00:00+00:00,0.0,,0.0
ht2.vwap_reversion,5w,UAMY,2018-03-08 00:00:00+00:00,2018-04-13 00:00:00+00:00,0.0,,-0.035714251502436345
ht2.vwap_reversion,1d,UAMY,2018-04-13 00:00:00+00:00,2018-04-16 00:00:00+00:00,0.0,,0.0
ht2.vwap_reversion,1w,UAMY,2018-04-13 00:00:00+00:00,2018-04-20 00:00:00+00:00,0.0,,-0.07407411086706306
ht2.vwap_reversion,5w,UAMY,2018-04-13 00:00:00+00:00,2018-05-18 00:00:00+00:00,0.0,,0.14814811135515926
ht2.vwap_reversion,1d,UAMY,2018-05-18 00:00:00+00:00,2018-05-21 00:00:00+00:00,0.0,,0.0
ht2.vwap_reversion,1w,UAMY,2018-05-18 00:00:00+00:00,2018-05-25 00:00:00+00:00,0.0,,-0.03225803350434753
ht2.vwap_reversion,5w,UAMY,2018-05-18 00:00:00+00:00,2018-06-25 00:00:00+00:00,0.0,,0.7419355396921747
ht2.vwap_reversion,1d,UAMY,2018-06-25 00:00:00+00:00,2018-06-26 00:00:00+00:00,0.0,,-0.01851861050099135
ht2.vwap_reversion,1w,UAMY,2018-06-25 00:00:00+00:00,2018-07-02 00:00:00+00:00,0.0,,-0.12962966642261875
ht2.vwap_reversion,5w,UAMY,2018-06-25 00:00:00+00:00,2018-07-31 00:00:00+00:00,0.0,,0.01851850012202405
ht2.vwap_reversion,1d,UAMY,2018-07-31 00:00:00+00:00,2018-08-01 00:00:00+00:00,0.0,,0.018181800448205276
ht2.vwap_reversion,1w,UAMY,2018-07-31 00:00:00+00:00,2018-08-07 00:00:00+00:00,0.0,,0.1818181128541314
ht2.vwap_reversion,5w,UAMY,2018-07-31 00:00:00+00:00,2018-09-05 00:00:00+00:00,0.0,,0.09090911061310525
ht2.vwap_reversion,1d,UAMY,2018-09-05 00:00:00+00:00,2018-09-06 00:00:00+00:00,0.0,,-0.016666749450892193
ht2.vwap_reversion,1w,UAMY,2018-09-05 00:00:00+00:00,2018-09-12 00:00:00+00:00,0.0,,0.08333325054910778
ht2.vwap_reversion,5w,UAMY,2018-09-05 00:00:00+00:00,2018-10-10 00:00:00+00:00,0.0,,0.11666665010982147
ht2.vwap_reversion,1d,UAMY,2018-10-10 00:00:00+00:00,2018-10-11 00:00:00+00:00,0.0,,-0.0895522401337635
ht2.vwap_reversion,1w,UAMY,2018-10-10 00:00:00+00:00,2018-10-17 00:00:00+00:00,0.0,,0.04477607558580465
ht2.vwap_reversion,5w,UAMY,2018-10-10 00:00:00+00:00,2018-11-14 00:00:00+00:00,0.0,,-0.014925358528601551
ht2.vwap_reversion,1d,UAMY,2018-11-14 00:00:00+00:00,2018-11-15 00:00:00+00:00,0.0,,0.045454500299513256
ht2.vwap_reversion,1w,UAMY,2018-11-14 00:00:00+00:00,2018-11-21 00:00:00+00:00,0.0,,0.1363635912086043
ht2.vwap_reversion,5w,UAMY,2018-11-14 00:00:00+00:00,2018-12-21 00:00:00+00:00,0.0,,-0.21212127232792166
ht2.vwap_reversion,1d,UAMY,2018-12-21 00:00:00+00:00,2018-12-24 00:00:00+00:00,0.0,,0.15384624201870856
ht2.vwap_reversion,1w,UAMY,2018-12-21 00:00:00+00:00,2018-12-31 00:00:00+00:00,0.0,,0.11538462420187079
ht2.vwap_reversion,5w,UAMY,2018-12-21 00:00:00+00:00,2019-01-30 00:00:00+00:00,0.0,,0.26923086622057935
ht2.vwap_reversion,1d,UAMY,2019-01-30 00:00:00+00:00,2019-01-31 00:00:00+00:00,0.0,,0.015151500099837678
ht2.vwap_reversion,1w,UAMY,2019-01-30 00:00:00+00:00,2019-02-06 00:00:00+00:00,0.0,,-0.07575759080925315
ht2.vwap_reversion,5w,UAMY,2019-01-30 00:00:00+00:00,2019-03-07 00:00:00+00:00,0.0,,-0.21212127232792166
ht2.vwap_reversion,1d,UAMY,2019-03-07 00:00:00+00:00,2019-03-08 00:00:00+00:00,0.0,,-0.057692254788775044
ht2.vwap_reversion,1w,UAMY,2019-03-07 00:00:00+00:00,2019-03-14 00:00:00+00:00,0.0,,-0.07692306369719382
ht2.vwap_reversion,5w,UAMY,2019-03-07 00:00:00+00:00,2019-04-11 00:00:00+00:00,0.0,,0.11538462420187079
ht2.vwap_reversion,1d,UAMY,2019-04-11 00:00:00+00:00,2019-04-12 00:00:00+00:00,-1.0,0.0,0.0
ht2.vwap_reversion,1w,UAMY,2019-04-11 00:00:00+00:00,2019-04-18 00:00:00+00:00,-1.0,1.0,-0.017241363363798556
ht2.vwap_reversion,5w,UAMY,2019-04-11 00:00:00+00:00,2019-05-17 00:00:00+00:00,-1.0,1.0,-0.068965453455194
ht2.vwap_reversion,1d,UAMY,2019-05-17 00:00:00+00:00,2019-05-20 00:00:00+00:00,0.0,,0.01851850012202405
ht2.vwap_reversion,1w,UAMY,2019-05-17 00:00:00+00:00,2019-05-24 00:00:00+00:00,0.0,,0.05555550036607193
ht2.vwap_reversion,5w,UAMY,2019-05-17 00:00:00+00:00,2019-06-24 00:00:00+00:00,0.0,,0.05555550036607193
ht2.vwap_reversion,1d,UAMY,2019-06-24 00:00:00+00:00,2019-06-25 00:00:00+00:00,0.0,,-0.03508768627628134
ht2.vwap_reversion,1w,UAMY,2019-06-24 00:00:00+00:00,2019-07-01 00:00:00+00:00,0.0,,-0.017543843138140613
ht2.vwap_reversion,5w,UAMY,2019-06-24 00:00:00+00:00,2019-07-30 00:00:00+00:00,0.0,,0.31578949019519276
ht2.vwap_reversion,1d,UAMY,2019-07-30 00:00:00+00:00,2019-07-31 00:00:00+00:00,0.0,,-0.026666641235351562
ht2.vwap_reversion,1w,UAMY,2019-07-30 00:00:00+00:00,2019-08-06 00:00:00+00:00,0.0,,-0.039999961853027344
ht2.vwap_reversion,5w,UAMY,2019-07-30 00:00:00+00:00,2019-09-04 00:00:00+00:00,0.0,,-0.08000000317891443
ht2.vwap_reversion,1d,UAMY,2019-09-04 00:00:00+00:00,2019-09-05 00:00:00+00:00,0.0,,-0.057971045791138986
ht2.vwap_reversion,1w,UAMY,2019-09-04 00:00:00+00:00,2019-09-11 00:00:00+00:00,0.0,,-0.11594200519873443
ht2.vwap_reversion,5w,UAMY,2019-09-04 00:00:00+00:00,2019-10-09 00:00:00+00:00,0.0,,-0.20289853069367103
ht2.vwap_reversion,1d,UAMY,2019-10-09 00:00:00+00:00,2019-10-10 00:00:00+00:00,0.0,,-0.018181800448205276
ht2.vwap_reversion,1w,UAMY,2019-10-09 00:00:00+00:00,2019-10-16 00:00:00+00:00,0.0,,0.0
ht2.vwap_reversion,5w,UAMY,2019-10-09 00:00:00+00:00,2019-11-13 00:00:00+00:00,0.0,,-0.18181822122621072
ht2.vwap_reversion,1d,UAMY,2019-11-13 00:00:00+00:00,2019-11-14 00:00:00+00:00,0.0,,-0.04444440323629373
ht2.vwap_reversion,1w,UAMY,2019-11-13 00:00:00+00:00,2019-11-20 00:00:00+00:00,0.0,,0.022222267845531718
ht2.vwap_reversion,5w,UAMY,2019-11-13 00:00:00+00:00,2019-12-19 00:00:00+00:00,0.0,,-0.13333334216365134
ht2.vwap_reversion,1d,UAMY,2019-12-19 00:00:00+00:00,2019-12-20 00:00:00+00:00,0.0,,-0.025641002128344303
ht2.vwap_reversion,1w,UAMY,2019-12-19 00:00:00+00:00,2019-12-27 00:00:00+00:00,0.0,,0.02564107854455866
ht2.vwap_reversion,5w,UAMY,2019-12-19 00:00:00+00:00,2020-01-28 00:00:00+00:00,0.0,,0.02564107854455866
ht2.vwap_reversion,1d,UAMY,2020-01-28 00:00:00+00:00,2020-01-29 00:00:00+00:00,0.0,,-0.025000050291418385
ht2.vwap_reversion,1w,UAMY,2020-01-28 00:00:00+00:00,2020-02-04 00:00:00+00:00,0.0,,0.024999975785613415
ht2.vwap_reversion,5w,UAMY,2020-01-28 00:00:00+00:00,2020-03-04 00:00:00+00:00,0.0,,-0.05000002607703169
ht2.vwap_reversion,1d,UAMY,2020-03-04 00:00:00+00:00,2020-03-05 00:00:00+00:00,0.0,,-0.026315764707210976
ht2.vwap_reversion,1w,UAMY,2020-03-04 00:00:00+00:00,2020-03-11 00:00:00+00:00,0.0,,-0.052631529414422173
ht2.vwap_reversion,5w,UAMY,2020-03-04 00:00:00+00:00,2020-04-08 00:00:00+00:00,0.0,,-0.07894737254879813
ht2.vwap_reversion,1d,UAMY,2020-04-08 00:00:00+00:00,2020-04-09 00:00:00+00:00,0.0,,0.028571486959652947
ht2.vwap_reversion,1w,UAMY,2020-04-08 00:00:00+00:00,2020-04-16 00:00:00+00:00,0.0,,0.057142888769811995
ht2.vwap_reversion,5w,UAMY,2020-04-08 00:00:00+00:00,2020-05-14 00:00:00+00:00,0.0,,0.028571486959652947
ht2.vwap_reversion,1d,UAMY,2020-05-14 00:00:00+00:00,2020-05-15 00:00:00+00:00,0.0,,-0.02777783296726133
ht2.vwap_reversion,1w,UAMY,2020-05-14 00:00:00+00:00,2020-05-21 00:00:00+00:00,0.0,,-0.08333333333333337
ht2.vwap_reversion,5w,UAMY,2020-05-14 00:00:00+00:00,2020-06-19 00:00:00+00:00,0.0,,0.3888888336994054
ht2.vwap_reversion,1d,UAMY,2020-06-19 00:00:00+00:00,2020-06-22 00:00:00+00:00,0.0,,0.0
ht2.vwap_reversion,1w,UAMY,2020-06-19 00:00:00+00:00,2020-06-26 00:00:00+00:00,0.0,,0.019999980926513672
ht2.vwap_reversion,5w,UAMY,2020-06-19 00:00:00+00:00,2020-07-27 00:00:00+00:00,0.0,,-0.1600000262260438
ht2.vwap_reversion,1d,UAMY,2020-07-27 00:00:00+00:00,2020-07-28 00:00:00+00:00,0.0,,0.0
ht2.vwap_reversion,1w,UAMY,2020-07-27 00:00:00+00:00,2020-08-03 00:00:00+00:00,0.0,,0.0
ht2.vwap_reversion,5w,UAMY,2020-07-27 00:00:00+00:00,2020-08-31 00:00:00+00:00,0.0,,0.19047622764462102
ht2.vwap_reversion,1d,UAMY,2020-08-31 00:00:00+00:00,2020-09-01 00:00:00+00:00,0.0,,0.0
ht2.vwap_reversion,1w,UAMY,2020-08-31 00:00:00+00:00,2020-09-08 00:00:00+00:00,0.0,,0.0
ht2.vwap_reversion,5w,UAMY,2020-08-31 00:00:00+00:00,2020-10-06 00:00:00+00:00,0.0,,-0.36000001430511475
ht2.vwap_reversion,1d,UAMY,2020-10-06 00:00:00+00:00,2020-10-07 00:00:00+00:00,0.0,,0.8124999883584676
ht2.vwap_reversion,1w,UAMY,2020-10-06 00:00:00+00:00,2020-10-13 00:00:00+00:00,0.0,,0.15625004074536353
ht2.vwap_reversion,5w,UAMY,2020-10-06 00:00:00+00:00,2020-11-10 00:00:00+00:00,0.0,,0.12500006984919443
ht2.vwap_reversion,1d,UAMY,2020-11-10 00:00:00+00:00,2020-11-11 00:00:00+00:00,0.0,,0.0
ht2.vwap_reversion,1w,UAMY,2020-11-10 00:00:00+00:00,2020-11-17 00:00:00+00:00,0.0,,-0.02777783296726133
ht2.vwap_reversion,5w,UAMY,2020-11-10 00:00:00+00:00,2020-12-16 00:00:00+00:00,0.0,,0.19444441684970282
ht2.vwap_reversion,1d,UAMY,2020-12-16 00:00:00+00:00,2020-12-17 00:00:00+00:00,0.0,,-0.023255860695907904
ht2.vwap_reversion,1w,UAMY,2020-12-16 00:00:00+00:00,2020-12-23 00:00:00+00:00,0.0,,0.16279067833272776
ht2.vwap_reversion,5w,UAMY,2020-12-16 00:00:00+00:00,2021-01-25 00:00:00+00:00,0.0,,1.162790678332728
ht2.vwap_reversion,1d,UAMY,2021-01-25 00:00:00+00:00,2021-01-26 00:00:00+00:00,0.0,,0.02150535566956502
ht2.vwap_reversion,1w,UAMY,2021-01-25 00:00:00+00:00,2021-02-01 00:00:00+00:00,0.0,,-0.0967742286950729
ht2.vwap_reversion,5w,UAMY,2021-01-25 00:00:00+00:00,2021-03-02 00:00:00+00:00,0.0,,0.5376343403762309
ht2.vwap_reversion,1d,UAMY,2021-03-02 00:00:00+00:00,2021-03-03 00:00:00+00:00,0.0,,-0.09790209148954865
ht2.vwap_reversion,1w,UAMY,2021-03-02 00:00:00+00:00,2021-03-09 00:00:00+00:00,0.0,,-0.07692300638503313
ht2.vwap_reversion,5w,UAMY,2021-03-02 00:00:00+00:00,2021-04-07 00:00:00+00:00,0.0,,-0.07692300638503313
ht2.vwap_reversion,1d,UAMY,2021-04-07 00:00:00+00:00,2021-04-08 00:00:00+00:00,0.0,,-0.09848484095900978
ht2.vwap_reversion,1w,UAMY,2021-04-07 00:00:00+00:00,2021-04-14 00:00:00+00:00,0.0,,-0.22727277242775945
ht2.vwap_reversion,5w,UAMY,2021-04-07 00:00:00+00:00,2021-05-12 00:00:00+00:00,0.0,,-0.41666670429586006
ht2.vwap_reversion,1d,UAMY,2021-05-12 00:00:00+00:00,2021-05-13 00:00:00+00:00,0.0,,-0.03896100276999048
ht2.vwap_reversion,1w,UAMY,2021-05-12 00:00:00+00:00,2021-05-19 00:00:00+00:00,0.0,,0.025974079255291826
ht2.vwap_reversion,5w,UAMY,2021-05-12 00:00:00+00:00,2021-06-17 00:00:00+00:00,0.0,,0.18181824515251654
ht2.vwap_reversion,1d,UAMY,2021-06-17 00:00:00+00:00,2021-06-18 00:00:00+00:00,0.0,,-0.03296706607672473
ht2.vwap_reversion,1w,UAMY,2021-06-17 00:00:00+00:00,2021-06-24 00:00:00+00:00,0.0,,0.021978000384744734
ht2.vwap_reversion,5w,UAMY,2021-06-17 00:00:00+00:00,2021-07-23 00:00:00+00:00,0.0,,-0.010989065691979993
ht2.vwap_reversion,1d,UAMY,2021-07-23 00:00:00+00:00,2021-07-26 00:00:00+00:00,0.0,,0.0
ht2.vwap_reversion,1w,UAMY,2021-07-23 00:00:00+00:00,2021-07-30 00:00:00+00:00,0.0,,0.07777783811828409
ht2.vwap_reversion,5w,UAMY,2021-07-23 00:00:00+00:00,2021-08-27 00:00:00+00:00,0.0,,0.022222267845531718
ht2.vwap_reversion,1d,UAMY,2021-08-27 00:00:00+00:00,2021-08-30 00:00:00+00:00,0.0,,0.03260866396255957
ht2.vwap_reversion,1w,UAMY,2021-08-27 00:00:00+00:00,2021-09-03 00:00:00+00:00,0.0,,0.021739109308373195
ht2.vwap_reversion,5w,UAMY,2021-08-27 00:00:00+00:00,2021-10-04 00:00:00+00:00,0.0,,-0.05434783805858856
ht2.vwap_reversion,1d,UAMY,2021-10-04 00:00:00+00:00,2021-10-05 00:00:00+00:00,0.0,,0.011494241848790887
ht2.vwap_reversion,1w,UAMY,2021-10-04 00:00:00+00:00,2021-10-11 00:00:00+00:00,0.0,,-0.022988483697581663
ht2.vwap_reversion,5w,UAMY,2021-10-04 00:00:00+00:00,2021-11-08 00:00:00+00:00,0.0,,0.057471277755039685
ht2.vwap_reversion,1d,UAMY,2021-11-08 00:00:00+00:00,2021-11-09 00:00:00+00:00,0.0,,-0.010869554654186486
ht2.vwap_reversion,1w,UAMY,2021-11-08 00:00:00+00:00,2021-11-15 00:00:00+00:00,0.0,,-0.06521739271277505
ht2.vwap_reversion,5w,UAMY,2021-11-08 00:00:00+00:00,2021-12-14 00:00:00+00:00,0.0,,-0.4130434655850237
ht2.vwap_reversion,1d,UAMY,2021-12-14 00:00:00+00:00,2021-12-15 00:00:00+00:00,0.0,,0.03703700024404788
ht2.vwap_reversion,1w,UAMY,2021-12-14 00:00:00+00:00,2021-12-21 00:00:00+00:00,0.0,,-0.01851861050099135
ht2.vwap_reversion,5w,UAMY,2021-12-14 00:00:00+00:00,2022-01-20 00:00:00+00:00,0.0,,-0.12962966642261875
ht2.vwap_reversion,1d,UAMY,2022-01-20 00:00:00+00:00,2022-01-21 00:00:00+00:00,0.0,,-0.08510636544000938
ht2.vwap_reversion,1w,UAMY,2022-01-20 00:00:00+00:00,2022-01-27 00:00:00+00:00,0.0,,-0.08510636544000938
ht2.vwap_reversion,5w,UAMY,2022-01-20 00:00:00+00:00,2022-02-25 00:00:00+00:00,0.0,,-0.08510636544000938
ht2.vwap_reversion,1d,UAMY,2022-02-25 00:00:00+00:00,2022-02-28 00:00:00+00:00,0.0,,0.1395348869445452
ht2.vwap_reversion,1w,UAMY,2022-02-25 00:00:00+00:00,2022-03-04 00:00:00+00:00,0.0,,0.09302323486045516
ht2.vwap_reversion,5w,UAMY,2022-02-25 00:00:00+00:00,2022-04-01 00:00:00+00:00,0.0,,0.39534886944545367
ht2.vwap_reversion,1d,UAMY,2022-04-01 00:00:00+00:00,2022-04-04 00:00:00+00:00,0.0,,-0.016666749450892193
ht2.vwap_reversion,1w,UAMY,2022-04-01 00:00:00+00:00,2022-04-08 00:00:00+00:00,0.0,,-0.08333334989017849
ht2.vwap_reversion,5w,UAMY,2022-04-01 00:00:00+00:00,2022-05-09 00:00:00+00:00,0.0,,-0.43333334989017847
ht2.vwap_reversion,1d,UAMY,2022-05-09 00:00:00+00:00,2022-05-10 00:00:00+00:00,1.0,1.0,0.08823529669570251
ht2.vwap_reversion,1w,UAMY,2022-05-09 00:00:00+00:00,2022-05-16 00:00:00+00:00,1.0,1.0,0.20588232973867648
ht2.vwap_reversion,5w,UAMY,2022-05-09 00:00:00+00:00,2022-06-14 00:00:00+00:00,1.0,1.0,0.1470587693902452
ht2.vwap_reversion,1d,UAMY,2022-06-14 00:00:00+00:00,2022-06-15 00:00:00+00:00,0.0,,0.02564107854455866
ht2.vwap_reversion,1w,UAMY,2022-06-14 00:00:00+00:00,2022-06-22 00:00:00+00:00,0.0,,0.051282080672903074
ht2.vwap_reversion,5w,UAMY,2022-06-14 00:00:00+00:00,2022-07-21 00:00:00+00:00,0.0,,0.10256416134580593
ht2.vwap_reversion,1d,UAMY,2022-07-21 00:00:00+00:00,2022-07-22 00:00:00+00:00,-1.0,0.0,0.023255791388182345
ht2.vwap_reversion,1w,UAMY,2022-07-21 00:00:00+00:00,2022-07-28 00:00:00+00:00,-1.0,0.0,0.0697674434722726
ht2.vwap_reversion,5w,UAMY,2022-07-21 00:00:00+00:00,2022-08-25 00:00:00+00:00,-1.0,0.0,0.09302323486045516
ht2.vwap_reversion,1d,UAMY,2022-08-25 00:00:00+00:00,2022-08-26 00:00:00+00:00,0.0,,0.0
ht2.vwap_reversion,1w,UAMY,2022-08-25 00:00:00+00:00,2022-09-01 00:00:00+00:00,0.0,,-0.08510636544000938
ht2.vwap_reversion,5w,UAMY,2022-08-25 00:00:00+00:00,2022-09-30 00:00:00+00:00,0.0,,-0.2127659453046219
ht2.vwap_reversion,1d,UAMY,2022-09-30 00:00:00+00:00,2022-10-03 00:00:00+00:00,0.0,,0.02702700090373522
ht2.vwap_reversion,1w,UAMY,2022-09-30 00:00:00+00:00,2022-10-07 00:00:00+00:00,0.0,,-0.027027000903735443
ht2.vwap_reversion,5w,UAMY,2022-09-30 00:00:00+00:00,2022-11-04 00:00:00+00:00,0.0,,0.0
ht2.vwap_reversion,1d,UAMY,2022-11-04 00:00:00+00:00,2022-11-07 00:00:00+00:00,0.0,,0.0
ht2.vwap_reversion,1w,UAMY,2022-11-04 00:00:00+00:00,2022-11-11 00:00:00+00:00,0.0,,0.0
ht2.vwap_reversion,5w,UAMY,2022-11-04 00:00:00+00:00,2022-12-12 00:00:00+00:00,0.0,,0.24324324977406597
ht2.vwap_reversion,1d,UAMY,2022-12-12 00:00:00+00:00,2022-12-13 00:00:00+00:00,0.0,,-0.021739174096029212
ht2.vwap_reversion,1w,UAMY,2022-12-12 00:00:00+00:00,2022-12-19 00:00:00+00:00,0.0,,0.0
ht2.vwap_reversion,5w,UAMY,2022-12-12 00:00:00+00:00,2023-01-19 00:00:00+00:00,0.0,,-0.043478283404402074
ht2.vwap_reversion,1d,UAMY,2023-01-19 00:00:00+00:00,2023-01-20 00:00:00+00:00,0.0,,-0.045454570084564216
ht2.vwap_reversion,1w,UAMY,2023-01-19 00:00:00+00:00,2023-01-26 00:00:00+00:00,0.0,,-0.09090907243657698
ht2.vwap_reversion,5w,UAMY,2023-01-19 00:00:00+00:00,2023-02-24 00:00:00+00:00,0.0,,-0.1136363913451347
ht2.vwap_reversion,1d,UAMY,2023-02-24 00:00:00+00:00,2023-02-27 00:00:00+00:00,0.0,,0.0
ht2.vwap_reversion,1w,UAMY,2023-02-24 00:00:00+00:00,2023-03-03 00:00:00+00:00,0.0,,0.02564107854455866
ht2.vwap_reversion,5w,UAMY,2023-02-24 00:00:00+00:00,2023-03-31 00:00:00+00:00,0.0,,-0.025641002128344303
ht2.vwap_reversion,1d,UAMY,2023-03-31 00:00:00+00:00,2023-04-03 00:00:00+00:00,0.0,,-0.026315764707210976
ht2.vwap_reversion,1w,UAMY,2023-03-31 00:00:00+00:00,2023-04-10 00:00:00+00:00,0.0,,0.0
ht2.vwap_reversion,5w,UAMY,2023-03-31 00:00:00+00:00,2023-05-08 00:00:00+00:00,0.0,,-0.10526313725600922
ht2.vwap_reversion,1d,UAMY,2023-05-08 00:00:00+00:00,2023-05-09 00:00:00+00:00,0.0,,0.029411736347271455
ht2.vwap_reversion,1w,UAMY,2023-05-08 00:00:00+00:00,2023-05-15 00:00:00+00:00,0.0,,-0.029411736347271566
ht2.vwap_reversion,5w,UAMY,2023-05-08 00:00:00+00:00,2023-06-13 00:00:00+00:00,0.0,,0.0
ht2.vwap_reversion,1d,UAMY,2023-06-13 00:00:00+00:00,2023-06-14 00:00:00+00:00,-1.0,1.0,-0.05882356034843117
ht2.vwap_reversion,1w,UAMY,2023-06-13 00:00:00+00:00,2023-06-21 00:00:00+00:00,-1.0,1.0,-0.05882356034843117
ht2.vwap_reversion,5w,UAMY,2023-06-13 00:00:00+00:00,2023-07-20 00:00:00+00:00,-1.0,0.0,0.08823529669570251
ht2.vwap_reversion,1d,UAMY,2023-07-20 00:00:00+00:00,2023-07-21 00:00:00+00:00,0.0,,0.10810808416175743
ht2.vwap_reversion,1w,UAMY,2023-07-20 00:00:00+00:00,2023-07-27 00:00:00+00:00,0.0,,0.10810808416175743
ht2.vwap_reversion,5w,UAMY,2023-07-20 00:00:00+00:00,2023-08-24 00:00:00+00:00,0.0,,0.1621621665160442
ht2.vwap_reversion,1d,UAMY,2023-08-24 00:00:00+00:00,2023-08-25 00:00:00+00:00,0.0,,-0.04651165208409025
ht2.vwap_reversion,1w,UAMY,2023-08-24 00:00:00+00:00,2023-08-31 00:00:00+00:00,0.0,,0.0
ht2.vwap_reversion,5w,UAMY,2023-08-24 00:00:00+00:00,2023-09-29 00:00:00+00:00,0.0,,-0.1395348869445454
ht2.vwap_reversion,1d,UAMY,2023-09-29 00:00:00+00:00,2023-10-02 00:00:00+00:00,0.0,,0.0
ht2.vwap_reversion,1w,UAMY,2023-09-29 00:00:00+00:00,2023-10-06 00:00:00+00:00,0.0,,-0.05405408235428677
ht2.vwap_reversion,5w,UAMY,2023-09-29 00:00:00+00:00,2023-11-03 00:00:00+00:00,0.0,,-0.10810808416175743
ht2.vwap_reversion,1d,UAMY,2023-11-03 00:00:00+00:00,2023-11-06 00:00:00+00:00,0.0,,0.0
ht2.vwap_reversion,1w,UAMY,2023-11-03 00:00:00+00:00,2023-11-10 00:00:00+00:00,0.0,,-0.06060609070941525
ht2.vwap_reversion,5w,UAMY,2023-11-03 00:00:00+00:00,2023-12-11 00:00:00+00:00,0.0,,-0.30303031808198033
ht2.vwap_reversion,1d,UAMY,2023-12-11 00:00:00+00:00,2023-12-12 00:00:00+00:00,1.0,0.0,0.0
ht2.vwap_reversion,1w,UAMY,2023-12-11 00:00:00+00:00,2023-12-18 00:00:00+00:00,1.0,1.0,0.04347821861674572
ht2.vwap_reversion,5w,UAMY,2023-12-11 00:00:00+00:00,2024-01-18 00:00:00+00:00,1.0,0.0,0.0
ht2.vwap_reversion,1d,UAMY,2024-01-18 00:00:00+00:00,2024-01-19 00:00:00+00:00,0.0,,0.04347821861674572
ht2.vwap_reversion,1w,UAMY,2024-01-18 00:00:00+00:00,2024-01-25 00:00:00+00:00,0.0,,0.0
ht2.vwap_reversion,5w,UAMY,2024-01-18 00:00:00+00:00,2024-02-23 00:00:00+00:00,0.0,,-0.043478283404402074
ht2.vwap_reversion,1d,UAMY,2024-02-23 00:00:00+00:00,2024-02-26 00:00:00+00:00,0.0,,0.04545457008456388
ht2.vwap_reversion,1w,UAMY,2024-02-23 00:00:00+00:00,2024-03-01 00:00:00+00:00,0.0,,0.0
ht2.vwap_reversion,5w,UAMY,2024-02-23 00:00:00+00:00,2024-04-01 00:00:00+00:00,0.0,,0.04545457008456388
ht2.vwap_reversion,1d,UAMY,2024-04-01 00:00:00+00:00,2024-04-02 00:00:00+00:00,1.0,1.0,0.04347821861674572
ht2.vwap_reversion,1w,UAMY,2024-04-01 00:00:00+00:00,2024-04-08 00:00:00+00:00,1.0,1.0,0.08695650202114824
ht2.vwap_reversion,5w,UAMY,2024-04-01 00:00:00+00:00,2024-05-06 00:00:00+00:00,1.0,0.0,-0.043478283404402074
ht2.vwap_reversion,1d,UAMY,2024-05-06 00:00:00+00:00,2024-05-07 00:00:00+00:00,0.0,,0.0
ht2.vwap_reversion,1w,UAMY,2024-05-06 00:00:00+00:00,2024-05-13 00:00:00+00:00,0.0,,0.0
ht2.vwap_reversion,5w,UAMY,2024-05-06 00:00:00+00:00,2024-06-11 00:00:00+00:00,0.0,,0.5909090724365769
ht2.vwap_reversion,1d,UAMY,2024-06-11 00:00:00+00:00,2024-06-12 00:00:00+00:00,0.0,,0.057142888769811995
ht2.vwap_reversion,1w,UAMY,2024-06-11 00:00:00+00:00,2024-06-18 00:00:00+00:00,0.0,,0.0
ht2.vwap_reversion,5w,UAMY,2024-06-11 00:00:00+00:00,2024-07-18 00:00:00+00:00,0.0,,-0.14285709420028936
ht2.vwap_reversion,1d,UAMY,2024-07-18 00:00:00+00:00,2024-07-19 00:00:00+00:00,0.0,,0.0333333002196432
ht2.vwap_reversion,1w,UAMY,2024-07-18 00:00:00+00:00,2024-07-25 00:00:00+00:00,0.0,,0.1666666004392865
ht2.vwap_reversion,5w,UAMY,2024-07-18 00:00:00+00:00,2024-08-22 00:00:00+00:00,0.0,,1.0999999006589296
ht2.vwap_reversion,1d,UAMY,2024-08-22 00:00:00+00:00,2024-08-23 00:00:00+00:00,0.0,,-0.01587300085546861
ht2.vwap_reversion,1w,UAMY,2024-08-22 00:00:00+00:00,2024-08-29 00:00:00+00:00,0.0,,-0.03174600171093711
ht2.vwap_reversion,5w,UAMY,2024-08-22 00:00:00+00:00,2024-09-27 00:00:00+00:00,0.0,,0.222222201197656
ht2.vwap_reversion,1d,UAMY,2024-09-27 00:00:00+00:00,2024-09-30 00:00:00+00:00,0.0,,-0.012987000923330161
ht2.vwap_reversion,1w,UAMY,2024-09-27 00:00:00+00:00,2024-10-04 00:00:00+00:00,0.0,,-0.012987000923330161
ht2.vwap_reversion,5w,UAMY,2024-09-27 00:00:00+00:00,2024-11-01 00:00:00+00:00,0.0,,-0.20779216959054547
ht2.vwap_reversion,1d,UAMY,2024-11-01 00:00:00+00:00,2024-11-04 00:00:00+00:00,0.0,,0.0
ht2.vwap_reversion,1w,UAMY,2024-11-01 00:00:00+00:00,2024-11-08 00:00:00+00:00,0.0,,0.08196723073504653
ht2.vwap_reversion,5w,UAMY,2024-11-01 00:00:00+00:00,2024-12-09 00:00:00+00:00,0.0,,1.6557376504553112
ht2.vwap_reversion,1d,UAMY,2024-12-09 00:00:00+00:00,2024-12-10 00:00:00+00:00,0.0,,-0.14197531999783652
ht2.vwap_reversion,1w,UAMY,2024-12-09 00:00:00+00:00,2024-12-16 00:00:00+00:00,0.0,,0.29012340001081705
ht2.vwap_reversion,5w,UAMY,2024-12-09 00:00:00+00:00,2025-01-16 00:00:00+00:00,0.0,,0.12345681919446205
ht2.vwap_reversion,1d,UAMY,2025-01-16 00:00:00+00:00,2025-01-17 00:00:00+00:00,0.0,,-0.09340663263438076
ht2.vwap_reversion,1w,UAMY,2025-01-16 00:00:00+00:00,2025-01-24 00:00:00+00:00,0.0,,-0.027472565980538932
ht2.vwap_reversion,5w,UAMY,2025-01-16 00:00:00+00:00,2025-02-24 00:00:00+00:00,0.0,,-0.17582419957678108
ht2.vwap_reversion,1d,UAMY,2025-02-24 00:00:00+00:00,2025-02-25 00:00:00+00:00,1.0,0.0,-0.03333330154418945
ht2.vwap_reversion,1w,UAMY,2025-02-24 00:00:00+00:00,2025-03-03 00:00:00+00:00,1.0,0.0,-0.1400000254313153
ht2.vwap_reversion,5w,UAMY,2025-02-24 00:00:00+00:00,2025-03-31 00:00:00+00:00,1.0,1.0,0.46666669845581055
ht2.vwap_reversion,1d,UAMY,2025-03-31 00:00:00+00:00,2025-04-01 00:00:00+00:00,0.0,,0.022727250560256484
ht2.vwap_reversion,1w,UAMY,2025-03-31 00:00:00+00:00,2025-04-07 00:00:00+00:00,0.0,,-0.08636366050105393
ht2.vwap_reversion,5w,UAMY,2025-03-31 00:00:00+00:00,2025-05-06 00:00:00+00:00,0.0,,0.6136363069873223
ht2.vwap_reversion,1d,UAMY,2025-05-06 00:00:00+00:00,2025-05-07 00:00:00+00:00,0.0,,0.06760563739730463
ht2.vwap_reversion,1w,UAMY,2025-05-06 00:00:00+00:00,2025-05-13 00:00:00+00:00,0.0,,-0.2732394483490991
ht2.vwap_reversion,5w,UAMY,2025-05-06 00:00:00+00:00,2025-06-11 00:00:00+00:00,0.0,,-0.1464788698341325
ht2.vwap_reversion,1d,UAMY,2025-06-11 00:00:00+00:00,2025-06-12 00:00:00+00:00,0.0,,-0.003300326916726104
ht2.vwap_reversion,1w,UAMY,2025-06-11 00:00:00+00:00,2025-06-18 00:00:00+00:00,0.0,,-0.042904249917438575
ht2.vwap_reversion,5w,UAMY,2025-06-11 00:00:00+00:00,2025-07-18 00:00:00+00:00,0.0,,0.2772276970629899
ht2.vwap_reversion,1d,UAMY,2025-07-18 00:00:00+00:00,2025-07-21 00:00:00+00:00,0.0,,-0.08785527757714473
ht2.vwap_reversion,1w,UAMY,2025-07-18 00:00:00+00:00,2025-07-25 00:00:00+00:00,0.0,,-0.13436692410945417
ht2.vwap_reversion,5w,UAMY,2025-07-18 00:00:00+00:00,2025-08-22 00:00:00+00:00,0.0,,0.21963822474629668
ht2.vwap_reversion,1d,UAMY,2025-08-22 00:00:00+00:00,2025-08-25 00:00:00+00:00,0.0,,0.021186522439583966
ht2.vwap_reversion,1w,UAMY,2025-08-22 00:00:00+00:00,2025-08-29 00:00:00+00:00,0.0,,-0.036016865892675054
ht2.vwap_reversion,5w,UAMY,2025-08-22 00:00:00+00:00,2025-09-29 00:00:00+00:00,0.0,,0.35381359121334555
ht2.vwap_reversion,1d,UAMY,2025-09-29 00:00:00+00:00,2025-09-30 00:00:00+00:00,0.0,,-0.029733968887382223
ht2.vwap_reversion,1w,UAMY,2025-09-29 00:00:00+00:00,2025-10-06 00:00:00+00:00,0.0,,0.2660407389080697
ht2.vwap_reversion,5w,UAMY,2025-09-29 00:00:00+00:00,2025-11-03 00:00:00+00:00,0.0,,0.1017214567994853
ht2.vwap_reversion,1d,UAMY,2025-11-03 00:00:00+00:00,2025-11-04 00:00:00+00:00,0.0,,-0.00994320625577838
ht2.vwap_reversion,1w,UAMY,2025-11-03 00:00:00+00:00,2025-11-10 00:00:00+00:00,0.0,,0.08948865310435217
ht2.vwap_reversion,5w,UAMY,2025-11-03 00:00:00+00:00,2025-12-09 00:00:00+00:00,0.0,,-0.08522725964257538
ht2.vwap_reversion,1d,UAMY,2025-12-09 00:00:00+00:00,2025-12-10 00:00:00+00:00,0.0,,-0.08074533793574978
ht2.vwap_reversion,1w,UAMY,2025-12-09 00:00:00+00:00,2025-12-16 00:00:00+00:00,0.0,,-0.2267080784432659
ht2.vwap_reversion,5w,UAMY,2025-12-09 00:00:00+00:00,2026-01-15 00:00:00+00:00,0.0,,0.28726706338431907
ht2.vwap_reversion,1d,UAMY,2026-01-15 00:00:00+00:00,2026-01-16 00:00:00+00:00,0.0,,0.0
ht2.vwap_reversion,1w,UAMY,2026-01-15 00:00:00+00:00,2026-01-23 00:00:00+00:00,0.0,,0.3088058421467683
ht2.vwap_reversion,5w,UAMY,2026-01-15 00:00:00+00:00,2026-02-23 00:00:00+00:00,0.0,,-0.06634501728175213
ht2.vwap_reversion,1d,UAMY,2026-02-23 00:00:00+00:00,2026-02-24 00:00:00+00:00,0.0,,0.08139536602982411
ht2.vwap_reversion,1w,UAMY,2026-02-23 00:00:00+00:00,2026-03-02 00:00:00+00:00,0.0,,0.37596898365175435
ht2.vwap_reversion,5w,UAMY,2026-02-23 00:00:00+00:00,2026-03-30 00:00:00+00:00,0.0,,0.016795880915399186
ht2.vwap_reversion,1d,UAMY,2026-03-30 00:00:00+00:00,2026-03-31 00:00:00+00:00,0.0,,0.10927568858740222
ht2.vwap_reversion,1w,UAMY,2026-03-30 00:00:00+00:00,2026-04-07 00:00:00+00:00,0.0,,0.033036878356112576
ht2.vwap_reversion,5w,UAMY,2026-03-30 00:00:00+00:00,2026-05-05 00:00:00+00:00,0.0,,0.4167725261330395
ht2.vwap_reversion,1d,UAMY,2026-05-05 00:00:00+00:00,2026-05-06 00:00:00+00:00,0.0,,0.13094171193697512
ht2.vwap_reversion,1w,UAMY,2026-05-05 00:00:00+00:00,2026-05-12 00:00:00+00:00,0.0,,-0.05829593190748028
ht2.vwap_reversion,5w,UAMY,2026-05-05 00:00:00+00:00,2026-06-10 00:00:00+00:00,0.0,,-0.38475333020516733
ht2.vwap_reversion,1d,UAMY,2026-06-10 00:00:00+00:00,2026-06-11 00:00:00+00:00,0.0,,0.06851308761576758
ht2.vwap_reversion,1w,UAMY,2026-06-10 00:00:00+00:00,2026-06-17 00:00:00+00:00,0.0,,0.1166180318261687
ht2.vwap_reversion,5w,UAMY,2026-06-10 00:00:00+00:00,2026-07-17 00:00:00+00:00,0.0,,-0.20408164258303096
ht2.vwap_reversion,1d,UAMY,2026-07-17 00:00:00+00:00,2026-07-20 00:00:00+00:00,0.0,,-0.018315000720495744
ht2.vwap_reversion,1w,UAMY,2026-07-17 00:00:00+00:00,2026-07-24 00:00:00+00:00,0.0,,-0.053113545755843705
ht2.vwap_reversion,5w,UAMY,2026-07-17 00:00:00+00:00,2026-08-21 00:00:00+00:00,0.0,,0.005494456549742566
ht2.vwap_reversion,1d,VOO,2018-09-05 00:00:00+00:00,2018-09-06 00:00:00+00:00,0.0,,-0.002936552233991474
ht2.vwap_reversion,1w,VOO,2018-09-05 00:00:00+00:00,2018-09-12 00:00:00+00:00,0.0,,0.0004139670433738196
ht2.vwap_reversion,5w,VOO,2018-09-05 00:00:00+00:00,2018-10-10 00:00:00+00:00,0.0,,-0.03330215272639758
ht2.vwap_reversion,1d,VOO,2018-10-10 00:00:00+00:00,2018-10-11 00:00:00+00:00,1.0,0.0,-0.021048573901788603
ht2.vwap_reversion,1w,VOO,2018-10-10 00:00:00+00:00,2018-10-17 00:00:00+00:00,1.0,1.0,0.008098639555317089
ht2.vwap_reversion,5w,VOO,2018-10-10 00:00:00+00:00,2018-11-14 00:00:00+00:00,1.0,0.0,-0.028638545262906212
ht2.vwap_reversion,1d,VOO,2018-11-14 00:00:00+00:00,2018-11-15 00:00:00+00:00,0.0,,0.010351272869484784
ht2.vwap_reversion,1w,VOO,2018-11-14 00:00:00+00:00,2018-11-21 00:00:00+00:00,0.0,,-0.018930038981265995
ht2.vwap_reversion,5w,VOO,2018-11-14 00:00:00+00:00,2018-12-21 00:00:00+00:00,0.0,,-0.10440901251139179
ht2.vwap_reversion,1d,VOO,2018-12-21 00:00:00+00:00,2018-12-24 00:00:00+00:00,0.0,,-0.02753646541676924
ht2.vwap_reversion,1w,VOO,2018-12-21 00:00:00+00:00,2018-12-31 00:00:00+00:00,0.0,,0.03911194054201905
ht2.vwap_reversion,5w,VOO,2018-12-21 00:00:00+00:00,2019-01-30 00:00:00+00:00,0.0,,0.11213640283741633
ht2.vwap_reversion,1d,VOO,2019-01-30 00:00:00+00:00,2019-01-31 00:00:00+00:00,0.0,,0.008334422274189457
ht2.vwap_reversion,1w,VOO,2019-01-30 00:00:00+00:00,2019-02-06 00:00:00+00:00,0.0,,0.019637035976166617
ht2.vwap_reversion,5w,VOO,2019-01-30 00:00:00+00:00,2019-03-07 00:00:00+00:00,0.0,,0.028012437272650903
ht2.vwap_reversion,1d,VOO,2019-03-07 00:00:00+00:00,2019-03-08 00:00:00+00:00,1.0,0.0,-0.00201698218734625
ht2.vwap_reversion,1w,VOO,2019-03-07 00:00:00+00:00,2019-03-14 00:00:00+00:00,1.0,1.0,0.022701015202616803
ht2.vwap_reversion,5w,VOO,2019-03-07 00:00:00+00:00,2019-04-11 00:00:00+00:00,1.0,1.0,0.052718810907919966
ht2.vwap_reversion,1d,VOO,2019-04-11 00:00:00+00:00,2019-04-12 00:00:00+00:00,0.0,,0.006762773634256369
ht2.vwap_reversion,1w,VOO,2019-04-11 00:00:00+00:00,2019-04-18 00:00:00+00:00,0.0,,0.00623374268243615
ht2.vwap_reversion,5w,VOO,2019-04-11 00:00:00+00:00,2019-05-17 00:00:00+00:00,0.0,,-0.007858379669962168
ht2.vwap_reversion,1d,VOO,2019-05-17 00:00:00+00:00,2019-05-20 00:00:00+00:00,0.0,,-0.006816079381221529
ht2.vwap_reversion,1w,VOO,2019-05-17 00:00:00+00:00,2019-05-24 00:00:00+00:00,0.0,,-0.011119041455855294
ht2.vwap_reversion,5w,VOO,2019-05-17 00:00:00+00:00,2019-06-24 00:00:00+00:00,0.0,,0.03217735216433959
ht2.vwap_reversion,1d,VOO,2019-06-24 00:00:00+00:00,2019-06-25 00:00:00+00:00,0.0,,-0.009887373365781715
ht2.vwap_reversion,1w,VOO,2019-06-24 00:00:00+00:00,2019-07-01 00:00:00+00:00,0.0,,0.0066053540098478525
ht2.vwap_reversion,5w,VOO,2019-06-24 00:00:00+00:00,2019-07-30 00:00:00+00:00,0.0,,0.024294338483596745
ht2.vwap_reversion,1d,VOO,2019-07-30 00:00:00+00:00,2019-07-31 00:00:00+00:00,0.0,,-0.01133209208425301
ht2.vwap_reversion,1w,VOO,2019-07-30 00:00:00+00:00,2019-08-06 00:00:00+00:00,0.0,,-0.04333677074237541
ht2.vwap_reversion,5w,VOO,2019-07-30 00:00:00+00:00,2019-09-04 00:00:00+00:00,0.0,,-0.022591617326432778
ht2.vwap_reversion,1d,VOO,2019-09-04 00:00:00+00:00,2019-09-05 00:00:00+00:00,0.0,,0.013223622022218162
ht2.vwap_reversion,1w,VOO,2019-09-04 00:00:00+00:00,2019-09-11 00:00:00+00:00,0.0,,0.021743168173209204
ht2.vwap_reversion,5w,VOO,2019-09-04 00:00:00+00:00,2019-10-09 00:00:00+00:00,0.0,,-0.00443272674030748
ht2.vwap_reversion,1d,VOO,2019-10-09 00:00:00+00:00,2019-10-10 00:00:00+00:00,0.0,,0.006803711675257285
ht2.vwap_reversion,1w,VOO,2019-10-09 00:00:00+00:00,2019-10-16 00:00:00+00:00,0.0,,0.024597602580916034
ht2.vwap_reversion,5w,VOO,2019-10-09 00:00:00+00:00,2019-11-13 00:00:00+00:00,0.0,,0.06142028348735584
ht2.vwap_reversion,1d,VOO,2019-11-13 00:00:00+00:00,2019-11-14 00:00:00+00:00,0.0,,0.0013387320100084477
ht2.vwap_reversion,1w,VOO,2019-11-13 00:00:00+00:00,2019-11-20 00:00:00+00:00,0.0,,0.005388571691470778
ht2.vwap_reversion,5w,VOO,2019-11-13 00:00:00+00:00,2019-12-19 00:00:00+00:00,0.0,,0.038284335456449936
ht2.vwap_reversion,1d,VOO,2019-12-19 00:00:00+00:00,2019-12-20 00:00:00+00:00,0.0,,0.005087976759520885
ht2.vwap_reversion,1w,VOO,2019-12-19 00:00:00+00:00,2019-12-27 00:00:00+00:00,0.0,,0.011220181258241757
ht2.vwap_reversion,5w,VOO,2019-12-19 00:00:00+00:00,2020-01-28 00:00:00+00:00,0.0,,0.02410448597717796
ht2.vwap_reversion,1d,VOO,2020-01-28 00:00:00+00:00,2020-01-29 00:00:00+00:00,0.0,,-0.0009985187129740725
ht2.vwap_reversion,1w,VOO,2020-01-28 00:00:00+00:00,2020-02-04 00:00:00+00:00,0.0,,0.006590044619732671
ht2.vwap_reversion,5w,VOO,2020-01-28 00:00:00+00:00,2020-03-04 00:00:00+00:00,0.0,,-0.04316840910846731
ht2.vwap_reversion,1d,VOO,2020-03-04 00:00:00+00:00,2020-03-05 00:00:00+00:00,0.0,,-0.03349816665770833
ht2.vwap_reversion,1w,VOO,2020-03-04 00:00:00+00:00,2020-03-11 00:00:00+00:00,0.0,,-0.12374084789451911
ht2.vwap_reversion,5w,VOO,2020-03-04 00:00:00+00:00,2020-04-08 00:00:00+00:00,0.0,,-0.11954694594853565
ht2.vwap_reversion,1d,VOO,2020-04-08 00:00:00+00:00,2020-04-09 00:00:00+00:00,0.0,,0.014845308396152834
ht2.vwap_reversion,1w,VOO,2020-04-08 00:00:00+00:00,2020-04-16 00:00:00+00:00,0.0,,0.018259158660129504
ht2.vwap_reversion,5w,VOO,2020-04-08 00:00:00+00:00,2020-05-14 00:00:00+00:00,0.0,,0.03941584653725516
ht2.vwap_reversion,1d,VOO,2020-05-14 00:00:00+00:00,2020-05-15 00:00:00+00:00,0.0,,0.004506169241591529
ht2.vwap_reversion,1w,VOO,2020-05-14 00:00:00+00:00,2020-05-21 00:00:00+00:00,0.0,,0.034674744084890685
ht2.vwap_reversion,5w,VOO,2020-05-14 00:00:00+00:00,2020-06-19 00:00:00+00:00,0.0,,0.08825331023249938
ht2.vwap_reversion,1d,VOO,2020-06-19 00:00:00+00:00,2020-06-22 00:00:00+00:00,0.0,,0.006632099233578215
ht2.vwap_reversion,1w,VOO,2020-06-19 00:00:00+00:00,2020-06-26 00:00:00+00:00,0.0,,-0.02758210371544001
ht2.vwap_reversion,5w,VOO,2020-06-19 00:00:00+00:00,2020-07-27 00:00:00+00:00,0.0,,0.047526505166342714
ht2.vwap_reversion,1d,VOO,2020-07-27 00:00:00+00:00,2020-07-28 00:00:00+00:00,0.0,,-0.006195787697668931
ht2.vwap_reversion,1w,VOO,2020-07-27 00:00:00+00:00,2020-08-03 00:00:00+00:00,0.0,,0.016904068445544818
ht2.vwap_reversion,5w,VOO,2020-07-27 00:00:00+00:00,2020-08-31 00:00:00+00:00,0.0,,0.08098474024912172
ht2.vwap_reversion,1d,VOO,2020-08-31 00:00:00+00:00,2020-09-01 00:00:00+00:00,0.0,,0.00934519014997015
ht2.vwap_reversion,1w,VOO,2020-08-31 00:00:00+00:00,2020-09-08 00:00:00+00:00,0.0,,-0.04625897099503473
ht2.vwap_reversion,5w,VOO,2020-08-31 00:00:00+00:00,2020-10-06 00:00:00+00:00,0.0,,-0.037343874690692
ht2.vwap_reversion,1d,VOO,2020-10-06 00:00:00+00:00,2020-10-07 00:00:00+00:00,0.0,,0.017158503069972797
ht2.vwap_reversion,1w,VOO,2020-10-06 00:00:00+00:00,2020-10-13 00:00:00+00:00,0.0,,0.04526818643752928
ht2.vwap_reversion,5w,VOO,2020-10-06 00:00:00+00:00,2020-11-10 00:00:00+00:00,0.0,,0.0572596249990045
ht2.vwap_reversion,1d,VOO,2020-11-10 00:00:00+00:00,2020-11-11 00:00:00+00:00,0.0,,0.007039019505222344
ht2.vwap_reversion,1w,VOO,2020-11-10 00:00:00+00:00,2020-11-17 00:00:00+00:00,0.0,,0.018442304401351972
ht2.vwap_reversion,5w,VOO,2020-11-10 00:00:00+00:00,2020-12-16 00:00:00+00:00,0.0,,0.04555226179809968
ht2.vwap_reversion,1d,VOO,2020-12-16 00:00:00+00:00,2020-12-17 00:00:00+00:00,0.0,,0.005438338092796036
ht2.vwap_reversion,1w,VOO,2020-12-16 00:00:00+00:00,2020-12-23 00:00:00+00:00,0.0,,-0.0028475961589485843
ht2.vwap_reversion,5w,VOO,2020-12-16 00:00:00+00:00,2021-01-25 00:00:00+00:00,0.0,,0.04296475985347037
ht2.vwap_reversion,1d,VOO,2021-01-25 00:00:00+00:00,2021-01-26 00:00:00+00:00,0.0,,-0.0015000443907834393
ht2.vwap_reversion,1w,VOO,2021-01-25 00:00:00+00:00,2021-02-01 00:00:00+00:00,0.0,,-0.02139635760318892
ht2.vwap_reversion,5w,VOO,2021-01-25 00:00:00+00:00,2021-03-02 00:00:00+00:00,0.0,,0.00571693542462004
ht2.vwap_reversion,1d,VOO,2021-03-02 00:00:00+00:00,2021-03-03 00:00:00+00:00,0.0,,-0.013198370247029523
ht2.vwap_reversion,1w,VOO,2021-03-02 00:00:00+00:00,2021-03-09 00:00:00+00:00,0.0,,0.0014633914051720431
ht2.vwap_reversion,5w,VOO,2021-03-02 00:00:00+00:00,2021-04-07 00:00:00+00:00,0.0,,0.05543250526017962
ht2.vwap_reversion,1d,VOO,2021-04-07 00:00:00+00:00,2021-04-08 00:00:00+00:00,0.0,,0.0048697059680524735
ht2.vwap_reversion,1w,VOO,2021-04-07 00:00:00+00:00,2021-04-14 00:00:00+00:00,0.0,,0.01204071277881602
ht2.vwap_reversion,5w,VOO,2021-04-07 00:00:00+00:00,2021-05-12 00:00:00+00:00,0.0,,-0.0026759680287519183
ht2.vwap_reversion,1d,VOO,2021-05-12 00:00:00+00:00,2021-05-13 00:00:00+00:00,1.0,1.0,0.011885448115089847
ht2.vwap_reversion,1w,VOO,2021-05-12 00:00:00+00:00,2021-05-19 00:00:00+00:00,1.0,1.0,0.01341459381736576
ht2.vwap_reversion,5w,VOO,2021-05-12 00:00:00+00:00,2021-06-17 00:00:00+00:00,1.0,1.0,0.04088780400479197
ht2.vwap_reversion,1d,VOO,2021-06-17 00:00:00+00:00,2021-06-18 00:00:00+00:00,0.0,,-0.013274486608385372
ht2.vwap_reversion,1w,VOO,2021-06-17 00:00:00+00:00,2021-06-24 00:00:00+00:00,0.0,,0.010516109917896754
ht2.vwap_reversion,5w,VOO,2021-06-17 00:00:00+00:00,2021-07-23 00:00:00+00:00,0.0,,0.0458323629141939
ht2.vwap_reversion,1d,VOO,2021-07-23 00:00:00+00:00,2021-07-26 00:00:00+00:00,-1.0,0.0,0.0025470879539233326
ht2.vwap_reversion,1w,VOO,2021-07-23 00:00:00+00:00,2021-07-30 00:00:00+00:00,-1.0,1.0,-0.00304164847674937
ht2.vwap_reversion,5w,VOO,2021-07-23 00:00:00+00:00,2021-08-27 00:00:00+00:00,-1.0,0.0,0.02344305988200368
ht2.vwap_reversion,1d,VOO,2021-08-27 00:00:00+00:00,2021-08-30 00:00:00+00:00,0.0,,0.0045909026830739386
ht2.vwap_reversion,1w,VOO,2021-08-27 00:00:00+00:00,2021-09-03 00:00:00+00:00,0.0,,0.006548210295954204
ht2.vwap_reversion,5w,VOO,2021-08-27 00:00:00+00:00,2021-10-04 00:00:00+00:00,0.0,,-0.04435563950047483
ht2.vwap_reversion,1d,VOO,2021-10-04 00:00:00+00:00,2021-10-05 00:00:00+00:00,0.0,,0.009715565893881672
ht2.vwap_reversion,1w,VOO,2021-10-04 00:00:00+00:00,2021-10-11 00:00:00+00:00,0.0,,0.013571262088445168
ht2.vwap_reversion,5w,VOO,2021-10-04 00:00:00+00:00,2021-11-08 00:00:00+00:00,0.0,,0.09390907511165514
ht2.vwap_reversion,1d,VOO,2021-11-08 00:00:00+00:00,2021-11-09 00:00:00+00:00,0.0,,-0.003501525959637153
ht2.vwap_reversion,1w,VOO,2021-11-08 00:00:00+00:00,2021-11-15 00:00:00+00:00,0.0,,-0.0033855277377717874
ht2.vwap_reversion,5w,VOO,2021-11-08 00:00:00+00:00,2021-12-14 00:00:00+00:00,0.0,,-0.011919271597797487
ht2.vwap_reversion,1d,VOO,2021-12-14 00:00:00+00:00,2021-12-15 00:00:00+00:00,0.0,,0.015630574849345047
ht2.vwap_reversion,1w,VOO,2021-12-14 00:00:00+00:00,2021-12-21 00:00:00+00:00,0.0,,0.0027229020175207896
ht2.vwap_reversion,5w,VOO,2021-12-14 00:00:00+00:00,2022-01-20 00:00:00+00:00,0.0,,-0.03244501014584267
ht2.vwap_reversion,1d,VOO,2022-01-20 00:00:00+00:00,2022-01-21 00:00:00+00:00,1.0,0.0,-0.019646557898314154
ht2.vwap_reversion,1w,VOO,2022-01-20 00:00:00+00:00,2022-01-27 00:00:00+00:00,1.0,0.0,-0.03461873933920223
ht2.vwap_reversion,5w,VOO,2022-01-20 00:00:00+00:00,2022-02-25 00:00:00+00:00,1.0,0.0,-0.020425567841303782
ht2.vwap_reversion,1d,VOO,2022-02-25 00:00:00+00:00,2022-02-28 00:00:00+00:00,0.0,,-0.0025101904986132295
ht2.vwap_reversion,1w,VOO,2022-02-25 00:00:00+00:00,2022-03-04 00:00:00+00:00,0.0,,-0.012500986385933666
ht2.vwap_reversion,5w,VOO,2022-02-25 00:00:00+00:00,2022-04-01 00:00:00+00:00,0.0,,0.03815421642795047
ht2.vwap_reversion,1d,VOO,2022-04-01 00:00:00+00:00,2022-04-04 00:00:00+00:00,0.0,,0.008479014103264015
ht2.vwap_reversion,1w,VOO,2022-04-01 00:00:00+00:00,2022-04-08 00:00:00+00:00,0.0,,-0.011505425500514366
ht2.vwap_reversion,5w,VOO,2022-04-01 00:00:00+00:00,2022-05-09 00:00:00+00:00,0.0,,-0.12110871327672501
ht2.vwap_reversion,1d,VOO,2022-05-09 00:00:00+00:00,2022-05-10 00:00:00+00:00,1.0,1.0,0.0025690241367934963
ht2.vwap_reversion,1w,VOO,2022-05-09 00:00:00+00:00,2022-05-16 00:00:00+00:00,1.0,1.0,0.005301979518518962
ht2.vwap_reversion,5w,VOO,2022-05-09 00:00:00+00:00,2022-06-14 00:00:00+00:00,1.0,0.0,-0.06094564934894042
ht2.vwap_reversion,1d,VOO,2022-06-14 00:00:00+00:00,2022-06-15 00:00:00+00:00,0.0,,0.014319032324239922
ht2.vwap_reversion,1w,VOO,2022-06-14 00:00:00+00:00,2022-06-22 00:00:00+00:00,0.0,,0.005529546114653838
ht2.vwap_reversion,5w,VOO,2022-06-14 00:00:00+00:00,2022-07-21 00:00:00+00:00,0.0,,0.07128112333608305
ht2.vwap_reversion,1d,VOO,2022-07-21 00:00:00+00:00,2022-07-22 00:00:00+00:00,0.0,,-0.009111031424672844
ht2.vwap_reversion,1w,VOO,2022-07-21 00:00:00+00:00,2022-07-28 00:00:00+00:00,0.0,,0.0183584165042181
ht2.vwap_reversion,5w,VOO,2022-07-21 00:00:00+00:00,2022-08-25 00:00:00+00:00,0.0,,0.052211030006524606
ht2.vwap_reversion,1d,VOO,2022-08-25 00:00:00+00:00,2022-08-26 00:00:00+00:00,0.0,,-0.034272861228769935
ht2.vwap_reversion,1w,VOO,2022-08-25 00:00:00+00:00,2022-09-01 00:00:00+00:00,0.0,,-0.05563491549254995
ht2.vwap_reversion,5w,VOO,2022-08-25 00:00:00+00:00,2022-09-30 00:00:00+00:00,0.0,,-0.14514246029533628
ht2.vwap_reversion,1d,VOO,2022-09-30 00:00:00+00:00,2022-10-03 00:00:00+00:00,0.0,,0.026439212657088484
ht2.vwap_reversion,1w,VOO,2022-09-30 00:00:00+00:00,2022-10-07 00:00:00+00:00,0.0,,0.015321348985346539
ht2.vwap_reversion,5w,VOO,2022-09-30 00:00:00+00:00,2022-11-04 00:00:00+00:00,0.0,,0.05336580438012484
ht2.vwap_reversion,1d,VOO,2022-11-04 00:00:00+00:00,2022-11-07 00:00:00+00:00,0.0,,0.009600507515160617
ht2.vwap_reversion,1w,VOO,2022-11-04 00:00:00+00:00,2022-11-11 00:00:00+00:00,0.0,,0.058816797643669094
ht2.vwap_reversion,5w,VOO,2022-11-04 00:00:00+00:00,2022-12-12 00:00:00+00:00,0.0,,0.06032050839275116
ht2.vwap_reversion,1d,VOO,2022-12-12 00:00:00+00:00,2022-12-13 00:00:00+00:00,0.0,,0.007390772266261836
ht2.vwap_reversion,1w,VOO,2022-12-12 00:00:00+00:00,2022-12-19 00:00:00+00:00,0.0,,-0.04328032942489346
ht2.vwap_reversion,5w,VOO,2022-12-12 00:00:00+00:00,2023-01-19 00:00:00+00:00,0.0,,-0.02135271753968715
ht2.vwap_reversion,1d,VOO,2023-01-19 00:00:00+00:00,2023-01-20 00:00:00+00:00,0.0,,0.018396109526274573
ht2.vwap_reversion,1w,VOO,2023-01-19 00:00:00+00:00,2023-01-26 00:00:00+00:00,0.0,,0.041076205286599166
ht2.vwap_reversion,5w,VOO,2023-01-19 00:00:00+00:00,2023-02-24 00:00:00+00:00,0.0,,0.01985184779046545
ht2.vwap_reversion,1d,VOO,2023-02-24 00:00:00+00:00,2023-02-27 00:00:00+00:00,0.0,,0.003459356210119724
ht2.vwap_reversion,1w,VOO,2023-02-24 00:00:00+00:00,2023-03-03 00:00:00+00:00,0.0,,0.01935605551168651
ht2.vwap_reversion,5w,VOO,2023-02-24 00:00:00+00:00,2023-03-31 00:00:00+00:00,0.0,,0.03675833902059811
ht2.vwap_reversion,1d,VOO,2023-03-31 00:00:00+00:00,2023-04-03 00:00:00+00:00,-1.0,0.0,0.003961934115930932
ht2.vwap_reversion,1w,VOO,2023-03-31 00:00:00+00:00,2023-04-10 00:00:00+00:00,-1.0,0.0,0.0007710515719963063
ht2.vwap_reversion,5w,VOO,2023-03-31 00:00:00+00:00,2023-05-08 00:00:00+00:00,-1.0,0.0,0.008269824667956449
ht2.vwap_reversion,1d,VOO,2023-05-08 00:00:00+00:00,2023-05-09 00:00:00+00:00,0.0,,-0.004325163775618868
ht2.vwap_reversion,1w,VOO,2023-05-08 00:00:00+00:00,2023-05-15 00:00:00+00:00,0.0,,0.000738256076956878
ht2.vwap_reversion,5w,VOO,2023-05-08 00:00:00+00:00,2023-06-13 00:00:00+00:00,0.0,,0.058310128898586555
ht2.vwap_reversion,1d,VOO,2023-06-13 00:00:00+00:00,2023-06-14 00:00:00+00:00,0.0,,0.0007722215587424586
ht2.vwap_reversion,1w,VOO,2023-06-13 00:00:00+00:00,2023-06-21 00:00:00+00:00,0.0,,-0.00029920111396830595
ht2.vwap_reversion,5w,VOO,2023-06-13 00:00:00+00:00,2023-07-20 00:00:00+00:00,0.0,,0.039530200255115
ht2.vwap_reversion,1d,VOO,2023-07-20 00:00:00+00:00,2023-07-21 00:00:00+00:00,0.0,,0.00012023196060373387
ht2.vwap_reversion,1w,VOO,2023-07-20 00:00:00+00:00,2023-07-27 00:00:00+00:00,0.0,,0.0007220028536376599
ht2.vwap_reversion,5w,VOO,2023-07-20 00:00:00+00:00,2023-08-24 00:00:00+00:00,0.0,,-0.033644477453490085
ht2.vwap_reversion,1d,VOO,2023-08-24 00:00:00+00:00,2023-08-25 00:00:00+00:00,0.0,,0.006624425169764692
ht2.vwap_reversion,1w,VOO,2023-08-24 00:00:00+00:00,2023-08-31 00:00:00+00:00,0.0,,0.030607049659435503
ht2.vwap_reversion,5w,VOO,2023-08-24 00:00:00+00:00,2023-09-29 00:00:00+00:00,0.0,,-0.018284298780427588
ht2.vwap_reversion,1d,VOO,2023-09-29 00:00:00+00:00,2023-10-02 00:00:00+00:00,0.0,,-7.641150324055879e-05
ht2.vwap_reversion,1w,VOO,2023-09-29 00:00:00+00:00,2023-10-06 00:00:00+00:00,0.0,,0.004736305432157417
ht2.vwap_reversion,5w,VOO,2023-09-29 00:00:00+00:00,2023-11-03 00:00:00+00:00,0.0,,0.017163118671493116
ht2.vwap_reversion,1d,VOO,2023-11-03 00:00:00+00:00,2023-11-06 00:00:00+00:00,0.0,,0.0019278455095503855
ht2.vwap_reversion,1w,VOO,2023-11-03 00:00:00+00:00,2023-11-10 00:00:00+00:00,0.0,,0.0135690908277728
ht2.vwap_reversion,5w,VOO,2023-11-03 00:00:00+00:00,2023-12-11 00:00:00+00:00,0.0,,0.06288818234818949
ht2.vwap_reversion,1d,VOO,2023-12-11 00:00:00+00:00,2023-12-12 00:00:00+00:00,-1.0,0.0,0.004969909599956912
ht2.vwap_reversion,1w,VOO,2023-12-11 00:00:00+00:00,2023-12-18 00:00:00+00:00,-1.0,0.0,0.025862044568318865
ht2.vwap_reversion,5w,VOO,2023-12-11 00:00:00+00:00,2024-01-18 00:00:00+00:00,-1.0,0.0,0.035748315770235406
ht2.vwap_reversion,1d,VOO,2024-01-18 00:00:00+00:00,2024-01-19 00:00:00+00:00,0.0,,0.012239554084407578
ht2.vwap_reversion,1w,VOO,2024-01-18 00:00:00+00:00,2024-01-25 00:00:00+00:00,0.0,,0.024136336227420285
ht2.vwap_reversion,5w,VOO,2024-01-18 00:00:00+00:00,2024-02-23 00:00:00+00:00,0.0,,0.0658781497879588
ht2.vwap_reversion,1d,VOO,2024-02-23 00:00:00+00:00,2024-02-26 00:00:00+00:00,0.0,,-0.0036635351961059603
ht2.vwap_reversion,1w,VOO,2024-02-23 00:00:00+00:00,2024-03-01 00:00:00+00:00,0.0,,0.009961758402448728
ht2.vwap_reversion,5w,VOO,2024-02-23 00:00:00+00:00,2024-04-01 00:00:00+00:00,0.0,,0.03177903943275573
ht2.vwap_reversion,1d,VOO,2024-04-01 00:00:00+00:00,2024-04-02 00:00:00+00:00,0.0,,-0.006540734357407874
ht2.vwap_reversion,1w,VOO,2024-04-01 00:00:00+00:00,2024-04-08 00:00:00+00:00,0.0,,-0.00706138039525428
ht2.vwap_reversion,5w,VOO,2024-04-01 00:00:00+00:00,2024-05-06 00:00:00+00:00,0.0,,-0.011144231309899166
ht2.vwap_reversion,1d,VOO,2024-05-06 00:00:00+00:00,2024-05-07 00:00:00+00:00,-1.0,0.0,0.0014324238636367337
ht2.vwap_reversion,1w,VOO,2024-05-06 00:00:00+00:00,2024-05-13 00:00:00+00:00,-1.0,0.0,0.008531332453716844
ht2.vwap_reversion,5w,VOO,2024-05-06 00:00:00+00:00,2024-06-11 00:00:00+00:00,-1.0,0.0,0.03962347299972935
ht2.vwap_reversion,1d,VOO,2024-06-11 00:00:00+00:00,2024-06-12 00:00:00+00:00,0.0,,0.008327714807106812
ht2.vwap_reversion,1w,VOO,2024-06-11 00:00:00+00:00,2024-06-18 00:00:00+00:00,0.0,,0.021781776971358635
ht2.vwap_reversion,5w,VOO,2024-06-11 00:00:00+00:00,2024-07-18 00:00:00+00:00,0.0,,0.03285484753468437
ht2.vwap_reversion,1d,VOO,2024-07-18 00:00:00+00:00,2024-07-19 00:00:00+00:00,0.0,,-0.006674069436652386
ht2.vwap_reversion,1w,VOO,2024-07-18 00:00:00+00:00,2024-07-25 00:00:00+00:00,0.0,,-0.02590852498976748
ht2.vwap_reversion,5w,VOO,2024-07-18 00:00:00+00:00,2024-08-22 00:00:00+00:00,0.0,,0.006280223846660826
ht2.vwap_reversion,1d,VOO,2024-08-22 00:00:00+00:00,2024-08-23 00:00:00+00:00,0.0,,0.010819211060285161
ht2.vwap_reversion,1w,VOO,2024-08-22 00:00:00+00:00,2024-08-29 00:00:00+00:00,0.0,,0.004069549745784773
ht2.vwap_reversion,5w,VOO,2024-08-22 00:00:00+00:00,2024-09-27 00:00:00+00:00,0.0,,0.03108184094378008
ht2.vwap_reversion,1d,VOO,2024-09-27 00:00:00+00:00,2024-09-30 00:00:00+00:00,0.0,,0.004358866863163557
ht2.vwap_reversion,1w,VOO,2024-09-27 00:00:00+00:00,2024-10-04 00:00:00+00:00,0.0,,0.0024173592172531677
ht2.vwap_reversion,5w,VOO,2024-09-27 00:00:00+00:00,2024-11-01 00:00:00+00:00,0.0,,-0.0008373990610685
ht2.vwap_reversion,1d,VOO,2024-11-01 00:00:00+00:00,2024-11-04 00:00:00+00:00,0.0,,-0.0021716969945143605
ht2.vwap_reversion,1w,VOO,2024-11-01 00:00:00+00:00,2024-11-08 00:00:00+00:00,0.0,,0.04764357036442002
ht2.vwap_reversion,5w,VOO,2024-11-01 00:00:00+00:00,2024-12-09 00:00:00+00:00,0.0,,0.05899707537835419
ht2.vwap_reversion,1d,VOO,2024-12-09 00:00:00+00:00,2024-12-10 00:00:00+00:00,0.0,,-0.0028421210506200945
ht2.vwap_reversion,1w,VOO,2024-12-09 00:00:00+00:00,2024-12-16 00:00:00+00:00,0.0,,0.003381917644225352
ht2.vwap_reversion,5w,VOO,2024-12-09 00:00:00+00:00,2025-01-16 00:00:00+00:00,0.0,,-0.017858943701526186
ht2.vwap_reversion,1d,VOO,2025-01-16 00:00:00+00:00,2025-01-17 00:00:00+00:00,0.0,,0.00959148471331428
ht2.vwap_reversion,1w,VOO,2025-01-16 00:00:00+00:00,2025-01-24 00:00:00+00:00,0.0,,0.027138752837435165
ht2.vwap_reversion,5w,VOO,2025-01-16 00:00:00+00:00,2025-02-24 00:00:00+00:00,0.0,,0.00900360994171967
ht2.vwap_reversion,1d,VOO,2025-02-24 00:00:00+00:00,2025-02-25 00:00:00+00:00,0.0,,-0.004971533586632271
ht2.vwap_reversion,1w,VOO,2025-02-24 00:00:00+00:00,2025-03-03 00:00:00+00:00,0.0,,-0.02225321326066787
ht2.vwap_reversion,5w,VOO,2025-02-24 00:00:00+00:00,2025-03-31 00:00:00+00:00,0.0,,-0.060910483756400624
ht2.vwap_reversion,1d,VOO,2025-03-31 00:00:00+00:00,2025-04-01 00:00:00+00:00,0.0,,0.003677673328587261
ht2.vwap_reversion,1w,VOO,2025-03-31 00:00:00+00:00,2025-04-07 00:00:00+00:00,0.0,,-0.09797437465691317
ht2.vwap_reversion,5w,VOO,2025-03-31 00:00:00+00:00,2025-05-06 00:00:00+00:00,0.0,,-0.0006420559483684141
ht2.vwap_reversion,1d,VOO,2025-05-06 00:00:00+00:00,2025-05-07 00:00:00+00:00,0.0,,0.004517241319001553
ht2.vwap_reversion,1w,VOO,2025-05-06 00:00:00+00:00,2025-05-13 00:00:00+00:00,0.0,,0.050352386677111394
ht2.vwap_reversion,5w,VOO,2025-05-06 00:00:00+00:00,2025-06-11 00:00:00+00:00,0.0,,0.07648257299054917
ht2.vwap_reversion,1d,VOO,2025-06-11 00:00:00+00:00,2025-06-12 00:00:00+00:00,0.0,,0.0037804887340540105
ht2.vwap_reversion,1w,VOO,2025-06-11 00:00:00+00:00,2025-06-18 00:00:00+00:00,0.0,,-0.006547618247278453
ht2.vwap_reversion,5w,VOO,2025-06-11 00:00:00+00:00,2025-07-18 00:00:00+00:00,0.0,,0.04674091394155511
ht2.vwap_reversion,1d,VOO,2025-07-18 00:00:00+00:00,2025-07-21 00:00:00+00:00,0.0,,0.0017854994324508766
ht2.vwap_reversion,1w,VOO,2025-07-18 00:00:00+00:00,2025-07-25 00:00:00+00:00,0.0,,0.015010826463585092
ht2.vwap_reversion,5w,VOO,2025-07-18 00:00:00+00:00,2025-08-22 00:00:00+00:00,0.0,,0.028236260539049596
ht2.vwap_reversion,1d,VOO,2025-08-22 00:00:00+00:00,2025-08-25 00:00:00+00:00,0.0,,-0.004231235500153252
ht2.vwap_reversion,1w,VOO,2025-08-22 00:00:00+00:00,2025-08-29 00:00:00+00:00,0.0,,-0.0002192447092639327
ht2.vwap_reversion,5w,VOO,2025-08-22 00:00:00+00:00,2025-09-29 00:00:00+00:00,0.0,,0.031464218399378296
ht2.vwap_reversion,1d,VOO,2025-09-29 00:00:00+00:00,2025-09-30 00:00:00+00:00,0.0,,0.003687648119826248
ht2.vwap_reversion,1w,VOO,2025-09-29 00:00:00+00:00,2025-10-06 00:00:00+00:00,0.0,,0.011915492835494312
ht2.vwap_reversion,5w,VOO,2025-09-29 00:00:00+00:00,2025-11-03 00:00:00+00:00,0.0,,0.029731404335169076
ht2.vwap_reversion,1d,VOO,2025-11-03 00:00:00+00:00,2025-11-04 00:00:00+00:00,0.0,,-0.011587433611977005
ht2.vwap_reversion,1w,VOO,2025-11-03 00:00:00+00:00,2025-11-10 00:00:00+00:00,0.0,,-0.002865175047963686
ht2.vwap_reversion,5w,VOO,2025-11-03 00:00:00+00:00,2025-12-09 00:00:00+00:00,0.0,,-0.00027061946864492814
ht2.vwap_reversion,1d,VOO,2025-12-09 00:00:00+00:00,2025-12-10 00:00:00+00:00,0.0,,0.0064638794826190615
ht2.vwap_reversion,1w,VOO,2025-12-09 00:00:00+00:00,2025-12-16 00:00:00+00:00,0.0,,-0.00619328480080461
ht2.vwap_reversion,5w,VOO,2025-12-09 00:00:00+00:00,2026-01-15 00:00:00+00:00,0.0,,0.016433136593352105
ht2.vwap_reversion,1d,VOO,2026-01-15 00:00:00+00:00,2026-01-16 00:00:00+00:00,0.0,,-0.0008325157843777076
ht2.vwap_reversion,1w,VOO,2026-01-15 00:00:00+00:00,2026-01-23 00:00:00+00:00,0.0,,-0.004382499671324536
ht2.vwap_reversion,5w,VOO,2026-01-15 00:00:00+00:00,2026-02-23 00:00:00+00:00,0.0,,-0.014121419981980021
ht2.vwap_reversion,1d,VOO,2026-02-23 00:00:00+00:00,2026-02-24 00:00:00+00:00,0.0,,0.007297253323045982
ht2.vwap_reversion,1w,VOO,2026-02-23 00:00:00+00:00,2026-03-02 00:00:00+00:00,0.0,,0.005815495575810958
ht2.vwap_reversion,5w,VOO,2026-02-23 00:00:00+00:00,2026-03-30 00:00:00+00:00,0.0,,-0.07148529655064995
ht2.vwap_reversion,1d,VOO,2026-03-30 00:00:00+00:00,2026-03-31 00:00:00+00:00,0.0,,0.02860936196039754
ht2.vwap_reversion,1w,VOO,2026-03-30 00:00:00+00:00,2026-04-07 00:00:00+00:00,0.0,,0.04322383228384297
ht2.vwap_reversion,5w,VOO,2026-03-30 00:00:00+00:00,2026-05-05 00:00:00+00:00,0.0,,0.1452327213413247
ht2.vwap_reversion,1d,VOO,2026-05-05 00:00:00+00:00,2026-05-06 00:00:00+00:00,0.0,,0.014068752947129948
ht2.vwap_reversion,1w,VOO,2026-05-05 00:00:00+00:00,2026-05-12 00:00:00+00:00,0.0,,0.020096102312850084
ht2.vwap_reversion,5w,VOO,2026-05-05 00:00:00+00:00,2026-06-10 00:00:00+00:00,0.0,,0.0026303235229847566
ht2.vwap_reversion,1d,VOO,2026-06-10 00:00:00+00:00,2026-06-11 00:00:00+00:00,0.0,,0.016760340465034496
ht2.vwap_reversion,1w,VOO,2026-06-10 00:00:00+00:00,2026-06-17 00:00:00+00:00,0.0,,0.021527614446005705
ht2.vwap_reversion,5w,VOO,2026-06-10 00:00:00+00:00,2026-07-17 00:00:00+00:00,0.0,,0.02714859294757299
ht2.vwap_reversion,1d,VOO,2026-07-17 00:00:00+00:00,2026-07-20 00:00:00+00:00,0.0,,-0.0014051567860325909
ht2.vwap_reversion,1w,VOO,2026-07-17 00:00:00+00:00,2026-07-24 00:00:00+00:00,0.0,,-0.005898924663744642
ht2.vwap_reversion,5w,VOO,2026-07-17 00:00:00+00:00,2026-08-21 00:00:00+00:00,0.0,,0.030065780956891386
